id,zh-CN,en-US,ja-JP,ko-KR,zh-TW,src_table
MainSkill.100101.1,强音·主调,Fortissimo: Main Theme,フォルティシモ,포르테·멜로디,強音·主調,MainSkill.json
MainSkill.100201.1,强音·和声,Fortissimo: Harmony,フォルテ･コード,포르테·하모니,強音·和聲,MainSkill.json
MainSkill.100301.1,律动·主调,Cadence: Main Theme,ジョコーソ,리듬·멜로디,律動·主調,MainSkill.json
MainSkill.100401.1,律动·和声,Cadence: Harmony,ジョコーソ･コード,리듬·하모니,律動·和聲,MainSkill.json
MainSkill.100501.1,高潮·主调,Crescendo: Main Theme,クレッシェンド,클라이막스·멜로디,高潮·主調,MainSkill.json
MainSkill.100601.1,高潮·和声,Crescendo: Harmony,クレッシェンド･コード,클라이막스·하모니,高潮·和聲,MainSkill.json
MainSkill.100701.1,谐奏·主调,Harmonics: Main Theme,エネルジコ,화음·멜로디,協奏·主調,MainSkill.json
MainSkill.100801.1,谐奏·和声,Harmonics: Harmony,エネルジコ･コード,화음·하모니,協奏·和聲,MainSkill.json
MainSkill.200101.1,盛宴欢愉,Feasts and Revelry,グランドフェスタ,성찬의 환희,盛宴歡愉,MainSkill.json
MainSkill.200201.1,喧哗勇力,Cry of the Valor,ランブルフォース,소란의 용기,喧嘩勇力,MainSkill.json
MainSkill.200301.1,极乐忘我,In Ecstasy,ヘブンリーブリス,무아지경,極樂忘我,MainSkill.json
MainSkill.200501.1,情热如火,Passion Ablaze,ブレイジングハート,불 같은 열정,情熱如火,MainSkill.json
MainSkill.200601.1,光启吉兆,Radiant Omen,ブレッシングレイ,빛의 길조,光啟吉兆,MainSkill.json
MainSkill.200701.1,乘风而起,Rise with Zephyr,スカイライザー,바람을 타고 비상,乘風而起,MainSkill.json
MainSkill.200801.1,涌水泡沫,Bubbling Torrent,オーバーフロー,솟구치는 물거품,湧水泡沫,MainSkill.json
MainSkill.200901.1,黯灭余音,Echoes of Eclipse,ロストレクイエム,검은 소멸의 잔음,黯滅餘音,MainSkill.json
MainSkill.201001.1,坚韧意志,Will of Steel,巌の意志,강인한 의지,堅韌意志,MainSkill.json
MainSkill.300101.1,柠柚好奇,Zesty Curiosity,爽やかな香り,레몬과 유자의 호기심,檸柚好奇,MainSkill.json
MainSkill.300201.1,季节波形,Seasonal Waves,四季折々,일렁이는 계절,季節波形,MainSkill.json
MainSkill.300301.1,摇滚派对,Rock Party,ヒートソウル,로큰롤 파티,搖滾派對,MainSkill.json
MainSkill.300401.1,热情双月,Ardent Twin Moons,ルナティックパッション,뜨거운 트윈 문,熱情雙月,MainSkill.json
MainSkill.300501.1,嘭嘭光芒,Glimmer Bubbles,ポンポンスパーク,펑펑 광채,嘭嘭光芒,MainSkill.json
MainSkill.300601.1,安眠之光,Light Lullaby,スイートドリーム,숙면의 빛,安眠之光,MainSkill.json
MainSkill.300701.1,翠色梦彩,Emerald Dreamscape,夢のまにまに,취옥색 꿈결,翠色夢彩,MainSkill.json
MainSkill.300801.1,顺风旅程,Tailwind Journey,風とともに,순풍의 여정,順風旅程,MainSkill.json
MainSkill.300901.1,梦幻泡影,Dreamlike Illusion,スパークルレイン,몽환의 거품,夢幻泡影,MainSkill.json
MainSkill.301001.1,蒸汽清香,Aromatic Steam,ヴェイパーブレス,훈연의 향기,蒸汽清香,MainSkill.json
MainSkill.301101.1,暗夜节拍,Nocturne Beat,ダークナイトビート,어둠의 리듬,暗夜節拍,MainSkill.json
MainSkill.301201.1,星空畅想,Starry Reverie,スターリービジョン,별하늘의 상상,星空暢想,MainSkill.json
MainSkill.301301.1,树影斑驳,Dappled Shade,茜色の絨毯,숲그늘의 잔영,樹影斑駁,MainSkill.json
MainSkill.301401.1,千锤百炼,Forged to Perfection,鍛造の極み,천 번의 담금질,千錘百鍊,MainSkill.json
MainSkill.301501.1,花香依旧,Lingering Fragrance,ブルームメモリー,영원한 꽃향기,花香依舊,MainSkill.json
MainSkill.301601.1,盛怒绽放,Fury in Bloom,紅焔の花,분노의 만개,盛怒綻放,MainSkill.json
MainSkill.301701.1,转转光芒,Twirl of Light,ぐるぐるキラット,빙빙 광채,轉轉光芒,MainSkill.json
MainSkill.301801.1,劲爽开盖,Fizz and Pop,プルタブオープン,경쾌한 개봉,勁爽開蓋,MainSkill.json
MainSkill.301901.1,浮影落尘,Ephemeral Shadowfall,逆巻く影,그림자와 먼지,浮影落塵,MainSkill.json
MainSkill.302001.1,刻奇恐惧,Kitschphobia,迫りくる恐怖,기괴한 공포,刻奇恐懼,MainSkill.json
MainSkill.302101.1,魅镜闪烁,A Refraction of Mirage,すべてを見通す鏡,빛나는 매혹의 거울,魅鏡閃爍,MainSkill.json
MainSkill.302201.1,提灯祝祷,Benediction Under Lantern,虚実をあばく灯火,등불 기원,提燈祝禱,MainSkill.json
MainSkill.302301.1,天使祈愿,Angel's Prayer,儚き願い,천사의 기도,天使祈願,MainSkill.json
MainSkill.302401.1,假日呼唤,Call of Holiday,リラックスタイム,휴일의 부름,假日呼喚,MainSkill.json
MainSkill.302501.1,诱惑之蜜,Forbidden Nectar,エンチャントハニー,유혹의 꿀,誘惑之蜜,MainSkill.json
MainSkill.302601.1,营业技巧,Business Tips,営業スマイル,영업 기술,營業技巧,MainSkill.json
MainSkill.400101.1,猫神降歌,Meowing Cat God,在りし日の記憶,고양이 신 레퀴엠,貓神降歌,MainSkill.json
MainSkill.400201.1,空与花与诗,"Sky, Flowers, Poem",空と花の詩,"하늘, 꽃 그리고 시",空與花與詩,MainSkill.json
MainSkill.400301.1,你与我相似,Seed Alike,似たもの同士,날 닮은 너,你與我相似,MainSkill.json
MainSkill.400401.1,仙踪良梦,Wisteria Dream,ミルク色の夢,요정들의 꿈,仙蹤良夢,MainSkill.json
MainSkill.400501.1,晴之花,Sunlit Blossom,晴天の彩花,맑은 하늘의 꽃,晴之花,MainSkill.json
MainSkill.400601.1,魔女的秋千,Witch's Swing,魔女の秘薬,마녀의 그네,魔女的鞦韆,MainSkill.json
MainSkill.400701.1,午夜，堕天使,Midnight Mayhem,真夜中の堕天使,자정의 타락 천사,午夜，墮天使,MainSkill.json
MainSkill.400801.1,飞越青空,Soaring Blue,青空を越えて,푸른 하늘 너머로,飛越青空,MainSkill.json
MainSkill.400901.1,“空白”的序章,New Star Prelude,『空白』の序章,‘공백’의 프롤로그,「空白」的序章,MainSkill.json
MainSkill.401001.1,沐光祷告,Prayer Beneath Light,清浄なる祈り,깨끗한 기도,沐光禱告,MainSkill.json
MainSkill.401101.1,夏日午后的雨,Summer Afternoon Rain,昼下がりの雨,여름날 오후의 비,夏日午後的雨,MainSkill.json
MainSkill.401201.1,狼贪虎视,Those with Ambition,見据える先に,야심에 찬 시선,狼貪虎視,MainSkill.json
MainSkill.401301.1,远航蓝图,Voyage Blueprint,白紙の航海図,항해의 청사진,遠航藍圖,MainSkill.json
MainSkill.401401.1,甜言蜜果,Sweet Times,甘く咲く時間,달콤한 말의 열매,甜言蜜果,MainSkill.json
MainSkill.401501.1,鹿鸣,Deer's Song,鹿の声,사슴의 울음,鹿鳴,MainSkill.json
MainSkill.401601.1,春日纪事,Chronicles of Spring,桜花爛漫,봄날의 기록,春日紀事,MainSkill.json
MainSkill.401701.1,花火,Fireworks,ハナビ,불꽃,花火,MainSkill.json
MainSkill.401801.1,冰柠与红茶,Lemon & Black Tea,レモネードと紅茶,레모네이드와 홍차,冰檸與紅茶,MainSkill.json
MainSkill.401901.1,一发破的,"One Shot, One Down",一撃必中,원샷원킬,一發破的,MainSkill.json
MainSkill.402001.1,闪光之时,Sparkling Moment,かけがえのない時間,반짝이는 순간,閃光之時,MainSkill.json
MainSkill.402101.1,因缘而聚,United by Fate,一期一会,인연의 만남,因緣而聚,MainSkill.json
MainSkill.402201.1,午夜喵铃,The Meow,真夜中の鈴,한밤의 고양이 방울,午夜喵鈴,MainSkill.json
MainSkill.402301.1,涂鸦彩虹,Colors Pierce the Grey,虹を描こう,그래피티 무지개,塗鴉彩虹,MainSkill.json
MainSkill.402401.1,一二三，跳！,"One, Two, Three, Jump!",地底の彼方へ！,"하나, 둘, 셋, 점프!",一二三，跳！,MainSkill.json
MainSkill.402601.1,潋滟故池水,Sword Against Stream,古池の水音,반짝이는 옛 연못,瀲灩故池水,MainSkill.json
MainSkill.402801.1,白日花园,Daylight Garden,白日の花園,대낮의 화원,白日花園,MainSkill.json
MainSkill.402901.1,猫之珍藏,The Cat's Treasure,欲しかったもの,고양이의 보물,貓之祕寶,MainSkill.json
MainSkill.403001.1,午后间隙,A Moment in the Afternoon,穴あきおサボり,오후의 틈새,午後間隙,MainSkill.json
MainSkill.403101.1,刀与斧的铮鸣,The Clash of Blade and Axe,強者を求めて,검과 도끼의 울음,刀與斧的錚鳴,MainSkill.json
MainSkill.403201.1,真相☆梦工厂,Dream Factory of ☆Truth,真理の大釜,진실☆꿈 공장,真相☆夢工廠,MainSkill.json
MainSkill.403301.1,与骨共舞,Dancing with the Bones,メメント×モリ,해골과의 춤사위,與骨共舞,MainSkill.json
MainSkill.403601.1,迷途的朝圣者,The Lost Pilgrim,痛みは救済,길 잃은 순례자,迷途的朝聖者,MainSkill.json
MainSkill.403701.1,抓住传说,Claw the Claw,伝説のアラシ,전설을 잡아라,抓住傳說,MainSkill.json
MainSkill.403801.1,波光漫游,Ripples of Nostalgia,波にゆられて,파도빛 유랑,波光漫游,MainSkill.json
MainSkill.403901.1,夏日栖息地,Summer Sanctuary,夕涼み,여름 서식지,夏日棲息地,MainSkill.json
MainSkill.404001.1,勇气之拳,Fist of Courage,迷いを断つ拳,용기의 주먹,勇氣之拳,MainSkill.json
MainSkill.404101.1,启程的礼物,A Gift for the Journey,ジングルラール,여정의 선물,啟程的禮物,MainSkill.json
MainSkill.404201.1,酒暖灯明时,"Wine Warm, Lamps Alight",友と囲む新春の灯火,술 익는 밤의 등불,酒暖燈明時,MainSkill.json
MainSkill.404301.1,革新的萌芽,The Bud of Change,革命の萌芽,혁신의 씨앗,革新的萌芽,MainSkill.json
MainSkill.404401.1,罗帷春染岁朝新,Veiled Dawn of Spring,帳の内の秘め事,봄빛 드리운 새 아침,羅帷春染歲朝新,MainSkill.json
MainSkill.404501.1,繁花幻梦,Petals of Blooming Mirage,千変万花,꽃밭의 환영,繁花幻夢,MainSkill.json
MainSkill.404601.1,冬夜后的黎明,Dawn After Winter,雪解け告げる黎明,겨울밤 끝의 여명,冬夜後的黎明,MainSkill.json
MainSkill.404701.1,信笺乘风而去,Delivered by the Breeze,風に舞う想い,편지는 바람을 타고,信箋乘風而去,MainSkill.json
MainSkill.404801.1,雪夜惊喜,Snowy Night Surprise,メリーサプライズ,메리 서프라이즈,雪夜驚喜,MainSkill.json
MainSkill.404901.1,星光的印记,Traces of Starlight,星光の道標,Memory of Stella,星光的印記,MainSkill.json
MainSkill.405001.1,夜宴谜影,Phantom of the Banquet,夜宴に踊る影,연회장의 그림자,夜宴謎影,MainSkill.json
MainSkill.405101.1,星之所向,Stellar Destination,惹かれ合う星,별이 향하는 곳,星之所向,MainSkill.json
MainSkill.405201.1,奇迹一触,Touch of Miracle,奇跡の創造,기적의 손길,奇跡一觸,MainSkill.json
MainSkill.405301.1,欢聚时刻,Joyful Gathering,団らんのひととき,환희의 순간,歡聚時刻,MainSkill.json
MainSkill.405401.1,微小的乐园,Little Paradise,私と君の楽園,마이크로 원더랜드,箱庭小樂園,MainSkill.json
MainSkill.405501.1,浮光掠影,Fleeting Glimmers,揺らめく光の向こう側,수면 위의 빛과 그림자,浮光掠影,MainSkill.json
MainSkill.405601.1,斑驳夏影,Dappled Sunlight,友との夏休み,일렁이는 여름의 잔영,斑駁夏影,MainSkill.json
MainSkill.405701.1,伴我航行,Ride the Waves with Me,共に航る,함께하는 항해,伴我航行,MainSkill.json
MainSkill.405801.1,夏日进行曲,Summer March,サマーマーチ,여름 행진곡,夏日進行曲,MainSkill.json
MainSkill.405901.1,飞吧，笼中鸟,"Fly, O Caged Bird",飛びたて、籠の鳥,"날아라, 새장 속 새여",飛吧，籠中鳥,MainSkill.json
MainSkill.406001.1,荣誉时刻,Moment of Glory,栄光の瞬間,영광의 순간,榮耀時刻,MainSkill.json
MainSkill.900101.1,空技能,!NONEED!,【No Need】,비어있음,空技能,MainSkill.json
SecondarySkill.3001101.1,橙光流转,Flowing Amber,桃色に染まる世界,빛의 흐름,橙光流轉,SecondarySkill.json
SecondarySkill.3002101.1,甜梦微醺,Drowsy Delights,淡い夢に酔いしれて,나른하고 달콤한 꿈결,甜夢微醺,SecondarySkill.json
SecondarySkill.3003101.1,热浪余温,Lingering Heatwave,熱狂的ステージ,남은 온기,熱浪餘溫,SecondarySkill.json
SecondarySkill.3004101.1,双月共舞,Twin Moons' Waltz,予告状,두 달의 춤사위,雙月共舞,SecondarySkill.json
SecondarySkill.3005101.1,嘭嘭闪耀,Shining Burst,ポンポンシャイン,펑펑 반짝임,嘭嘭閃耀,SecondarySkill.json
SecondarySkill.3006101.1,静谧之光,Tranquil Light,ヒールグロウ,고요함의 빛,靜謐之光,SecondarySkill.json
SecondarySkill.3007101.1,微风入夜,Evening Breeze,頬を撫でる夜風,밤으로 스미는 바람,微風入夜,SecondarySkill.json
SecondarySkill.3008101.1,同旅之绊,Companion's Bond,旅は道連れ,동행의 인연,同旅之絆,SecondarySkill.json
SecondarySkill.3009101.1,细雨如丝,Silken Raindrops,花を濡らす雫,얇은 빗줄기,細雨如絲,SecondarySkill.json
SecondarySkill.3010101.1,仙风暖雾,Shroud of Mist,こっちにおいでよ,신선한 바람,仙風暖霧,SecondarySkill.json
SecondarySkill.3011101.1,随拍起舞,Dancing Shadows,リズミカルステップ,리듬의 몸짓,隨拍起舞,SecondarySkill.json
SecondarySkill.3012101.1,月下踢踏,Moonlit Taps,月下の迷い子,달 아래의 발길,月下踢踏,SecondarySkill.json
SecondarySkill.3013101.1,暖心依偎,Snuggle Up,そこにある温もり,따스한 의지,暖心依偎,SecondarySkill.json
SecondarySkill.3014101.1,引擎润滑,Engine Lubrication,メンテはバッチリ,엔진 윤활,引擎潤滑,SecondarySkill.json
SecondarySkill.3015101.1,拂面轻风,Caressing Breeze,そよ風の便り,뺨을 스치는 미풍,拂面輕風,SecondarySkill.json
SecondarySkill.3016101.1,蔷薇棘刺,Thorning Rose,深紅に染まる花びら,장미의 가시,薔薇棘刺,SecondarySkill.json
SecondarySkill.3017101.1,转转闪耀,Spinning Light,ぐるぐるピカピカ,빙빙 섬광,轉轉閃耀,SecondarySkill.json
SecondarySkill.3018101.1,透心凉意,Chilling Coolness,最初のひと口,마음 관통의 한기,透心涼意,SecondarySkill.json
SecondarySkill.3019101.1,浮梦轻散,Fleeting Dreams,朽ちゆく夢,떠도는 꿈,浮夢輕散,SecondarySkill.json
SecondarySkill.3020101.1,惊吓时刻,Startling Moment,どっきりタイム,놀람의 순간,驚嚇時刻,SecondarySkill.json
SecondarySkill.3021101.1,骤风,Squall,天つ風,질풍,驟風,SecondarySkill.json
SecondarySkill.3022101.1,举火,Surge of Flame,潰えぬ蛍火,횃불,舉火,SecondarySkill.json
SecondarySkill.3023101.1,圣光,Holy Glow,眩い聖光,성스러운 빛,聖光,SecondarySkill.json
SecondarySkill.3024101.1,甘露,Sweet Creek,水分補給,감로,甘露,SecondarySkill.json
SecondarySkill.3025101.1,魔境,Phantom Realm,這い寄る誘惑,마경,魔境,SecondarySkill.json
SecondarySkill.3026101.1,开播准备,Livestream Prep,配信準備,방송 준비,開播準備,SecondarySkill.json
SecondarySkill.4001101.1,猫神制裁,Cat God's Penalty,ネコ神の審判,고양이 신의 징계,貓神制裁,SecondarySkill.json
SecondarySkill.4001201.1,破灭的魔光,Destructive Aura,破滅への魔光,파멸의 마광,破滅的魔光,SecondarySkill.json
SecondarySkill.4002101.1,风花雪月,Snowpetal Storm,風花雪月,바람꽃 설월,風花雪月,SecondarySkill.json
SecondarySkill.4002201.1,怀心的芬芳,Fragrance of Heart,色褪せぬ香り,품속의 향기,心中的芬芳,SecondarySkill.json
SecondarySkill.4003101.1,命运爆发,Destiny Unleashed,フォトンバースト,운명의 폭발,命運爆發,SecondarySkill.json
SecondarySkill.4003201.1,自由意志,Free Will,ビッグバン,자유의지,自由意志,SecondarySkill.json
SecondarySkill.4004101.1,淑慧本色,Graceful Essence,淑女の本懐,지혜 본색,淑慧本色,SecondarySkill.json
SecondarySkill.4004201.1,优雅舞姿,Graceful Poise,秘密のお茶会,우아한 춤사위,優雅舞姿,SecondarySkill.json
SecondarySkill.4005101.1,笑颜与泪光,Tears of Joy,笑顔と涙,웃음과 눈물,笑顏與淚光,SecondarySkill.json
SecondarySkill.4005201.1,彷若昨日,Bygone Echoes,あの頃みたいに,어제처럼,彷若昨日,SecondarySkill.json
SecondarySkill.4006101.1,鬼魅香氛,Spectral Fragrance,小悪魔スマイル,오묘한 향기,鬼魅香氛,SecondarySkill.json
SecondarySkill.4006201.1,雁过留痕,Dark Trace,権謀術数,기러기의 흔적,雁過留痕,SecondarySkill.json
SecondarySkill.4007101.1,决胜击打,Decisive Strike,勝負を決める一振り,승부의 일격,決勝擊打,SecondarySkill.json
SecondarySkill.4007201.1,辉光所及处,Reach of Radiance,光さす場所,빛이 닿는 곳,輝光所及處,SecondarySkill.json
SecondarySkill.4008101.1,幸福气球,Balloon of Joy,サプライズバルーン,행운의 풍선,幸福氣球,SecondarySkill.json
SecondarySkill.4008201.1,启航笛音,Horn of Departure,絶叫コースター,출항의 기적,啟航笛音,SecondarySkill.json
SecondarySkill.4009101.1,星途启程,Starlit Winds,星を目指して,별의 여정,星途啟程,SecondarySkill.json
SecondarySkill.4009201.1,乘风的祈愿,Windswept Prayer,願いを風に乗せて,바람을 탄 기도,乘風的祈願,SecondarySkill.json
SecondarySkill.4010101.1,慈悲满溢,Light of Mercy,万物に捧ぐ慈愛,넘치는 자비,慈悲滿溢,SecondarySkill.json
SecondarySkill.4010201.1,圣光加护,Divine Protection,凛光の加護,성스러운 빛의 가호,聖光加護,SecondarySkill.json
SecondarySkill.4011101.1,绽放的冰花,Frosted Blossom,花開く氷蕾,만개한 얼음꽃,綻放的冰花,SecondarySkill.json
SecondarySkill.4011201.1,水舞蹈,Dancing Waters,水鏡の像花,물의 스텝,水舞蹈,SecondarySkill.json
SecondarySkill.4012101.1,逐利的暗涌,Dark Reckoning,欲望の坩堝,이익을 좇는 암류,逐利的暗湧,SecondarySkill.json
SecondarySkill.4012201.1,贪婪的追猎,Greedy Pursuit,覇道邁進,탐욕의 추격,貪婪的追獵,SecondarySkill.json
SecondarySkill.4013101.1,燎原的烈火,Raging Wildfire,沸き立つ探究心,들판을 태우는 열화,燎原的烈火,SecondarySkill.json
SecondarySkill.4013201.1,极致的冒险,Epic Adventure,あくなき好奇心,극한의 모험,極致的冒險,SecondarySkill.json
SecondarySkill.4014101.1,果语花香,Fruity & Fragrant,森の恵,과일 꽃향기,果語花香,SecondarySkill.json
SecondarySkill.4014201.1,营养多汁又健康,Juicy & Healthy,しあわせな時間,영양 가득 웰빙,營養多汁又健康,SecondarySkill.json
SecondarySkill.4015101.1,流淌于梦的清风,Dreamflow Breeze,夢見心地のそよ風,꿈을 스치는 산들바람,流淌於夢的清風,SecondarySkill.json
SecondarySkill.4015201.1,散落的芳香,Scattered Fragrance,香り立つ新緑,흩날린 향기,散落的芳香,SecondarySkill.json
SecondarySkill.4016101.1,暖风融雪,Vernal Zephyr,春一番,눈을 녹이는 봄바람,暖風融雪,SecondarySkill.json
SecondarySkill.4016201.1,细雨润物,Vitalizing Rain,花吹雪,만물을 적시는 가랑비,細語潤物,SecondarySkill.json
SecondarySkill.4017101.1,拥入怀抱的暖意,Warmth in the Arms,受け継がれる熱意,품 안의 온기,擁入懷抱的暖意,SecondarySkill.json
SecondarySkill.4017201.1,洋溢的焰火,Fervent Flames,猛る炎,이글거리는 불꽃,洋溢的焰火,SecondarySkill.json
SecondarySkill.4018101.1,潜移默化,Subtle Influence,秘めたる心,자연스러운 변화,潛移默化,SecondarySkill.json
SecondarySkill.4018201.1,绵远流长,Lasting Trends,どこふく風,끝없는 흐름,綿遠流長,SecondarySkill.json
SecondarySkill.4019101.1,破风铳弹,Windbreaking Shots,凶弾の射手,바람을 가르는 탄환,破風槍彈,SecondarySkill.json
SecondarySkill.4019201.1,热斗激奏,Battle Rhapsody,鉛玉の雨,결투의 폭주곡,熱鬥激奏,SecondarySkill.json
SecondarySkill.4020101.1,回忆的碎闪,Flashing Memories,ありふれた特別な時間,기억의 파편,回憶的碎閃,SecondarySkill.json
SecondarySkill.4020201.1,友情的闪光,Radiant Bonds,友情物語,우정의 섬광,友情的閃光,SecondarySkill.json
SecondarySkill.4021101.1,坚固的三角,Unbreakable Trio,ワンフォーオール,튼튼한 삼각형,堅固的三角,SecondarySkill.json
SecondarySkill.4021201.1,同心的瞬间,Moment of Unity,オールフォーワン,동심의 순간,同心的瞬間,SecondarySkill.json
SecondarySkill.4022101.1,战栗之刻,Moment of Terror,戦慄の訪問者,전율의 순간,戰慄之刻,SecondarySkill.json
SecondarySkill.4022201.1,平凡之勇,Humble Courage,静かな足音,평범한 용기,平凡之勇,SecondarySkill.json
SecondarySkill.4023101.1,街头精神,Street Spirit,アウトローのこだわり,스트릿 스피릿,街頭精神,SecondarySkill.json
SecondarySkill.4023201.1,干完这票就跑,Hit and Run,青空に描くアーチスト,끝나면 도망가자,做完這票就閃人,SecondarySkill.json
SecondarySkill.4024101.1,潇洒速降,Graceful Dive,軽やかな着地術,경쾌한 낙하,瀟灑速降,SecondarySkill.json
SecondarySkill.4024201.1,合作精神,Team Spirit,ファイト！協力！,팀워크 정신,合作精神,SecondarySkill.json
SecondarySkill.4026101.1,泷舞溅跃,Splashing Moves,火照りを冷ます飛沫,넘실대는 물보라,瀧舞濺躍,SecondarySkill.json
SecondarySkill.4026201.1,明镜才可止水,Water Mirror,山紫水明,"맑은 거울, 고요한 물결",明鏡才可止水,SecondarySkill.json
SecondarySkill.4027101.1,泼墨狂草,Wild Brushstrokes,墨乱狂走,거친 먹빛,潑墨狂草,SecondarySkill.json
SecondarySkill.4027201.1,龙腾虎跃,Power Unleashed,飛龍天舞,용호질주,龍騰虎躍,SecondarySkill.json
SecondarySkill.4028101.1,芬芳幻象,Fragrant Illusion,香しき面影,향기의 환영,芬芳幻象,SecondarySkill.json
SecondarySkill.4028201.1,花间疏影,Swaying Petals,花影の狭間で,꽃 사이 그림자,花間疏影,SecondarySkill.json
SecondarySkill.4029101.1,喵神诅咒,Meowth's Curse,ネコ神の呪い,야옹신의 저주,喵神詛咒,SecondarySkill.json
SecondarySkill.4029201.1,灭世烈焰,Doomfire,烈火滅世,종말의 불꽃,滅世烈焰,SecondarySkill.json
SecondarySkill.4030101.1,微光洒落,Falling Gleam,差し込む光,은은한 미광,微光灑落,SecondarySkill.json
SecondarySkill.4030201.1,惬意的红茶,Relaxing Tea,安らぎの紅茶,편안한 홍차,愜意的紅茶,SecondarySkill.json
SecondarySkill.4031101.1,刃击水涌,Surging Slash,ほとばしる水刃,물결 칼날,刃擊水湧,SecondarySkill.json
SecondarySkill.4031201.1,中意的劲敌,Preferred Enemy,好敵手,마음 속 숙적,中意的勁敵,SecondarySkill.json
SecondarySkill.4032101.1,神秘负片,Veiled Negative,お宝ショット★,미스터리 필름,神祕負片,SecondarySkill.json
SecondarySkill.4032201.1,新闻大生产,News Spree,そのネタいただき★,뉴스 대량 생산,新聞生產爆發,SecondarySkill.json
SecondarySkill.4033101.1,挖掘真理,Truth Digger,埋葬された真理,진리 발굴,挖掘真理,SecondarySkill.json
SecondarySkill.4033201.1,埋葬过去,Buried Past,過去の遺物,묻혀진 과거,埋葬過去,SecondarySkill.json
SecondarySkill.4036101.1,铁与爱的怀抱,Iron Love Embrace,鉄の香り漂う愛情,철과 사랑의 포옹,鐵與愛的懷抱,SecondarySkill.json
SecondarySkill.4036201.1,私情满溢的禁锢,Prison of Passion,堕落の鎖,감정에 휘둘린 속박,私情滿溢的禁錮,SecondarySkill.json
SecondarySkill.4037101.1,幸运的抓夹,Lucky Clip,幸運を掴め,행운의 집게,幸運的抓夾,SecondarySkill.json
SecondarySkill.4037201.1,突破最高记录,Record Breaker,自分との戦い,최고 기록 돌파,突破最高紀錄,SecondarySkill.json
SecondarySkill.4038101.1,粼粼共舞,Dance of Shimmers,ゆらめくプリズム,파문의 춤사위,粼粼共舞,SecondarySkill.json
SecondarySkill.4038201.1,临光微步,Gleaming Steps,照らす光のカーテン,빛의 발걸음,臨光微步,SecondarySkill.json
SecondarySkill.4039101.1,一望无际的晴空,Azure Horizon,メルヘンなサンセット,광활한 푸른 하늘,一望無際的晴空,SecondarySkill.json
SecondarySkill.4039201.1,漫无止境的阳光,Infinite Sunshine,昼と夜の交わる時間,끝없는 햇빛,漫無止境的陽光,SecondarySkill.json
SecondarySkill.4040101.1,名为团长的热情,Passion of the Captain,燃え上がる情熱,단장이라는 열정,名為團長的熱情,SecondarySkill.json
SecondarySkill.4040201.1,勇气之鼓舞,Inspiration of Courage,勇気を力に,용기의 격려,勇氣之鼓舞,SecondarySkill.json
SecondarySkill.4041101.1,礼炮齐鸣,Salutes Boomed,寒さをぶっ飛ばせ,예포 발사,禮炮齊鳴,SecondarySkill.json
SecondarySkill.4041201.1,圣夜舞乐,Holy Night Revelry,鈴の音を響かせて,이브의 파티타임,聖夜舞樂,SecondarySkill.json
SecondarySkill.4042101.1,温润绵长,Eternal Pulse,まろやかな余韻,부드럽고 따스한 여운,溫潤綿長,SecondarySkill.json
SecondarySkill.4042201.1,爽洌回甘,Bright Refrain,キレのある後味,청량하고 달콤한 끝맛,爽洌回甘,SecondarySkill.json
SecondarySkill.4043101.1,幕后统御,Shadow Mastermind,躍動する影,배후의 지배자,幕後統御,SecondarySkill.json
SecondarySkill.4043201.1,野心蔓延,Growing Ambition,夜を彩る星々,넘치는 야망,野心蔓延,SecondarySkill.json
SecondarySkill.4044101.1,此谓灵丹妙药,The Sovereign Elixir,妙薬の効能,신묘한 영약,此謂靈丹妙藥,SecondarySkill.json
SecondarySkill.4044201.1,春华亦需滋养,Blossom's Requiring,好奇心の誘惑,봄빛 아래 보살핌,春華亦需滋養,SecondarySkill.json
SecondarySkill.4045101.1,落瓣烟消,Fading Petals,花の嵐,지는 꽃과 사라지는 연기,落瓣煙消,SecondarySkill.json
SecondarySkill.4045201.1,浮月蜃景,Lunar Mirage,戦場の花,떠오르는 달의 신기루,浮月蜃景,SecondarySkill.json
SecondarySkill.4046101.1,踏雪无痕,Weightless Tread,ホワイトアウト,흔적 없는 발걸음,踏雪無痕,SecondarySkill.json
SecondarySkill.4046201.1,夜雪无声,Silent Descent,アイスバーン,고요한 눈 오는 밤,夜雪無聲,SecondarySkill.json
SecondarySkill.4047101.1,词句融为思念,Words into Longing,言の葉、想いに溶けて,그리움의 시,詞句融為思念,SecondarySkill.json
SecondarySkill.4047201.1,字字皆是长情,Words of Endless Devotion,文字に秘めた想い,글에 맺힌 진심,字字皆是長情,SecondarySkill.json
SecondarySkill.4048101.1,薯条国度,Kingdom of Fries,ポテトキングダム,감튀 나라,薯條國度,SecondarySkill.json
SecondarySkill.4048201.1,香脆欢愉,Crispy Crunch,聖なる夜に,해피 크리스피,香脆歡愉,SecondarySkill.json
SecondarySkill.4049101.1,踏上星途,Starlight Journey,星の旅路,별의 여정,踏上星途,SecondarySkill.json
SecondarySkill.4049201.1,记忆共鸣,Memory Resonance,記憶の共鳴,기억 공명,記憶共鳴,SecondarySkill.json
SecondarySkill.4050101.1,黯影同律,Umbral Harmony,宴の秘め事,그림자의 공명,黯影同律,SecondarySkill.json
SecondarySkill.4050201.1,幕后祝酒,A Toast Behind the Scenes,黒幕の祝杯,무대 뒤 축배,幕後祝酒,SecondarySkill.json
SecondarySkill.4051101.1,开始「对话」,Start Conversation,星空のロマン,「대화」 시작,開始「對話」,SecondarySkill.json
SecondarySkill.4051201.1,彼此理解,Mutual Understanding,一条の光,서로의 이해,彼此理解,SecondarySkill.json
SecondarySkill.4052101.1,幻想星穹,Sky of Fantasy,星空のおとぎ話,환상의 별하늘,幻想星穹,SecondarySkill.json
SecondarySkill.4052201.1,建造蓝图,Construction Blueprint,天才の設計図,제작 설계도,建造藍圖,SecondarySkill.json
SecondarySkill.4053101.1,喵神凯旋,Meowth's Triumph,ネコ神の凱旋,야옹신의 승리,喵神凱旋,SecondarySkill.json
SecondarySkill.4053201.1,黑暗庆典,Dark Ceremony,漆黒の式典,암흑의 축제,黑暗慶典,SecondarySkill.json
SecondarySkill.4054101.1,发条华尔兹,Clockwork Waltz,ネジ巻きワルツ,태엽 인형의 왈츠,發條華爾滋,SecondarySkill.json
SecondarySkill.4054201.1,交响乐盒,Symphony Box,友情のメモリア,교향곡 오르골,交響樂盒,SecondarySkill.json
SecondarySkill.4055101.1,碧海回音,Azure Echo,蒼海のプリズム,푸른 바다의 메아리,碧海回音,SecondarySkill.json
SecondarySkill.4055201.1,白沙映日,Sun-Kissed Sands,陽光照らす白浜,하얀 모래에 비친 햇빛,白沙映日,SecondarySkill.json
SecondarySkill.4056101.1,夏日私语,Summer Time Whispers,流水のささやき,여름의 귓속말,夏日私語,SecondarySkill.json
SecondarySkill.4056201.1,夏屿轻歌,Summer Isle Song,島のハミング,가벼운 여름의 노래,夏嶼輕歌,SecondarySkill.json
SecondarySkill.4057101.1,踏浪而行,Wave Riding,ライドウェーブ,파도를 따라,踏浪而行,SecondarySkill.json
SecondarySkill.4057201.1,独自远航,Solo Voyage,ヴォヤージュ,홀로 나선 먼 바다,獨自遠航,SecondarySkill.json
SecondarySkill.4058101.1,欢腾激浪,Joyful Wave,ライジングサージ,환희의 격랑,歡騰激浪,SecondarySkill.json
SecondarySkill.4058201.1,热情不减,Undying Passion,ホワイトキャップ,식지 않는 열정,熱情不減,SecondarySkill.json
SecondarySkill.4059101.1,梦想之翼,Wings of Dream,夢の翼,꿈의 날개,夢想之翼,SecondarySkill.json
SecondarySkill.4059201.1,未来之声,Voice of the Future,未来への飛翔,미래의 소리,未來之聲,SecondarySkill.json
SecondarySkill.4060101.1,光辉道路,Path of Radiance,祝福の追い風,빛의 길,光輝道路,SecondarySkill.json
SecondarySkill.4060201.1,远大前途,Bright Prospects,輝かしい未来,원대한 앞길,遠大前程,SecondarySkill.json
Skill.100010302.1,共振鸣火,Pulsing Cinder,散火の舞,공진의 번쩍임,共振鳴火,Skill.json
Skill.100010303.1,优势火力,Dominant Firepower,超火力,압도적인 화력,優勢火力,Skill.json
Skill.100010702.1,圣盾强护,Aegis Protection,聖盾の守護,신성 방패의 보호,聖盾強護,Skill.json
Skill.100010703.1,正义调停,Aegis Intervention,正義の調停,정의의 중재,正義調停,Skill.json
Skill.100011102.1,凛霜道标,Frozen Path,氷の道標,서리의 길잡이,凜霜道標,Skill.json
Skill.100011103.1,坚冰涌阵,Glacial Eruption,氷河の躍動,얼음 요새 붕괴,堅冰湧陣,Skill.json
Skill.100011202.1,迅风闪,Sonic Slash,破岩斬,신풍섬,迅風閃,Skill.json
Skill.100011203.1,风闪破,Windflash Break,風閃破,칼바람 섬광,風閃破,Skill.json
Skill.100011502.1,残影幻爆,Phantom Blast,かげおに,잔영의 폭발,殘影幻爆,Skill.json
Skill.100011503.1,耀星追猎,Starflare Pursuit,アバランチ・スラッシュ,성휘 사냥,耀星追獵,Skill.json
Skill.100012002.1,风云无常,Erratic Weather,風雲無常,변화무쌍,風雲無常,Skill.json
Skill.100012003.1,尘风之星,Dustwind Star,塵風の星,모랫바람의 별,塵風之星,Skill.json
Skill.100012502.1,冰锋舞,Freezing Swirl,氷鋒斧踏,얼음 칼날의 춤,冰鋒舞,Skill.json
Skill.100012503.1,霜华绽,Frost Bloom,霜華乱咲,서리꽃 만개,霜華綻,Skill.json
Skill.100012702.1,浪潮,Rising Tide,フーリアマリス,거센 파도,浪潮,Skill.json
Skill.100012703.1,飞花,Flying Blossoms,フロスアクア,낙화,飛花,Skill.json
Skill.100013002.1,霖雨·追击,Rain Call: Volley Chase,パペットキャンペーン,장마·추격,霖雨·追擊,Skill.json
Skill.100013003.1,绽蓝之夜,Azure Night,速達サービス,푸른 빛의 밤,綻藍之夜,Skill.json
Skill.100013202.1,爆星连打,Starbreaker Barrage,勝！爆星の連撃,성운 콤보,爆星連打,Skill.json
Skill.100013203.1,浪扫尘星,Tidal Sweep,義！煌星の激流,파도 속 별가루,浪掃塵星,Skill.json
Skill.100013302.1,疾风绽放,Blooming Draught,烈華の風刃,질풍의 만개,疾風綻放,Skill.json
Skill.100013303.1,落英缤纷,Bouquet Blast,散華の夢,꽃잎의 춤사위,落英繽紛,Skill.json
Skill.100013402.1,炎能灌注,Ignis Infusion,フレイムアッパー,불꽃 주입,炎能灌注,Skill.json
Skill.100013403.1,疾步冲拳,Eruption Punch,ストレートフレア,질주의 펀치,疾步衝拳,Skill.json
Skill.100014002.1,兔子派重速切换,Rabbit Pie Tempo Switch,ラボラビチェンジ,라보라비 모드 전환,兔子派重速切換,Skill.json
Skill.100014003.1,兔兔追踪炮,Homing Bunny Volley,サポラビジャベリン,토끼 추적포,兔兔追蹤砲,Skill.json
Skill.100014302.1,风车连舞,Whirling Onslaught,ウィンドミル,풍차의 춤,風車連舞,Skill.json
Skill.100014303.1,风车蹦极,Rolling Bungee,ラッシュブレード,풍차 역격,風車彈跳,Skill.json
Skill.100014402.1,瞬瀑,Water Surge,連段滝,순폭,瞬瀑,Skill.json
Skill.100014403.1,泷闪,Torrent Flash,流閃,여울빛,瀧閃,Skill.json
Skill.100014902.1,即刻处刑,Immediate Execution,執行：断頭の円匙,즉시 처형,即刻處刑,Skill.json
Skill.100014903.1,棘罪地狱,Thorned Inferno,磔刑：緋色の鎖,가시 지옥,棘罪地獄,Skill.json
Skill.100015002.1,雷域滞空,Aerial Suspension,あたしの庭,번개 영역 부유,雷域滯空,Skill.json
Skill.100015003.1,电链镭射,Arc Chain Laser,ライトエギング,전격 사슬,電鏈雷射,Skill.json
Skill.100015502.1,圣汐狂潮,Divine Deluge,レーザーウェイヴ,성스러운 격류,聖汐狂潮,Skill.json
Skill.100015503.1,碧波轮奏,Surfing Rondo,ナミノリラビッツ,푸른 물결의 론도,碧波輪奏,Skill.json
Skill.100015602.1,一击全倒,Clean Sweep,幸運のたまご,원샷 올킬,一擊全倒,Skill.json
Skill.100015603.1,布偶冲锋,Plushie Charge,ぬいぐるみ突撃,인형의 돌격,布偶衝鋒,Skill.json
Skill.100016002.1,水花飞溅,Flying Droplets,飛び散る水しぶき,비산하는 물꽃,水花飛濺,Skill.json
Skill.100016003.1,音波泡沫,Sonic Bubble,ソニックバブル,음파 물거품,音波泡沫,Skill.json
Skill.101000102.1,痛击血仇,Grudge Revenge,リベンジショット,피의 복수,痛擊血仇,Skill.json
Skill.101000103.1,鼠鼠投掷,Shrew Toss,マウススロー,찍찍 투척,鼠鼠投擲,Skill.json
Skill.101000302.1,啃咬法术,Biting Hex,バイトスペル,물어뜯기 주문,啃咬法術,Skill.json
Skill.101000303.1,鼠鼠盟约,Shrew Pact,マウスコベナント,찍찍 맹약,鼠鼠盟約,Skill.json
Skill.101000502.1,猪突猛进,Boar Rush,猪突猛進,저돌적인 맹진,勇往直前,Skill.json
Skill.101000503.1,猛进之牙,Charging Fang,ラッシュファング,돌진하는 이빨,猛進之牙,Skill.json
Skill.101000602.1,狂风席卷,Sweeping Storm,ストームスイープ,광풍의 석권,狂風席捲,Skill.json
Skill.101000603.1,青岚加护,Verdant Aegis,青嵐の加護,푸른 바람의 가호,青嵐加護,Skill.json
Skill.101001502.1,嘭嘭弹,Bam Bam Bomb,ポンポンバレット,펑펑탄,砰砰彈,Skill.json
Skill.101001503.1,嘭嘭疗愈,Bam Bam Cure,ポンポンヒール,펑펑 요법,砰砰療癒,Skill.json
Skill.101001701.1,猫之馈赠,Feline Gift,キャットギフト,고양이의 선물,貓之饋贈,Skill.json
Skill.101001702.1,猫之振奋,Feline Inspiration,キャットレイズ,고양이의 격려,貓之振奮,Skill.json
Skill.101100102.1,跳扑,Pounce,リープアタック,급습,跳撲,Skill.json
Skill.101100103.1,狼嚎,Wolf Howl,ウルフハウル,야수의 포효,狼嚎,Skill.json
Skill.101300102.1,阳春本垒打,Solo Home Run,ソロホームラン,장외 홈런,陽春全壘打,Skill.json
Skill.101300103.1,代打本垒打,Pinch-hit Homer,代打ホームラン,대타 홈런,代打全壘打,Skill.json
Skill.101301102.1,投石,Stone Toss,ストーンスロー,투석,投石,Skill.json
Skill.101301103.1,抛弹,Bomb Toss,ボムスロー,총알 투척,拋彈,Skill.json
Skill.101302102.1,疾风横扫,Cyclone Kick,ウィンドスウィープ,질풍의 휩쓸기,疾風橫掃,Skill.json
Skill.101302103.1,裂地飞沙,Sandblast Slam,アースクエイク,대지 파괴,裂地飛沙,Skill.json
Skill.101303102.1,火箭来袭,Rocket Launch,ロケットストライク,로켓의 습격,火箭來襲,Skill.json
Skill.101303103.1,环爆援护,Explosive Cover,サラウンドバースト,고리 폭발 지원,環爆援護,Skill.json
Skill.101500102.1,抖擞精神,Pump Up,スピリットアップ,정신 번쩍,抖擻精神,Skill.json
Skill.101500103.1,连续爪击,Rending Combo,連続ひっかき,연속 할퀴기,連續爪擊,Skill.json
Skill.101501102.1,剑盾猛攻,Vanguard Strike,シールドコンボ,검과 방패의 맹공,劍盾猛攻,Skill.json
Skill.101501103.1,持盾暴冲,Shield Charge,シールドチャージ,돌격 방패 치기,持盾爆衝,Skill.json
Skill.101700102.1,圣盾庇护,Divine Ward,ホーリーシールド,신성 방패의 가호,聖盾庇護,Skill.json
Skill.101700103.1,裁决重斧,Final Judgment,ジャッジアクス,단죄의 거대 도끼,裁決重斧,Skill.json
Skill.101701102.1,肃清行动,Wipeout,パージ,숙청 작전,肅清行動,Skill.json
Skill.101701103.1,审判之箭,Justice Bolt,審判の矢,심판의 화살,審判之箭,Skill.json
Skill.101702102.1,凯旋驰步,Triumphant Charge,トライアンフ,승리의 행진,凱旋馳步,Skill.json
Skill.101702103.1,祝福祷言,Inspiring Word,ブレッシングプ,축복의 기도,祝福禱言,Skill.json
Skill.101703102.1,万箭齐发,Arrow Volley,マルチアロー,일제 발사,萬箭齊發,Skill.json
Skill.101703103.1,破城重弩,Fortress Ballista,バリスタショット,공성 중노,破城重弩,Skill.json
Skill.10201.13,普攻,Auto Attack,通常攻撃,일반 공격,普攻,Skill.json
Skill.10202.13,闪避,Evasion,回避,회피,閃避,Skill.json
Skill.10203.13,技能1,Skill 1,スキル1,스킬1,技能1,Skill.json
Skill.10204.13,技能2,Skill 2,スキル2,스킬2,技能2,Skill.json
Skill.10205.13,大招,Ultimate,必殺技,필살기,絕招,Skill.json
Skill.10310000.1,二重奏,Duet,デュアルファイア,2중주,二重奏,Skill.json
Skill.10331000.1,烟火摇滚,Fireworks Jam,アークブラスト,로큰롤 불꽃,煙火搖滾,Skill.json
Skill.10332000.1,枪弹圆舞,Bullet Waltz,ファイアロンド,탄환원무,槍彈圓舞,Skill.json
Skill.10340000.1,究极火花,Spark of Finality,アルティメットバーン,궁극의 불꽃,究極火花,Skill.json
Skill.10360000.13,抬枪,Guns Up,かかげる銃,견착,抬槍,Skill.json
Skill.10401.1,普通攻击,Attack,通常攻撃,일반 공격,普通攻擊,Skill.json
Skill.10403.1,急冻方块,Cryo Cubes,*****,얼음 블록,急凍方塊,Skill.json
Skill.10405.1,冰暴演绎,Tempest Concert,*****,빙폭 연기,冰暴演繹,Skill.json
Skill.10503.13,冲锋斩第一击,Charging Slash 1st Hit,*****,돌진참 제1격,衝鋒斬第一擊,Skill.json
Skill.10504.13,冲锋斩第二击,Charging Slash 2nd Hit,*****,돌진참 제2격,衝鋒斬第二擊,Skill.json
Skill.10505.13,冲锋斩第三击,Charging Slash 3rd Hit,*****,돌진참 제3격,衝鋒斬第三擊,Skill.json
Skill.10506.13,震地,Earth Slam,*****,지진,震地,Skill.json
Skill.10507.13,震地第二击,Earth Slam 2nd Hit,*****,지진 제2격,震地第二擊,Skill.json
Skill.105080101.1,夏洛克时间,Sherlock Time,シャロタイム,샤로 시간,夏洛克時間,Skill.json
Skill.105080102.1,后补夏洛克,Backup Sherlock,バックアップシャロ,보조 샤로,候補夏洛克,Skill.json
Skill.10710000.1,卫队近战式,Guard Style: Melee,護衛隊近接戦闘術,호위대 근접전형,衛隊近戰式,Skill.json
Skill.10740000.1,光荣制裁,Glorious Smite,栄光の審判,영광의 제재,光榮制裁,Skill.json
Skill.10770000.1,冲锋,Charge,猛進,돌진,衝鋒,Skill.json
Skill.10810000.1,魔除烬,Purging Flames,バレットレイン,마도 소멸탄,魔除燼,Skill.json
Skill.10831000.1,破魔之霰,Banishing Barrage,フレイムショット,파멸의 산탄,破魔之霰,Skill.json
Skill.10832000.1,外科手术,Precision Strike,ヘルバースト,외과 수술,外科手術,Skill.json
Skill.10840000.1,横扫万魔,Sweeping Blast,バレットマイスター,마물 무리 소탕,橫掃萬魔,Skill.json
Skill.10870000.13,闪避后冲锋,Dodge and Charge,回避後に突撃,회피 후 돌진,閃避後衝鋒,Skill.json
Skill.109000101.1,猫之疗愈,Feline Healing,猫の癒やし,고양이의 치유,貓之療癒,Skill.json
Skill.109000102.1,猫之加护,Feline Protection,猫の加護,고양이의 가호,貓之加護,Skill.json
Skill.109000201.1,愤怒攻鸡,Furious Drone,アングリーチキン,분노의 싸움닭,憤怒攻雞,Skill.json
Skill.109000202.1,无畏攻鸡,Fearless Drone,決死の突撃,용감한 싸움닭,無畏攻雞,Skill.json
Skill.11010000.1,独步群芳,Blooming Shadows,一輪の華,화려한 자태,獨步群芳,Skill.json
Skill.11020000.1,闪避,Dodge,回避,회피,閃避,Skill.json
Skill.11031000.1,淑影漫舞,Elegant Parade,淑影の舞,우아한 그림자의 춤,淑影漫舞,Skill.json
Skill.11031001.1,冲刺,Sprint,ダッシュ,스퍼트,衝刺,Skill.json
Skill.11031002.1,横扫三连击,3-Sweep Combo,*****,가로 쓸기 3연격,橫掃三連擊,Skill.json
Skill.11031003.1,通用出生,Generic Spawn,*****,공용 출생,通用出生,Skill.json
Skill.11031004.1,通用死亡,Generic Death,*****,공용 사망,通用死亡,Skill.json
Skill.11032000.1,权倾朝夜,Reign of Night,統べる権威,절대 권력의 시간,權傾朝夜,Skill.json
Skill.11032001.1,冲刺,Sprint,*****,스퍼트,衝刺,Skill.json
Skill.11040000.1,亲临指点,Personal Tuition,偉大なる導き,친히 내린 가르침,親臨指點,Skill.json
Skill.11070000.1,疾跑,Dash,*****,빠른 발놀림,疾跑,Skill.json
Skill.11110001.1,流数法,Method of Fluxions,氷塊の嵐,유수법,流數法,Skill.json
Skill.11110002.1,书包砸击,Bag Swing,カバンアタック,책가방 어택,書包砸擊,Skill.json
Skill.11110002.13,近战,Melee,近接戦,근접전,近戰,Skill.json
Skill.11131002.1,霜幕之墙,Wall of Frost,霜幕の壁,서리의 벽,霜幕之牆,Skill.json
Skill.11131003.1,霜华,Frostflare,霜華,서리꽃,霜華,Skill.json
Skill.11132000.1,坚冰涌动,Iceberg Surge,氷河の躍動,얼음의 격류,堅冰湧動,Skill.json
Skill.11140000.1,极地涡旋,Arctic Vortex,極渦展開,극지 소용돌이,極地漩渦,Skill.json
Skill.11160000.13,入场,Entry,入場,입장,入場,Skill.json
Skill.11170000.13,疾跑,Dash,疾走,빠른 발놀림,疾跑,Skill.json
Skill.11210000.1,无名剑术,Nameless Style,無名の剣術,무명 검술,無名劍術,Skill.json
Skill.11220000.13,基础闪避逻辑,Basic Dodge Logic,【No Need】,기본 회피 로직,基礎閃避邏輯,Skill.json
Skill.11231001.13,高速连续挥剑快速攻击。主控技可触发，生成「气旋」,Unleashes a flurry of sword strikes. The Main Skill can trigger and generate a Cyclone.,高速で剣を振り回し、素早く攻撃する。 主力スキルはを発動させることができ、発動させると、旋風を発生させる。,"빠르게 검을 연속으로 휘둘러 공격한다. 메인 스킬이 을 발동할 수 있고, 「선풍」을 생성한다.",高速連續揮劍快速攻擊。主控技可觸發，生成「氣旋」。,Skill.json
Skill.11231002.1,迅风闪二段,Sonic Slash 2nd Hit,破岩斬2段,신풍섬 2단,迅風閃二段,Skill.json
Skill.11231002.13,隐藏技能无描述,"Hidden Skill, no description",【No Need】,숨김 스킬 설명 없음,隱藏技能無描述,Skill.json
Skill.11232000.1,驰风击,Gale Storm,裂風撃,질풍격,馳風擊,Skill.json
Skill.11233001.13,疾跑过渡,Dash Transition,疾走移行,스프린트 전환,疾跑過渡,Skill.json
Skill.11240000.1,裂空断破斩,Skyshatter Rend,空間裂斬,열공단파참,裂空斷破斬,Skill.json
Skill.11270000.13,基础跑步逻辑,Basic Running Logic,【No Need】,기본 달리기 로직,基礎跑步邏輯,Skill.json
Skill.11310000.1,寒雨决,Chilling Drizzle,寒流連波,한우결,寒雨決,Skill.json
Skill.11331001.1,转云推波,Rising Tides,白浪大渦,구름과 파도의 흐름,轉雲推波,Skill.json
Skill.11331002.13,无,None,なし,없음,無,Skill.json
Skill.11332000.1,仗剑登瀑,Aqua Aide,登竜剣戟,폭포 등반,仗劍登瀑,Skill.json
Skill.11340000.1,御水诀,Flood Mantra,激流旋斬,어수결,御水訣,Skill.json
Skill.11410000.1,全自动扳机,Full-Auto Trigger,オートトリガー,전자동 방아쇠,全自動扳機,Skill.json
Skill.11431000.1,狙击作战,Sniper Operation,パイロディザスター,저격 작전,狙擊作戰,Skill.json
Skill.11432000.1,快速突击,Blitz Assault,ファントムロール,빠른 돌격,快速突擊,Skill.json
Skill.11440000.1,暗黑魔眼,Dark Evil Eye,魔眼解放,암흑의 마안,暗黑魔眼,Skill.json
Skill.11460000.13,抬枪,Guns Up,銃を構える,견착,抬槍,Skill.json
Skill.11470000.13,闪避后冲锋,Dodge and Charge,回避後ダッシュ,회피 후 돌진,閃避後衝鋒,Skill.json
Skill.11510000.1,流星飞矢,Meteor Arrow,アバランチあそび,유성의 화살,流星飛矢,Skill.json
Skill.11531001.1,炽星轮射,Star Barrage,アバランチ・バースト,별빛의 포화,熾星輪射,Skill.json
Skill.11540000.1,天星奔流,Stellar Torrent,アバランチ・デストロイ,몰아치는 별빛,天星奔流,Skill.json
Skill.11600002.13,种子喷射者_出生,Seed Shooter: Birth,シードシューター・生成,시드 슈터_출생,種子噴射者_出生,Skill.json
Skill.11600003.13,种子喷射者_死亡,Seed Shooter: Death,シードシューター・死亡,시드 슈터_사망,種子噴射者_死亡,Skill.json
Skill.11601121.13,种子喷射者_攻击,Seed Shooter: Attack,シードシューター・攻撃,시드 슈터_공격,種子噴射者_攻擊,Skill.json
Skill.11610000.1,萌芽炮弹,Sprout Bomb,種蒔きバンバン！,새싹 포탄,萌芽炮彈,Skill.json
Skill.11631000.1,麦豆回旋,Bean Cyclone,種蒔き乱舞！,콩알 회오리,麥豆迴旋,Skill.json
Skill.11632000.1,百花齐放,Floral Storm,種蒔きシャワー！,꽃들의 전쟁,百花齊放,Skill.json
Skill.11640000.1,丰收狂想曲,Harvest Rhapsody,食べものは渡さない！,풍작의 랩소디,豐收狂想曲,Skill.json
Skill.11710000.1,雷惊电绕,Thunder Palm,閃光連撃,번개의 경고,雷驚電繞,Skill.json
Skill.11731000.1,轰雷掣电,Thunder Strike,轟雷一閃,번개 폭격,轟雷掣電,Skill.json
Skill.11732000.1,鸣雷云闪,Static Discharge,雷鳴招福,구름 뒤 섬광,鳴雷雲閃,Skill.json
Skill.11740000.1,麟啸咤九天,Roar of the Qilin,麒麟招来,기린의 포효,麟嘯吒九天,Skill.json
Skill.11810000.1,夜刃挥斩,Midnight Cleave,ナハトリーパー,밤의 칼날,夜刃輝斬,Skill.json
Skill.11831000.1,黯影交错,Sleight of Scythe,クロイツシャドウ,그림자의 교차,黯影交錯,Skill.json
Skill.11832000.1,骨牢禁锢,Bone Chain,クノッヘンプリズン,뼈 감옥,骨牢禁錮,Skill.json
Skill.11840000.1,寂灭收割,Void Reaper,アインザムエルンテ,적멸의 수확,寂滅收割,Skill.json
Skill.11910000.1,花漫落,Flowers Scatter,日輪草・乱裂,흩날리는 꽃비,花漫落,Skill.json
Skill.11931000.1,花风舞,Flowers Dance,日輪草・風舞,꽃바람의 춤,花風舞,Skill.json
Skill.11932000.1,花未凋,Flowers Bloom,日輪草・花盛,시들지 않은 꽃,花未凋,Skill.json
Skill.11940000.1,花镜月,Flowers Thrice,日輪草・鏡月,화경월,花鏡月,Skill.json
Skill.11940000.13,产生分身协助战斗。分身可触发，产生「绽放」,Generates clones that attack enemies. The clones can trigger and create a Blossom.,分身を召喚して一緒に戦う。分身はを発動させることができ、発動させると、満開を発生させる。,"분신이 생성되어 전투를 돕는다. 분신이 을 발동할 수 있고, 「만개」를 생성한다.",產生分身協助戰鬥。分身可觸發，產生「綻放」。,Skill.json
Skill.11940001.1,普攻飞镖一套,Auto Attack Darts,【No Need】,일반 공격 표창 1세트,普攻飛鏢一組,Skill.json
Skill.11940001.13,怪物技能无需描述,"Monster Skill, no description",【No Need】,몬스터 스킬 설명 불필요,怪物技能無需描述,Skill.json
Skill.11940002.1,不弹射向日葵飞镖,Sunflower shuriken with no bounce,【No Need】,튕기지 않는 해바라기 표창,不彈射向日葵飛鏢,Skill.json
Skill.11940003.1,飞镖直线齐射,Darts straight line volley,【No Need】,직선 표창 투척,飛鏢直線齊射,Skill.json
Skill.11940004.1,范围刀扇,Area Fan-blades,【No Need】,범위 칼날 부채,範圍刀扇,Skill.json
Skill.11940005.1,出生表演,Spawn Scene,【No Need】,출생 연출,出生表演,Skill.json
Skill.11940006.13,死亡表演,Death Scene,【No Need】,사망 연출,死亡表演,Skill.json
Skill.12010000.1,朔风连弹,Gush Shots,エアショット,삭풍연탄,朔風連彈,Skill.json
Skill.12031000.1,翠星环行,Verdant Shroud,ラウンドローレル,별의 순환,翠星環行,Skill.json
Skill.12032000.1,尘风伴星,Laurel Halo,ウィンドフラワー,바람 옆의 별,塵風伴星,Skill.json
Skill.12040000.1,星环风暴,Double Tempest,ゲイルヴォーテクス,성환 폭풍,星環風暴,Skill.json
Skill.12070000.13,基础跑步逻辑,Basic Running Logic,基本のランニング論理,기본 달리기 로직,基礎跑步邏輯,Skill.json
Skill.12310000.1,伶牙俐齿,Fierce Bite,がりがりこうげき,화려한 입담,伶牙俐齒,Skill.json
Skill.12331000.1,嘭嘭飞弹,Puffloon Spits,ばんばんばくだん,펑펑 비탄,嘭嘭飛彈,Skill.json
Skill.12331001.1,普攻飞弹,Auto Attack Projectile,【No Need】,일반 공격 투사체,普攻飛彈,Skill.json
Skill.12332000.1,驻足逆风,Wind Barrier,かぜのあしどめ,역풍의 주둔,駐足逆風,Skill.json
Skill.12340000.1,原野之唤,Call of the Wild,やせいのこえ,들판의 부름,原野之喚,Skill.json
Skill.12510000.1,理性裁剪,Power of Reason,激情戦斧,이성 재단,理性裁剪,Skill.json
Skill.12540000.1,凌花挽歌,Elegy of Frost,氷雪挽歌,시린 꽃의 만가,凌花輓歌,Skill.json
Skill.12610000.1,三幕式,Three-Act Show,テルツェット,3막 구조,三幕式,Skill.json
Skill.12631000.1,登台暖场,Hat Toss,オーベルトゥーラ,무대의 열기,登台暖場,Skill.json
Skill.12632000.1,伴舞焰蝶,Flutter Flare,フィアンバレー,춤추는 불꽃의 나비,伴舞焰蝶,Skill.json
Skill.12640000.1,天火涅槃,Undying Phoenix,フィニーチェアヴェント,천화 열반,天火涅槃,Skill.json
Skill.12710000.1,横斩式,Sweep Slash,スライスラッシュ,횡참식,橫斬式,Skill.json
Skill.12731000.1,飞花潺流,Limpid Stream,フロスアクア,꽃잎과 물결,飛花潺流,Skill.json
Skill.12732000.1,浪潮绝涌,Billowing Tide,フーリアマリス,파도의 절정,浪潮絕湧,Skill.json
Skill.12740000.1,零距凝解斩,Slicing Riptide,ディバイドスプラッシュ,밀착 응결 참격,零距凝解斬,Skill.json
Skill.13010001.1,定位贯穿,Piercing Shot,アイシクルデリバリー,고정 관통,定位貫穿,Skill.json
Skill.13020000.13,闪避,Dodge,*****,회피,閃避,Skill.json
Skill.13031000.1,霖雨追击,Rain Call: Volley Chase,パペットキャンペーン,장마의 추격,霖雨追擊,Skill.json
Skill.13032000.1,穿海连潮,Tide Threader,スプラッシュシュート,바다를 잇는 물결,穿海連潮,Skill.json
Skill.13040000.1,银丝倾泻,Argent Cascade,トーミナスペシャル,은빛의 폭포,銀絲傾瀉,Skill.json
Skill.13210000.1,连打带闪,Bat and Skate,閃光乱舞,연타와 회피,連打帶閃,Skill.json
Skill.13231001.1,胜！爆星连打,Syou: Pulsar Streak,勝！爆星の連撃,승! 폭발하는 별의 연타,勝！爆星連打,Skill.json
Skill.13231002.1,碎星冲击,Star Smash,星砕きの衝撃,쇄성의 충격,碎星衝擊,Skill.json
Skill.13231003.1,流星连打,Meteor Pummel,流星の連撃,유성의 연타,流星連打,Skill.json
Skill.13232000.1,义！浪扫尘星,Gi: Supernova Burst,義！煌星の激流,의! 파도 속 별가루,義！浪掃塵星,Skill.json
Skill.13240000.1,决！叱咤星天,Ketsu: Entropic Convergence,決！星天への叱咤,결! 별하늘에 반기를,決！叱吒星天,Skill.json
Skill.13310000.1,爆裂风弹,Wind Pellets,青嵐の息吹,폭발하는 바람탄,爆裂風彈,Skill.json
Skill.13320000.13,基础闪避逻辑,Basic Dodge Logic,*****,기본 회피 로직,基礎閃避邏輯,Skill.json
Skill.13340000.1,芳香龙卷,Aromatic Tempest,天つ花風,향기의 토네이도,芳香龍捲,Skill.json
Skill.13370000.13,基础跑步逻辑,Basic Running Logic,*****,기본 달리기 로직,基礎跑步邏輯,Skill.json
Skill.13410000.1,拳打脚踢,Blitz Combo,マーシャルヒーツ,맹렬한 타격,拳打腳踢,Skill.json
Skill.13440000.1,封印解除,Blaze Unsealed,バーニングナックル,봉인 해제,封印解除,Skill.json
Skill.13510000.1,彗星连扫,Comet Sweep,流星のように★,혜성의 소탕,彗星連掃,Skill.json
Skill.13531000.1,诡影重重,Pumpka Pummel,代わりによろしく★,기이한 그림자,詭影幢幢,Skill.json
Skill.13531001.1,挥手,Swipe,【No Need】,손짓,揮手,Skill.json
Skill.13531002.1,头撞,Headbutt,【No Need】,박치기,頭錘,Skill.json
Skill.13531003.1,旋风斩,Whirlwind Slash,【No Need】,선풍참,旋風斬,Skill.json
Skill.13531004.1,自爆,Self-Destruct,【No Need】,자폭,自爆,Skill.json
Skill.13532000.1,怪奇门扉,Summoning Circle,真実はすぐそこに★,기괴한 관문,怪奇門扉,Skill.json
Skill.13532000.13,绘出法阵，持续召唤会自爆的。自爆可附加,"Draws a magic circle on the ground, summoning self-exploding . Their explosion can inflict .",方陣を描き、自爆するを召喚し続ける。自爆はを付与できる。,마법진을 그려 자폭하는 을 지속적으로 소환한다. 자폭 시 을 부여할 수 있다.,繪出法陣，持續召喚會自爆的。自爆可附加,Skill.json
Skill.13540000.1,午夜★不眠,Midnight ★ Terror,寝ない子だ～れだ★,자정★불면,午夜★不眠,Skill.json
Skill.13710000.1,战术连式,Tactical Combo,エレガントチェイン,전술 콤보,戰術連招,Skill.json
Skill.13720000.1,艾莉诺闪避,Eleanor's Dodge,*****,엘레노어 회피,埃莉諾閃避,Skill.json
Skill.13731000.1,哨卫展开,Sentry Deployment,フローラルガード,파수꾼 전개,哨衛展開,Skill.json
Skill.13732000.1,武装强袭,Armed Assault,フリーダムペイント,무장 습격,武裝強襲,Skill.json
Skill.13732001.1,普攻,Auto Attack,*****,일반 공격,普攻,Skill.json
Skill.13732002.1,出生表演,Spawn Scene,*****,출생 연출,出生表演,Skill.json
Skill.13740000.1,火力覆盖,Firestorm,ロケットパーティー,화력 지배,火力覆蓋,Skill.json
Skill.13770000.1,艾莉诺疾跑,Eleanor's Dash,*****,엘레노어 빠른 발놀림,埃莉諾疾跑,Skill.json
Skill.14010000.1,柔光兔兔弹,Neo Bunny Blast,ラビットバレット,무나 토끼탄,柔光兔兔彈,Skill.json
Skill.14031001.13,临时数据,!PENDING!,*****,더미13,!NONEED!,Skill.json
Skill.14040000.1,兔兔全域火力压制,All-Out Bunny Barrage,ラボラビフルバースト,토끼 화력 제압,兔兔全域火力壓制,Skill.json
Skill.14110000.1,龙飞凤舞,Mystic Brushstrokes,縦横無尽,용과 봉황,龍飛鳳舞,Skill.json
Skill.14131000.1,赤焰除妖,Purifying Flames,防魔の焔,붉은 화염,赤焰除妖,Skill.json
Skill.14132000.1,符启·赤龙,Awakening: Crimson Dragon,護符・赤龍,부적·붉은 용,符啟·赤龍,Skill.json
Skill.14132011.1,疾步冲拳,Eruption Punch,火焔突き,질주의 펀치,疾步衝拳,Skill.json
Skill.14140000.1,龙腾九天,Dragon's Ascension,巨龍昇天,용호의 구천,龍騰九天,Skill.json
Skill.14210000.1,深渊之触,Abyssal Swipe,アビスキル,심연의 손길,深淵之觸,Skill.json
Skill.14231000.1,幽冥连击,Nocturn Hooks,ダークインフェルノ,어둠의 연타,幽冥連擊,Skill.json
Skill.14232000.1,深渊猎爪,Abyssal Hunter,アビスクロー,심연의 발,深淵獵爪,Skill.json
Skill.14240000.1,黯灭终焉,Dark Apocalypse,グルームエクリプス,검은 소멸의 종말,黯滅終焉,Skill.json
Skill.14310000.1,飞花落叶,Swish and Fire,バヨネットアサルト,흩날리는 바람잎,飛花落葉,Skill.json
Skill.14320000.1,风影闪避,Wraith Dodge,回避,레이스 회피,風影閃避,Skill.json
Skill.14340000.1,瞬影千刃,Thousand Shade Dance,ブレードストーム,천 개의 칼날,瞬影千刃,Skill.json
Skill.14370000.1,风影疾跑,Wraith Sprint,疾走,레이스 빠른 발놀림,風影疾跑,Skill.json
Skill.14410000.1,空流,Aeroflow,漣,공류,空流,Skill.json
Skill.14410010.1,残影技能,Shadow Skill,残影スキル,잔영 스킬,殘影技能,Skill.json
Skill.14431000.1,泷闪,Torrent Flash,龍薙閃,여울빛,瀧閃,Skill.json
Skill.14440000.1,惊涛奈落,Waves of Naraka,龍薙閃・蛟噛,파도의 심연,驚濤奈落,Skill.json
Skill.14510000.1,棘行,Thorn Path,棘,가시밭길 여정,棘行,Skill.json
Skill.14520000.1,[临时占位]闪避,!NONEED!,*****,더미332,!NONEED!,Skill.json
Skill.14520000.13,闪避[不需要翻译],!NONEED!,*****,회피 「번역 불필요」,!NONEED!,Skill.json
Skill.14531000.1,夜昙,Nightbloom,夜雲,밤에 피는 꽃,夜曇,Skill.json
Skill.14532000.1,破刃,Shattered Edge,破刃,부서진 검날,破刃,Skill.json
Skill.14540000.1,空华,Void Blossom,空華,허공의 꽃,空華,Skill.json
Skill.14570000.1,[临时占位]疾跑,!NONEED!,*****,더미341,!NONEED!,Skill.json
Skill.14570000.13,疾跑[不需要翻译],!NONEED!,*****,빠른 발놀림 「번역 불필요」,!NONEED!,Skill.json
Skill.14710000.1,独奏快闪,Solo Flash,ダイナミックノーツ,솔로 플래시,獨奏快閃,Skill.json
Skill.14731000.1,合奏舞台,Co-Performance,ノリノリセッション,합주 무대,合奏舞台,Skill.json
Skill.14731001.1,出生下砸,Spawn Smashdown,【No Need】,등장 강타,出生下砸,Skill.json
Skill.14731002.1,音波攻击,Sonic Wave,【No Need】,음파 공격,音波攻擊,Skill.json
Skill.14732000.1,魔音振翅,Melodic Sweep,ファントムノーツ,마력의 울림,魔音振翅,Skill.json
Skill.14740000.1,律动堕天使,Melodic Seraphim,堕天使降臨,리듬의 타락천사,律動墮天使,Skill.json
Skill.14910000.1,死亡尖吻,Kiss of Death,死告：円匙の接吻,데스 팽,死亡尖吻,Skill.json
Skill.14940000.1,天恩·恶兆神罚,Divine: Retribution of Evil,代行：禍つ恩恵の断罪,천은·불길한 신의 형벌,天恩·惡兆神罰,Skill.json
Skill.15010000.1,雷霆枪舞,Stormpiercer Dance,霹靂槍雷,뇌정의 창무,雷霆槍舞,Skill.json
Skill.15031000.1,震雷刺击,Thunderflare Strike,オプティックレイ,천둥 스파이크,震雷刺擊,Skill.json
Skill.15032000.1,天雷地涌,Divine Thunderquake,ライトニングピラー,대지의 솟음,天雷地湧,Skill.json
Skill.15040000.1,疾雷落枪,Thunderfall Thrust,ライトニングボルツ,번개창의 강림,疾雷落槍,Skill.json
Skill.15510000.1,双月之帆,Sail of Twin Moons,ツインラビッツ,쌍월의 돛,雙月之帆,Skill.json
Skill.15510011.1,出生,Birth,*****,출생,出生,Skill.json
Skill.15510012.1,死亡,Death,*****,사망,死亡,Skill.json
Skill.15531000.1,逐浪飞旋,Whirling Waves,マリンハンティング,폭풍 소용돌이,逐浪飛旋,Skill.json
Skill.15531003.1,技能,Skills,スキル,스킬,技能,Skill.json
Skill.15610000.1,慵懒连击,Laid-back Shots,テキトーな攻撃,느긋한 연타,慵懶連擊,Skill.json
Skill.15631000.1,布偶乱步,Plushie Dance,みんな頼んだ！,인형 스텝,布偶亂步,Skill.json
Skill.15631001.13,自爆企鹅-出生,Self-exploding Penguin: Spawn,自爆ペンギン-誕生,자폭 펭귄-출생,自爆企鵝-出生,Skill.json
Skill.15631002.13,自爆企鹅-移动,Self-exploding Penguin: Move,自爆ペンギン-移動,자폭 펭귄-이동,自爆企鵝-移動,Skill.json
Skill.15631003.13,自爆企鹅-死亡,Self-exploding Penguin: Death,自爆ペンギン-死亡,자폭 펭귄-사망,自爆企鵝-死亡,Skill.json
Skill.15631004.13,潜能4/旋风射击换弹,Potential 4/Whirlwind Shot Reload,素質4/旋風射撃リロード,잠재력4 / 회오리 사격 재장전,潛能4/旋風射擊換彈,Skill.json
Skill.15632000.1,缤果奇缘,Bingo Crush,なにがでるかな？,과일 모험,繽果奇緣,Skill.json
Skill.15632001.13,支援-抽奖,Support: Raffle,支援-抽選,서포터-추첨,支援-抽獎,Skill.json
Skill.15632002.13,支援-爱心箭矢,Support: Heart Arrow,支援-ハートアロー,서포터-하트 애로우,支援-愛心箭矢,Skill.json
Skill.15632003.13,支援-企鹅雕像,Support: Penguin Statue,支援-ペンギン像,서포터-펭귄 조각상,支援-企鵝雕像,Skill.json
Skill.15632004.13,支援-扫射-爱心,Support: Barrage: Heart,支援-掃射-ハート,서포터-난사-하트,支援-掃射-愛心,Skill.json
Skill.15632005.13,支援-扫射-企鹅,Support: Barrage: Penguin,支援-掃射-ペンギン,서포터-난사-펭귄,支援-掃射-企鵝,Skill.json
Skill.15640000.1,星梦大回旋,Dream Spiral,カートスピンアタック,별의 꿈결 회오리,星夢大迴旋,Skill.json
Skill.15710000.1,渔狩追猎,Fisher's Hunt,怒涛の追撃,항해자의 추적,漁狩追獵,Skill.json
Skill.15710001.1,特殊狩猎普攻,Special Hunt Auto Attack,*****,특수 수렵 일반 공격,特殊狩獵普攻,Skill.json
Skill.15720000.13,闪避,Evasion,*****,회피,閃避,Skill.json
Skill.15731000.1,愿者上钩,Bait and Catch,入れ食いタイム,미끼에 걸린 자,願者上鉤,Skill.json
Skill.15732000.1,怒海翻腾,Raging Sea,レイジングタイド,광폭한 바다의 파도,怒海翻騰,Skill.json
Skill.15740000.1,狂鲨强袭,Shark Assault,シャークパニッシュ,분노한 상어의 습격,狂鯊強襲,Skill.json
Skill.15810000.1,雪愿勇士,Snowish Warrior,おもちゃの突撃,크리스마스 용사,雪願勇士,Skill.json
Skill.15810001.1,临时文本,!NONEED!,*****,더미344,!NONEED!,Skill.json
Skill.15831000.1,应鞭而动,Whip Assault,ウィップコマンド,채찍의 인도,應鞭而動,Skill.json
Skill.15832000.1,先礼后兵,Courtesy Before Aggression,プレゼントキャノン,최후의 수단,先禮後兵,Skill.json
Skill.15834001.1,糖果齐射,Candy Barrage,キャンディ乱射,사탕 일제 사격,糖果齊射,Skill.json
Skill.15840000.1,甜梦欢舞,Sweet Dream Waltz,クリスマスドリーム,달콤한 꿈의 춤,甜夢歡舞,Skill.json
Skill.15870000.13,闪避后冲锋,Dodge and Charge,*****,회피 후 돌진,閃避後衝鋒,Skill.json
Skill.15910000.1,岁岁平安针,Evergreen Needles,インジェクションギフト,평안의 주사 바늘,歲歲平安針,Skill.json
Skill.15931000.1,玉石生春,Jade of Vitality,シュタイントリック,옥 위에 핀 봄,玉石生春,Skill.json
Skill.15932000.1,落地开花,Instant Blossom,ローゼンレツェプト,대지의 개화,落地開花,Skill.json
Skill.15940000.1,迎春·礼花齐放,Springseek: Burst of Blaze,リーベフラグメント,봄맞이·불꽃의 향연,迎春·禮花齊放,Skill.json
Skill.15970000.13,临时数据,!NONEED!,*****,더미13,!NONEED!,Skill.json
Skill.16031000.1,琉璃泡泡蛙,Luminous Leaper,瑠璃色バブルフロッグ,유리 버블 개구리,琉璃泡泡蛙,Skill.json
Skill.16032000.1,海上嬉闹,Frolic in the Sea,海上の戯れ,바다 위 물놀이,海上嬉鬧,Skill.json
Skill.16040000.1,沙滩警告,Beach Warning,砂浜からの警告,모래사장의 경고,沙灘警告,Skill.json
Skill.5000104.13,闲置技能,Idle Skill,放置スキル,유휴 스킬,閒置技能,Skill.json
Skill.5009001.13,钉刺攻击,Spike Attack,釘刺し攻撃,송곳 찌르기,釘刺攻擊,Skill.json
Skill.5009201.13,爆炸,Explode,爆発,폭파,爆炸,Skill.json
Skill.5009301.13,弓箭射击,Arrow Shot,アロー射撃,보우 사격,弓箭射擊,Skill.json
Skill.5014101.1,塔炉-射线,Tower Forge: Beam,塔炉-射線,탑의 화로-레이저 빔,塔爐-射線,Skill.json
Skill.5014102.1,塔炉-闲逛,Tower Forge: Roam,塔炉-遊歩,탑의 화로-산책,塔爐-閒逛,Skill.json
Skill.8011401.1,半自动扳机,Semi-Auto Trigger,バレットトリガー,반자동 방아쇠,半自動扳機,Skill.json
Skill.8011402.1,鬼灭射线,Slayer Beam,パイロディザスター,멸망의 레이저,鬼滅射線,Skill.json
Skill.8013402.1,致命增幅,Lethal Boost,ヒートアップ,치명적인 증폭,致命增幅,Skill.json
Skill.8014101.1,龙飞凤舞,Mystic Brushstrokes,自由自在,용과 봉황,龍飛鳳舞,Skill.json
Skill.8210020.1,1_2移动,!NONEED!,*****,1_2 이동,!NONEED!,Skill.json
Skill.8210030.1,1_3移动攻击,!NONEED!,*****,1_3 이동 공격,!NONEED!,Skill.json
Skill.8210041.1,1_4十字刀移动攻击,!NONEED!,*****,1_4 크로스소드 이동 공격,!NONEED!,Skill.json
Skill.8210042.1,1_4小法移动攻击,!NONEED!,*****,1_4 마법 이동 공격,!NONEED!,Skill.json
Skill.8210062.1,1_6小法移动攻击,!NONEED!,*****,1_6 마법 이동 공격,!NONEED!,Skill.json
Skill.8210071.1,1_7小法移动攻击,!NONEED!,*****,1_7 마법 이동 공격,!NONEED!,Skill.json
Skill.8210072.1,1_7十字刀移动攻击,!NONEED!,*****,1_7 크로스소드 이동 공격,!NONEED!,Skill.json
Skill.8210080.1,Boss出生显血,!NONEED!,*****,보스 등장 시 HP 표기,!NONEED!,Skill.json
Skill.8210081.1,1_8瞬移怪攻击1,!NONEED!,*****,1_8 순간이동 몬스터 공격1,!NONEED!,Skill.json
Skill.8210082.1,1_8瞬移怪攻击2,!NONEED!,*****,1_8 순간이동 몬스터 공격2,!NONEED!,Skill.json
Skill.8210083.1,1_8瞬移怪攻击3,!NONEED!,*****,1_8 순간이동 몬스터 공격3,!NONEED!,Skill.json
Skill.8210120.1,2_2怪物左右移动,!NONEED!,*****,더미0326,!NONEED!,Skill.json
Skill.8210121.1,2_2怪物上下移动,!NONEED!,*****,더미0326,!NONEED!,Skill.json
Skill.8210131.1,2_3风灵移动攻击,!NONEED!,*****,더미0326,!NONEED!,Skill.json
Skill.8210141.1,2_4风灵移动攻击,!NONEED!,*****,더미0326,!NONEED!,Skill.json
Skill.8210151.1,2_5风灵移动攻击,!NONEED!,*****,더미0326,!NONEED!,Skill.json
Skill.8210152.1,2_5怪物左右移动,!NONEED!,*****,더미0326,!NONEED!,Skill.json
Skill.8210153.1,2_5怪物上下移动,!NONEED!,*****,더미0326,!NONEED!,Skill.json
Skill.8210161.1,2_6风灵移动攻击,!NONEED!,*****,더미0326,!NONEED!,Skill.json
Skill.8210162.1,2_6怪物左右移动,!NONEED!,*****,더미0326,!NONEED!,Skill.json
Skill.8210163.1,2_6怪物上下移动,!NONEED!,*****,더미0326,!NONEED!,Skill.json
Skill.8210171.1,2_7风灵移动攻击,!NONEED!,*****,더미0326,!NONEED!,Skill.json
Skill.8210172.1,2_7怪物左右移动,!NONEED!,*****,더미0326,!NONEED!,Skill.json
Skill.8210173.1,2_7怪物上下移动,!NONEED!,*****,더미0326,!NONEED!,Skill.json
Skill.8210180.1,2_8瞬移怪出生显血,!NONEED!,*****,더미0326,!NONEED!,Skill.json
Skill.8210181.1,2_8瞬移怪攻击1,!NONEED!,*****,더미0326,!NONEED!,Skill.json
Skill.8210182.1,2_8瞬移怪攻击2,!NONEED!,*****,더미0326,!NONEED!,Skill.json
Skill.8210183.1,2_8瞬移怪攻击3,!NONEED!,*****,더미0326,!NONEED!,Skill.json
Skill.8210201.1,三期十字刀移动通用,Generic Phase 3 Cross Blade Movement,*****,3차 크로스소드 이동 공용,三期十字刀移動通用,Skill.json
Skill.8210202.1,三期弹珠投手通用,Generic Phase 3 Marble Shooter,*****,3차 탄환 투척 공용,三期彈珠投手通用,Skill.json
Skill.8210203.1,三期Boss攻击,Phase 3 Boss Attack,*****,3차 보스 공격,三期BOSS攻擊,Skill.json
Skill.8210204.1,三期Boss移动,Phase 3 Boss Movement,*****,3차 보스 이동,三期BOSS移動,Skill.json
Skill.8210301.13,向前方发射光束炮 琥珀释放技能后弹珠会变成火球,Shoots a beam forward. The marble transforms into a fireball after Amber casts her Skill.,前方に光線を発射し、ダメージを与える。 スキル発動後、ボールに炎が付与される。,전방에 빔을 발사한다. 코하쿠가 스킬 시전 후 구슬이 파이어볼이 된다.,向前方發射光束炮 琥珀施放技能後彈珠會變成火球,Skill.json
Skill.8211101.13,向前方发射冰霜箭 鸢尾拾取道具时会额外获得积分,Shoots a Frost Arrow forward. Iris gets additional points for picking up an item.,凛霜の大矢を発射し、敵を攻撃する。 アヤメがアイテム獲得時、追加でスコアを獲得できる。,전방에 서리 화살을 발사한다. 아야메가 아이템 획득 시 추가 포인트를 획득한다.,向前方發射冰霜箭 鳶尾拾取道具時會額外獲得積分,Skill.json
Skill.8211201.13,高速连续的发射剑气 尘沙能量获取速度加快,Shoots rapid and consecutive Sword Aura. Noya gains Energy more rapidly.,高速で剣を振り回し、素早く攻撃する。 セイナのエネルギー獲得速度が上昇する。,이어지는 검기를 빠르게 발사한다. 세이나의 SP 획득 속도가 증가한다.,高速連續地發射劍氣 塵沙能量獲取速度加快,Skill.json
Skill.8211501.1,星辰射线,Astral Beam,アストラルレーザー,별의 레이저 빔,星辰射線,Skill.json
Skill.8219990.1,打砖块出生,Bricker Breaker Spawn,ブロック崩し開始,더미,打磚塊出生,Skill.json
Skill.8219999.1,打砖块Idle,Bricker Breaker Idle,ブロック崩しidle,더미,放置打磚塊,Skill.json
Skill.8299999.1,???,???,???,???,???,Skill.json
Skill.9950082.13,瞄准冲锋,Aimed Charge,照準突撃,조준 돌진,瞄準衝鋒,Skill.json
Skill.9950083.13,给自己加护盾,Generates a Shield for self.,自身にシールドを追加,자신에게 보호막을 추가한다.,為自己加護盾,Skill.json
Skill.9950084.13,闲置技能-以玩家为中心,Idle Skill: Self-centered,放置スキル-主人公メイン,유휴 스킬-플레이어 중심,閒置技能-以玩家為中心,Skill.json
Skill.99601.1,暂未实装,N/A,*****,추가 전,尚未實裝,Skill.json
Skill.99601.13,该角色会在后续版本中进行实装，敬请期待哟,This Trekker will be available soon. Please stay tuned.,*****,해당 캐릭터는 이후 버전에 추가될 예정입니다. 많은 기대 바랍니다!,該角色會在後續版本中實裝，敬請期待喔,Skill.json
Skill.9999988.13,通用出生测试,Generic Spawn Test,汎用出場テスト,공용 출생 테스트,通用出生測試,Skill.json
Skill.9999990.13,通用死亡测试,Generic Death Test,汎用死亡テスト,공용 사망 테스트,通用死亡測試,Skill.json
Skill.9999994.13,测试关树桩鼠的循环坐地板,Test Stage Shrubshrew Fall Loop,テストステージ、ウッドモットのサイクル遊び,스텀프 마우스의 반복 앉기 테스트,測試關樹樁鼠的循環坐地板,Skill.json
Skill.9999995.13,通用等待,Generic Death,通常待機,공용 대기,通用等待,Skill.json
Skill.9999997.13,"亮血条,脚本时长0.1秒","Display HP Bar, Script Duration 0.1s",HPが点灯、シナリオ時間0.1秒,"HP 게이지, 스크립트 시간 0.1초",亮生命值，腳本時間0.1秒,Skill.json
Skill.9999998.13,测试技能,Test Skill,スキルテスト,더미372,測試技能,Skill.json
SkillInstance.1000.1,跟上节拍,Follow the Rhythm,ワンツーステップ,드랍 더 비트,跟上節拍,SkillInstance.json
SkillInstance.2000.1,枪林弹雨,Bullet Storm,バラージュストーム,총알 세례,槍林彈雨,SkillInstance.json
SkillInstance.3000.1,重拳出击,Full Force,メガロアタック,강력 펀치,重拳出擊,SkillInstance.json
SkillInstanceType.1.1,节奏游戏卡带,Rhythm Game Cartridge,音楽カセット,리듬 게임 카트리지,節奏遊戲卡帶,SkillInstanceType.json
SkillInstanceType.2.1,射击游戏卡带,Shooter Game Cartridge,弾幕カセット,슈팅 게임 카트리지,射擊遊戲卡帶,SkillInstanceType.json
SkillInstanceType.3.1,格斗游戏卡带,Fighting Game Cartridge,格闘カセット,격투 게임 카트리지,格鬥遊戲卡帶,SkillInstanceType.json
SubNoteSkill.90011.1,强攻之音,Melody of Pummel,強撃の音符,강공의 소리,強攻之音,SubNoteSkill.json
SubNoteSkill.90012.1,幸运之音,Melody of Luck,幸運の音符,행운의 소리,幸運之音,SubNoteSkill.json
SubNoteSkill.90013.1,暴发之音,Melody of Burst,爆発の音符,폭발의 소리,爆發之音,SubNoteSkill.json
SubNoteSkill.90014.1,体力之音,Melody of Stamina,体力の音符,체력의 소리,體力之音,SubNoteSkill.json
SubNoteSkill.90015.1,专注之音,Melody of Focus,集中の音符,집중의 소리,專注之音,SubNoteSkill.json
SubNoteSkill.90016.1,技巧之音,Melody of Skill,器用の音符,기술의 소리,技巧之音,SubNoteSkill.json
SubNoteSkill.90017.1,绝招之音,Melody of Ultimate,必殺の音符,필살기의 소리,絕招之音,SubNoteSkill.json
SubNoteSkill.90018.1,水之音,Melody of Aqua,水の音符,물의 소리,水之音,SubNoteSkill.json
SubNoteSkill.90019.1,火之音,Melody of Ignis,火の音符,불의 소리,火之音,SubNoteSkill.json
SubNoteSkill.90020.1,风之音,Melody of Ventus,風の音符,바람의 소리,風之音,SubNoteSkill.json
SubNoteSkill.90021.1,地之音,Melody of Terra,地の音符,땅의 소리,地之音,SubNoteSkill.json
SubNoteSkill.90022.1,光之音,Melody of Lux,光の音符,빛의 소리,光之音,SubNoteSkill.json
SubNoteSkill.90023.1,暗之音,Melody of Umbra,闇の音符,어둠의 소리,暗之音,SubNoteSkill.json
