id,term,src_table
ActivityGoods.100101.1,夕涼み,ActivityGoods.json
ActivityGoods.100102.1,夕涼みの調べ,ActivityGoods.json
ActivityGoods.100103.1,キケン？冒険？蒼海の幽霊船伝説！,ActivityGoods.json
ActivityGoods.100104.1,青空旅券,ActivityGoods.json
ActivityGoods.100105.1,オアシス旅券,ActivityGoods.json
ActivityGoods.100106.1,翠煌羽の髪飾り,ActivityGoods.json
ActivityGoods.100107.1,徽章研磨剤,ActivityGoods.json
ActivityGoods.100108.1,頭髪乾燥機・改,ActivityGoods.json
ActivityGoods.100109.1,納涼製造機,ActivityGoods.json
ActivityGoods.100110.1,三日月のオブジェ,ActivityGoods.json
ActivityGoods.100111.1,男爵の恵み,ActivityGoods.json
ActivityGoods.100112.1,弾幕カセット・上級,ActivityGoods.json
ActivityGoods.100113.1,ドボの精魂,ActivityGoods.json
ActivityGoods.100114.1,超高速塔頂チケット,ActivityGoods.json
ActivityGoods.100115.1,巡遊者上級ガイド,ActivityGoods.json
ActivityGoods.100116.1,星空のレコード,ActivityGoods.json
ActivityGoods.100117.1,男爵のとっておき,ActivityGoods.json
ActivityGoods.100118.1,弾幕カセット・中級,ActivityGoods.json
ActivityGoods.100119.1,ルボの遺魂,ActivityGoods.json
ActivityGoods.100120.1,ドーラ,ActivityGoods.json
ActivityGoods.100201.1,迷いを断つ拳,ActivityGoods.json
ActivityGoods.100202.1,迷いを断つ拳の調べ,ActivityGoods.json
ActivityGoods.100203.1,私たちのギルド,ActivityGoods.json
ActivityGoods.100204.1,巨神兵のコア,ActivityGoods.json
ActivityGoods.100208.1,反射写真器,ActivityGoods.json
ActivityGoods.100210.1,飛花の茶器,ActivityGoods.json
ActivityGoods.100213.1,狂乱の精魂,ActivityGoods.json
ActivityGoods.100219.1,幻歩の遺魂,ActivityGoods.json
ActivityGoods.100220.1,新米巡遊者昇格箱,ActivityGoods.json
ActivityGoods.100221.1,新米スキルカセット箱,ActivityGoods.json
ActivityGoods.100222.1,新米ロスレコ昇格箱,ActivityGoods.json
ActivityGoods.100301.1,地底の彼方へ！,ActivityGoods.json
ActivityGoods.100302.1,地底の彼方へ！の調べ,ActivityGoods.json
ActivityGoods.100303.1,夢の先へ,ActivityGoods.json
ActivityGoods.100304.1,風流の精魂,ActivityGoods.json
ActivityGoods.100310.1,ふわ雪かき氷機,ActivityGoods.json
ActivityGoods.100311.1,永昏の灯核,ActivityGoods.json
ActivityGoods.100312.1,音楽カセット・上級,ActivityGoods.json
ActivityGoods.100317.1,凝縮された灯料,ActivityGoods.json
ActivityGoods.100318.1,音楽カセット・中級,ActivityGoods.json
ActivityGoods.100401.1,ジングルラール,ActivityGoods.json
ActivityGoods.100402.1,ジングルラールの調べ,ActivityGoods.json
ActivityGoods.100403.1,煌めく使者と聖夜の精霊,ActivityGoods.json
ActivityGoods.100404.1,巨神兵の精魂,ActivityGoods.json
ActivityGoods.100409.1,未来の超新星,ActivityGoods.json
ActivityGoods.100411.1,カーテンコールの礼帽,ActivityGoods.json
ActivityGoods.100413.1,常夜の精魂,ActivityGoods.json
ActivityGoods.100417.1,道化のフェルトハット,ActivityGoods.json
ActivityGoods.100419.1,蛍火の遺魂,ActivityGoods.json
ActivityGoods.100501.1,革命の萌芽,ActivityGoods.json
ActivityGoods.100502.1,革命の萌芽の調べ,ActivityGoods.json
ActivityGoods.100503.1,黎明告げる凱旋歌,ActivityGoods.json
ActivityGoods.100504.1,罪なる紅花,ActivityGoods.json
ActivityGoods.100508.1,赤翼の着火装置,ActivityGoods.json
ActivityGoods.100512.1,格闘カセット・上級,ActivityGoods.json
ActivityGoods.100518.1,格闘カセット・中級,ActivityGoods.json
ActivityGoods.100601.1,友と囲む新春の灯火,ActivityGoods.json
ActivityGoods.100602.1,友と囲む新春の灯火の調べ,ActivityGoods.json
ActivityGoods.100603.1,爆ぜる火花は春へのしるべ,ActivityGoods.json
ActivityGoods.100604.1,森霊の精魂,ActivityGoods.json
ActivityGoods.100701.1,雪解け告げる黎明,ActivityGoods.json
ActivityGoods.100702.1,雪解け告げる黎明の調べ,ActivityGoods.json
ActivityGoods.100703.1,武器を握るは誰がために,ActivityGoods.json
ActivityGoods.100704.1,激怒美人,ActivityGoods.json
ActivityGoods.100801.1,風に舞う想い,ActivityGoods.json
ActivityGoods.100802.1,風に舞う想いの調べ,ActivityGoods.json
ActivityGoods.100803.1,拝啓、たいせつなあなたへ,ActivityGoods.json
ActivityGoods.100806.1,蒼海の精魂,ActivityGoods.json
ActivityGoods.100901.1,夜宴に踊る影,ActivityGoods.json
ActivityGoods.100902.1,夜宴に踊る影の調べ,ActivityGoods.json
ActivityGoods.100903.1,夜暗に踊る狐独な影,ActivityGoods.json
ActivityGoods.100906.1,罪花の精魂,ActivityGoods.json
ActivityGoods.101001.1,似たもの同士,ActivityGoods.json
ActivityGoods.101002.1,似たもの同士の調べ,ActivityGoods.json
ActivityGoods.101003.1,ファインダーの向こうに映るモノ,ActivityGoods.json
ActivityGoods.101004.1,翠刃の精魂,ActivityGoods.json
ActivityGoods.101101.1,奇跡の創造,ActivityGoods.json
ActivityGoods.101102.1,奇跡の創造の調べ,ActivityGoods.json
ActivityGoods.101103.1,ドキワク！ムーナワークスラプソティ！,ActivityGoods.json
ActivityGoods.101104.1,森の精霊の牙,ActivityGoods.json
ActivityGoods.101301.1,団らんのひととき,ActivityGoods.json
ActivityGoods.101302.1,団らんのひとときの調べ,ActivityGoods.json
ActivityGoods.101303.1,砂漠に捧ぐ弾丸,ActivityGoods.json
ActivityGoods.101401.1,友との夏休み,ActivityGoods.json
ActivityGoods.101402.1,友との夏休みの調べ,ActivityGoods.json
ActivityGoods.101403.1,ワーキングサマーバケーション,ActivityGoods.json
ActivityGoods.101404.1,蒼海の宝木,ActivityGoods.json
ActivityGoods.101501.1,サマーマーチ,ActivityGoods.json
ActivityGoods.101502.1,サマーマーチの調べ,ActivityGoods.json
ActivityGoods.101503.1,ワーキングサマーアドベンチャー！,ActivityGoods.json
ActivityGoods.101601.1,栄光の瞬間,ActivityGoods.json
ActivityGoods.101602.1,栄光の瞬間の調べ,ActivityGoods.json
ActivityGoods.101603.1,奮闘！令嬢巡遊者の修行録！,ActivityGoods.json
ActivityGoods.300101.1,高級ギフト抽選箱,ActivityGoods.json
ActivityGoods.300104.1,優雅なレコード,ActivityGoods.json
ActivityGoods.300106.1,テクニックの駒,ActivityGoods.json
GoldenSpyItem.1101.1,セキュリティバッグ,GoldenSpyItem.json
GoldenSpyItem.1104.1,キャンディーボックス,GoldenSpyItem.json
GoldenSpyItem.1107.1,宝石,GoldenSpyItem.json
GoldenSpyItem.1108.1,秘密の契約書,GoldenSpyItem.json
GoldenSpyItem.1109.1,盗聴神器,GoldenSpyItem.json
GoldenSpyItem.1201.1,金庫,GoldenSpyItem.json
GoldenSpyItem.1203.1,てーさつバード,GoldenSpyItem.json
GoldenSpyItem.1204.1,きゅーいんキャット,GoldenSpyItem.json
GoldenSpyItem.1205.1,爆薬,GoldenSpyItem.json
GoldenSpyItem.1301.1,シークレット物資,GoldenSpyItem.json
Item.100000.1,星巡り定期券,Item.json (Type 11/Stype 30)
Item.101001.1,プレミアムコース特典,Item.json (Type 2/Stype 2)
Item.101002.1,ミラクルコース特典,Item.json (Type 2/Stype 2)
Item.101003.1,グレードアップ特典,Item.json (Type 2/Stype 2)
Item.1030.1,コハクの心相の欠片,Item.json (Type 2/Stype 6)
Item.1070.1,ティリアの心相の欠片,Item.json (Type 2/Stype 6)
Item.1080.1,カシミラの心相の欠片,Item.json (Type 2/Stype 6)
Item.11.1,ステラコイン,Item.json (Type 6/Stype 1)
Item.1100.1,フィレンの心相の欠片,Item.json (Type 2/Stype 6)
Item.1110.1,アヤメの心相の欠片,Item.json (Type 2/Stype 6)
Item.1120.1,セイナの心相の欠片,Item.json (Type 2/Stype 6)
Item.1130.1,シーミャオの心相の欠片,Item.json (Type 2/Stype 6)
Item.1140.1,シャトンの心相の欠片,Item.json (Type 2/Stype 6)
Item.1150.1,ホタルの心相の欠片,Item.json (Type 2/Stype 6)
Item.1160.1,レイセンの心相の欠片,Item.json (Type 2/Stype 6)
Item.1170.1,ジンリンの心相の欠片,Item.json (Type 2/Stype 6)
Item.1180.1,クルニスの心相の欠片,Item.json (Type 2/Stype 6)
Item.1190.1,ナノハの心相の欠片,Item.json (Type 2/Stype 6)
Item.119901.1,シモベアー,Item.json (Type 15/Stype 15)
Item.119902.1,「キャットミーイフユーキャン」シリーズ称号,Item.json (Type 15/Stype 15)
Item.12.1,入塔記念チケット,Item.json (Type 1/Stype 1)
Item.1200.1,カナーチェの心相の欠片,Item.json (Type 2/Stype 6)
Item.120001.1,ラッキーシャベル,Item.json (Type 2/Stype 2)
Item.120002.1,ラッキーシャベル,Item.json (Type 2/Stype 2)
Item.120003.1,ラッキーシャベル,Item.json (Type 2/Stype 2)
Item.120004.1,ラッキーシャベル,Item.json (Type 2/Stype 2)
Item.1230.1,アンズの心相の欠片,Item.json (Type 2/Stype 6)
Item.1250.1,フリージアの心相の欠片,Item.json (Type 2/Stype 6)
Item.1260.1,フローラの心相の欠片,Item.json (Type 2/Stype 6)
Item.1270.1,テレサの心相の欠片,Item.json (Type 2/Stype 6)
Item.1300.1,トーナの心相の欠片,Item.json (Type 2/Stype 6)
Item.1320.1,ミネルバの心相の欠片,Item.json (Type 2/Stype 6)
Item.1330.1,ナツカの心相の欠片,Item.json (Type 2/Stype 6)
Item.1340.1,フユカの心相の欠片,Item.json (Type 2/Stype 6)
Item.1350.1,ミスティの心相の欠片,Item.json (Type 2/Stype 6)
Item.1370.1,エレノアの心相の欠片,Item.json (Type 2/Stype 6)
Item.1400.1,スパクルの心相の欠片,Item.json (Type 2/Stype 6)
Item.1410.1,チーシアの心相の欠片,Item.json (Type 2/Stype 6)
Item.1420.1,コゼットの心相の欠片,Item.json (Type 2/Stype 6)
Item.1430.1,レイスの心相の欠片,Item.json (Type 2/Stype 6)
Item.1440.1,チトセの心相の欠片,Item.json (Type 2/Stype 6)
Item.1450.1,オトハの心相の欠片,Item.json (Type 2/Stype 6)
Item.1470.1,キャラメルの心相の欠片,Item.json (Type 2/Stype 6)
Item.1490.1,グレイの心相の欠片,Item.json (Type 2/Stype 6)
Item.1500.1,ラールの心相の欠片,Item.json (Type 2/Stype 6)
Item.1550.1,シアの心相の欠片,Item.json (Type 2/Stype 6)
Item.1560.1,ナズナの心相の欠片,Item.json (Type 2/Stype 6)
Item.1570.1,カリンの心相の欠片,Item.json (Type 2/Stype 6)
Item.1580.1,ラール（聖夜）の心相の欠片,Item.json (Type 2/Stype 6)
Item.1590.1,クルニス（華服）の心相の欠片,Item.json (Type 2/Stype 6)
Item.1600.1,ウィロー（水着）の心相の欠片,Item.json (Type 2/Stype 6)
Item.198025.1,風属性の記録,Item.json (Type 2/Stype 48)
Item.198026.1,火属性の記録,Item.json (Type 2/Stype 48)
Item.199000.1,プレミアムコース 補助物資受取資格,Item.json (Type 2/Stype 2)
Item.199001.1,支援レベル報酬： 星ノ欠片×1280,Item.json (Type 2/Stype 2)
Item.199002.1,支援レベル報酬： 青空旅券×3,Item.json (Type 2/Stype 2)
Item.199003.1,支援レベル報酬： 煌金レコード×900,Item.json (Type 2/Stype 2)
Item.199004.1,アナザーイメージ： アイマイハクチューム,Item.json (Type 2/Stype 2)
Item.199005.1,今期限定アイコン： 情熱的なペンギン,Item.json (Type 2/Stype 2)
Item.199006.1,支援レベルが10アップする,Item.json (Type 2/Stype 2)
Item.199007.1,支援レベル報酬： 厳選ロスレコセレクション,Item.json (Type 2/Stype 2)
Item.199008.1,アナザーイメージ： イッツ・マイ・ジャスティス！,Item.json (Type 2/Stype 2)
Item.199009.1,今期限定アイコン： 鋭い眼差し,Item.json (Type 2/Stype 2)
Item.199010.1,アナザーイメージ： 1/365の君と,Item.json (Type 2/Stype 2)
Item.199011.1,今期限定アイコン： ビクブルハート,Item.json (Type 2/Stype 2)
Item.199012.1,アナザーイメージ： いたずらっこのお留守番,Item.json (Type 2/Stype 2)
Item.199013.1,今期限定アイコン： 祭日のごちそう,Item.json (Type 2/Stype 2)
Item.199014.1,アナザーイメージ： ゆめかわベーシスト,Item.json (Type 2/Stype 2)
Item.199015.1,今期限定アイコン： 碧き想い出,Item.json (Type 2/Stype 2)
Item.199016.1,アナザーイメージ： ビギナー勇者,Item.json (Type 2/Stype 2)
Item.199017.1,今期限定アイコン： こっそりコソコソ,Item.json (Type 2/Stype 2)
Item.199018.1,アナザーイメージ： 眠り姫の光合成,Item.json (Type 2/Stype 2)
Item.199019.1,今期限定アイコン： 刀の葛藤,Item.json (Type 2/Stype 2)
Item.199020.1,支援レベル報酬： 恩恵のしずくx1,Item.json (Type 2/Stype 2)
Item.199021.1,アナザーイメージ： 不思議の国のアンズ,Item.json (Type 2/Stype 2)
Item.199022.1,今期限定アイコン： 法廷の天使,Item.json (Type 2/Stype 2)
Item.199023.1,アナザーイメージ： 負けるな！マジカルガール！,Item.json (Type 2/Stype 2)
Item.199024.1,今期限定アイコン： サボりの達人,Item.json (Type 2/Stype 2)
Item.199025.1,アナザーイメージ： 夏の味を独り占め,Item.json (Type 2/Stype 2)
Item.199026.1,今期限定アイコン： ウッドモット会長,Item.json (Type 2/Stype 2)
Item.199027.1,アナザーイメージ： 狙え、サービスエース！,Item.json (Type 2/Stype 2)
Item.199028.1,今期限定アイコン： 8月32日,Item.json (Type 2/Stype 2)
Item.2.1,星ノ欠片,Item.json (Type 1/Stype 1)
Item.20.1,やる気,Item.json (Type 4/Stype 4)
Item.20997.1,巡遊者素材抽選箱,Item.json (Type 2/Stype 2)
Item.21.1,権限経験値,Item.json (Type 5/Stype 5)
Item.21997.1,ロスレコ素材抽選箱,Item.json (Type 2/Stype 13)
Item.22.1,支援経験値,Item.json (Type 1/Stype 1)
Item.23.1,マイレージ,Item.json (Type 1/Stype 1)
Item.24.1,スーパーマイレージ,Item.json (Type 1/Stype 1)
Item.25.1,ビクトリーメダル,Item.json (Type 1/Stype 1)
Item.2701001.1,ランダムユニット,Item.json (Type 2/Stype 2)
Item.2701002.1,ランダム祝福,Item.json (Type 2/Stype 2)
Item.28.1,緊急討伐指令,Item.json (Type 1/Stype 1)
Item.3.1,星ノ結晶,Item.json (Type 1/Stype 1)
Item.30001.1,巡遊者入門ガイド,Item.json (Type 2/Stype 2)
Item.30002.1,巡遊者初級ガイド,Item.json (Type 2/Stype 2)
Item.31.1,義勇勲章,Item.json (Type 1/Stype 1)
Item.33001.1,プライズエッグ,Item.json (Type 2/Stype 2)
Item.33011.1,歓喜の着火装置,Item.json (Type 2/Stype 2)
Item.33013.1,激情の着火装置,Item.json (Type 2/Stype 2)
Item.33021.1,カード写真器,Item.json (Type 2/Stype 2)
Item.33023.1,超精密写真器,Item.json (Type 2/Stype 2)
Item.33031.1,頭髪乾燥機,Item.json (Type 2/Stype 2)
Item.33033.1,頭髪乾燥機・改（真）,Item.json (Type 2/Stype 2)
Item.33041.1,そよ風製造機,Item.json (Type 2/Stype 2)
Item.33043.1,暴風製造機,Item.json (Type 2/Stype 2)
Item.33051.1,明日の新星光,Item.json (Type 2/Stype 2)
Item.33053.1,絢爛の超新星光,Item.json (Type 2/Stype 2)
Item.33061.1,一番星のオブジェ,Item.json (Type 2/Stype 2)
Item.33063.1,宙のオブジェ,Item.json (Type 2/Stype 2)
Item.33071.1,納涼かき氷機,Item.json (Type 2/Stype 2)
Item.33073.1,爆盛りかき氷機,Item.json (Type 2/Stype 2)
Item.33081.1,金メッキのボウル,Item.json (Type 2/Stype 2)
Item.33083.1,玄霊の急須,Item.json (Type 2/Stype 2)
Item.33901.1,通常ギフト選択箱,Item.json (Type 2/Stype 32)
Item.33902.1,高級ギフト選択箱,Item.json (Type 2/Stype 32)
Item.33903.1,豪華ギフト選択箱,Item.json (Type 2/Stype 32)
Item.33913.1,豪華ギフト抽選箱,Item.json (Type 2/Stype 34)
Item.34.1,暗澹たる囁き,Item.json (Type 1/Stype 1)
Item.34000.1,フォトメモ,Item.json (Type 2/Stype 2)
Item.35.1,万雷の喝采,Item.json (Type 1/Stype 1)
Item.35010.1,恩恵のしずく,Item.json (Type 2/Stype 35)
Item.36.1,決戦指令書,Item.json (Type 1/Stype 1)
Item.37.1,追跡者バッジ,Item.json (Type 1/Stype 1)
Item.38.1,追跡依頼書,Item.json (Type 16/Stype 1)
Item.39.1,捕物ライセンス,Item.json (Type 17/Stype 1)
Item.40.1,賢者のコイン,Item.json (Type 18/Stype 1)
Item.401.1,星巡り定期券・星ノ欠片,Item.json (Type 11/Stype 30)
Item.402.1,星巡り定期券・やる気,Item.json (Type 11/Stype 30)
Item.50000.1,ロスレコ,Item.json (Type 2/Stype 2)
Item.51.1,星ノ神秘の欠片,Item.json (Type 2/Stype 2)
Item.510.1,シーズン限定旅券,Item.json (Type 2/Stype 2)
Item.511.1,10連シーズン限定旅券,Item.json (Type 2/Stype 2)
Item.512.1,メモリアル旅券,Item.json (Type 2/Stype 2)
Item.513.1,シーズン限定旅券,Item.json (Type 2/Stype 2)
Item.61.1,王権ポイント,Item.json (Type 2/Stype 2)
Item.63.1,週間王権ポイント,Item.json (Type 2/Stype 2)
Item.73101.1,イカせんべい,Item.json (Type 2/Stype 2)
Item.73102.1,深緑のガラス玉,Item.json (Type 2/Stype 2)
Item.73103.1,栄養満点おにぎり,Item.json (Type 2/Stype 2)
Item.73104.1,ジンジャーマン,Item.json (Type 2/Stype 2)
Item.73105.1,領収書,Item.json (Type 2/Stype 2)
Item.73106.1,タンフールー,Item.json (Type 2/Stype 2)
Item.73107.1,非常用缶詰,Item.json (Type 2/Stype 2)
Item.73108.1,狂風ノ羽根,Item.json (Type 2/Stype 2)
Item.73109.1,百合の香の書簡,Item.json (Type 2/Stype 2)
Item.73110.1,ウサギ（？）のシール,Item.json (Type 2/Stype 2)
Item.73111.1,なにかのネジ,Item.json (Type 2/Stype 2)
Item.73112.1,漆黒の魔弾,Item.json (Type 2/Stype 2)
Item.73113.1,ヤドカリの家,Item.json (Type 2/Stype 2)
Item.73114.1,ラムネ,Item.json (Type 2/Stype 2)
Item.73115.1,手作りの星,Item.json (Type 2/Stype 2)
Item.73201.1,塔覇の証,Item.json (Type 2/Stype 2)
Item.73202.1,連合理事会トークン,Item.json (Type 2/Stype 2)
Item.74201.1,ロケット花火,Item.json (Type 2/Stype 2)
Item.74202.1,プチブーケ,Item.json (Type 2/Stype 2)
Item.74203.1,シャロケット,Item.json (Type 2/Stype 2)
Item.81001.1,スタエナZERO（小）,Item.json (Type 2/Stype 31)
Item.81002.1,スタエナZERO（大）,Item.json (Type 2/Stype 31)
Item.86002.1,★5ロスレコセレクション,Item.json (Type 2/Stype 33)
Item.86003.1,★4ロスレコセレクションⅠ,Item.json (Type 2/Stype 33)
Item.86004.1,★4巡遊者履歴書,Item.json (Type 2/Stype 44)
Item.86005.1,厳選ロスレコセレクション,Item.json (Type 2/Stype 33)
Item.86009.1,★5巡遊者履歴書,Item.json (Type 2/Stype 44)
Item.86010.1,★4ロスレコセレクションⅡ,Item.json (Type 2/Stype 33)
Item.86011.1,★4ロスレコセレクションⅢ,Item.json (Type 2/Stype 33)
Item.86016.1,首領討伐素材報酬,Item.json (Type 2/Stype 2)
Item.86017.1,首領討伐カセット報酬,Item.json (Type 2/Stype 2)
Item.86018.1,骸魔防衛戦ロスレコ報酬,Item.json (Type 2/Stype 2)
Item.86019.1,星ノ塔探索ロスレコ報酬,Item.json (Type 2/Stype 2)
Item.86020.1,連合大捕物帖ロスレコ報酬,Item.json (Type 2/Stype 2)
Item.90001.1,運命カードパック,Item.json (Type 6/Stype 2)
Item.90003.1,素質メザメール,Item.json (Type 6/Stype 2)
ItemPackMark.1.1,素材,ItemPackMark.json
ItemPackMark.3.1,消耗品,ItemPackMark.json
MallGem.gem.tier1.1,{0} 星ノ結晶,MallGem.json
MallMonthlyCard.monthlyCard.small.1,星巡り定期券・星ノ欠片,MallMonthlyCard.json
MallMonthlyCard.monthlyCard.strength.1,星巡り定期券・やる気,MallMonthlyCard.json
MallPackage.pac.world10.1,権限レベル10 到達記念パック,MallPackage.json
MallPackage.pac.world15.1,権限レベル15 到達記念パック,MallPackage.json
MallPackage.pac.world20.1,権限レベル20 到達記念パック,MallPackage.json
MallPackage.pac.world25.1,権限レベル25 到達記念パック,MallPackage.json
MallPackage.pac.world30.1,権限レベル30 到達記念パック,MallPackage.json
MallPackage.pac.world5.1,権限レベル5 到達記念パック,MallPackage.json
MallPackage.pack.01_disc_m.1,今月のオススメ 煌金レコードパック,MallPackage.json
MallPackage.pack.01_disc_w.1,今週のオススメ ロスレコ育成パック,MallPackage.json
MallPackage.pack.01_gift.1,霞けぶる ギフトパック,MallPackage.json
MallPackage.pack.01_res.1,霞けぶる 巡遊者育成パック,MallPackage.json
MallPackage.pack.01_role_m.1,今月のオススメ 青空旅券パック,MallPackage.json
MallPackage.pack.01_role_w.1,今週のオススメ 巡遊者育成パック,MallPackage.json
MallPackage.pack.02_disc.1,潮風薫る 煌金レコードパック,MallPackage.json
MallPackage.pack.02_gift.1,潮風薫る ギフトパック,MallPackage.json
MallPackage.pack.02_res.1,潮風薫る 巡遊者育成パック,MallPackage.json
MallPackage.pack.02_role.1,潮風薫る 青空旅券パック,MallPackage.json
MallPackage.pack.03_disc.1,ましろを飾る 煌金レコードパック,MallPackage.json
MallPackage.pack.03_gift.1,ましろを飾る ギフトパック,MallPackage.json
MallPackage.pack.03_res.1,ましろを飾る 巡遊者育成パック,MallPackage.json
MallPackage.pack.03_role.1,ましろを飾る 青空旅券パック,MallPackage.json
MallPackage.pack.04_disc.1,新緑萌ゆる 煌金レコードパック,MallPackage.json
MallPackage.pack.04_gift.1,新緑萌ゆる ギフトパック,MallPackage.json
MallPackage.pack.04_res.1,新緑萌ゆる 巡遊者育成パック,MallPackage.json
MallPackage.pack.04_role.1,新緑萌ゆる 青空旅券パック,MallPackage.json
MallPackage.pack.05_disc.1,雪花しんしん 煌金レコードパック,MallPackage.json
MallPackage.pack.05_disc_l.1,雪花しんしん ロスレコガチャパックⅡ,MallPackage.json
MallPackage.pack.05_disc_res.1,雪花しんしん ロスレコ昇格パック,MallPackage.json
MallPackage.pack.05_disc_s.1,雪花しんしん ロスレコガチャパックⅠ,MallPackage.json
MallPackage.pack.05_gift.1,雪花しんしん ギフトパック,MallPackage.json
MallPackage.pack.05_res.1,雪花しんしん 巡遊者育成パック,MallPackage.json
MallPackage.pack.05_role.1,雪花しんしん 青空旅券パック,MallPackage.json
MallPackage.pack.05_role_l.1,雪花しんしん 巡遊者ガチャパックⅡ,MallPackage.json
MallPackage.pack.05_role_res.1,雪花しんしん 巡遊者昇格パック,MallPackage.json
MallPackage.pack.05_role_s.1,雪花しんしん 巡遊者ガチャパックⅠ,MallPackage.json
MallPackage.pack.05_skill_res.1,雪花しんしん スキルカセットパック,MallPackage.json
MallPackage.pack.06_disc.1,紫翠薫る 煌金レコードパック,MallPackage.json
MallPackage.pack.06_disc_l.1,紫翠薫る ロスレコガチャパックⅡ,MallPackage.json
MallPackage.pack.06_disc_s.1,紫翠薫る ロスレコガチャパックⅠ,MallPackage.json
MallPackage.pack.06_gift.1,紫翠薫る ギフトパック,MallPackage.json
MallPackage.pack.06_res.1,紫翠薫る 巡遊者育成パック,MallPackage.json
MallPackage.pack.06_role.1,紫翠薫る 青空旅券パック,MallPackage.json
MallPackage.pack.06_role_l.1,紫翠薫る 巡遊者ガチャパックⅡ,MallPackage.json
MallPackage.pack.06_role_s.1,紫翠薫る 巡遊者ガチャパックⅠ,MallPackage.json
MallPackage.pack.07_disc.1,新春万福 煌金レコードパック,MallPackage.json
MallPackage.pack.07_disc_l.1,新春万福 ロスレコガチャパックⅡ,MallPackage.json
MallPackage.pack.07_disc_res.1,新春万福 ロスレコ昇格パック,MallPackage.json
MallPackage.pack.07_disc_s.1,新春万福 ロスレコガチャパックⅠ,MallPackage.json
MallPackage.pack.07_disc_sd.1,新春万福 登頂チケットパックⅡ,MallPackage.json
MallPackage.pack.07_hongbao.1,新春万福 開運パック,MallPackage.json
MallPackage.pack.07_res.1,新春万福 巡遊者育成パック,MallPackage.json
MallPackage.pack.07_role.1,新春万福 青空旅券パック,MallPackage.json
MallPackage.pack.07_role_l.1,新春万福 巡遊者ガチャパックⅡ,MallPackage.json
MallPackage.pack.07_role_res.1,新春万福 巡遊者昇格パック,MallPackage.json
MallPackage.pack.07_role_s.1,新春万福 巡遊者ガチャパックⅠ,MallPackage.json
MallPackage.pack.07_role_sd.1,新春万福 登頂チケットパックⅠ,MallPackage.json
MallPackage.pack.07_skill_res.1,新春万福 スキル強化パック,MallPackage.json
MallPackage.pack.07_skill_xc.1,新春万福 スキルカセットパック,MallPackage.json
MallPackage.pack.08_disc.1,氷結冴える 煌金レコードパック,MallPackage.json
MallPackage.pack.08_disc_l.1,氷結冴える ロスレコガチャパックⅡ,MallPackage.json
MallPackage.pack.08_disc_s.1,氷結冴える ロスレコガチャパックⅠ,MallPackage.json
MallPackage.pack.08_gift.1,氷結冴える ギフトパック,MallPackage.json
MallPackage.pack.08_res.1,氷結冴える 巡遊者育成パック,MallPackage.json
MallPackage.pack.08_role.1,氷結冴える 青空旅券パック,MallPackage.json
MallPackage.pack.08_role_l.1,氷結冴える 巡遊者ガチャパックⅡ,MallPackage.json
MallPackage.pack.08_role_s.1,氷結冴える 巡遊者ガチャパックⅠ,MallPackage.json
MallPackage.pack.09_1_disc.1,順風満帆 煌金レコードパック,MallPackage.json
MallPackage.pack.09_1_role.1,順風満帆 青空旅券パック,MallPackage.json
MallPackage.pack.09_disc.1,あなたにお届け 煌金レコードパック,MallPackage.json
MallPackage.pack.09_disc_l.1,あなたにお届け ロスレコガチャパックⅡ,MallPackage.json
MallPackage.pack.09_disc_s.1,あなたにお届け ロスレコガチャパックⅠ,MallPackage.json
MallPackage.pack.09_gift.1,あなたにお届け ギフトパック,MallPackage.json
MallPackage.pack.09_res.1,あなたにお届け 巡遊者育成パック,MallPackage.json
MallPackage.pack.09_role.1,あなたにお届け 青空旅券パック,MallPackage.json
MallPackage.pack.09_role_l.1,あなたにお届け 巡遊者ガチャパックⅡ,MallPackage.json
MallPackage.pack.09_role_s.1,あなたにお届け 巡遊者ガチャパックⅠ,MallPackage.json
MallPackage.pack.10_disc.1,月夜昏狐 煌金レコードパック,MallPackage.json
MallPackage.pack.10_disc_l.1,月夜昏狐 ロスレコガチャパックⅡ,MallPackage.json
MallPackage.pack.10_disc_res.1,月夜昏狐 ロスレコ昇格パック,MallPackage.json
MallPackage.pack.10_disc_s.1,月夜昏狐 ロスレコガチャパックⅠ,MallPackage.json
MallPackage.pack.10_disc_sel.1,0.5周年記念 ロスレコ選択パック,MallPackage.json
MallPackage.pack.10_gem.1,0.5周年記念 徽章育成パック,MallPackage.json
MallPackage.pack.10_gift.1,月夜昏狐 ギフトパック,MallPackage.json
MallPackage.pack.10_res.1,月夜昏狐 巡遊者育成パック,MallPackage.json
MallPackage.pack.10_role.1,月夜昏狐 青空旅券パック,MallPackage.json
MallPackage.pack.10_role_l.1,月夜昏狐 巡遊者ガチャパックⅡ,MallPackage.json
MallPackage.pack.10_role_res.1,月夜昏狐 巡遊者昇格パック,MallPackage.json
MallPackage.pack.10_role_s.1,月夜昏狐 巡遊者ガチャパックⅠ,MallPackage.json
MallPackage.pack.10_role_sel.1,0.5周年記念 巡遊者選択パック,MallPackage.json
MallPackage.pack.10_skill_res.1,月夜昏狐 スキル強化パック,MallPackage.json
MallPackage.pack.11_disc.1,集まれ友だち！ 煌金レコードパック,MallPackage.json
MallPackage.pack.11_disc_l.1,集まれ友だち！ ロスレコガチャパックⅡ,MallPackage.json
MallPackage.pack.11_disc_s.1,集まれ友だち！ ロスレコガチャパックⅠ,MallPackage.json
MallPackage.pack.11_gift.1,集まれ友だち！ ギフトパック,MallPackage.json
MallPackage.pack.11_res.1,集まれ友だち！ 巡遊者育成パック,MallPackage.json
MallPackage.pack.11_role.1,集まれ友だち！ 青空旅券パック,MallPackage.json
MallPackage.pack.11_role_l.1,集まれ友だち！ 巡遊者ガチャパックⅡ,MallPackage.json
MallPackage.pack.11_role_s.1,集まれ友だち！ 巡遊者ガチャパックⅠ,MallPackage.json
MallPackage.pack.12_1_disc.1,潮風薫る 煌金レコードパック,MallPackage.json
MallPackage.pack.12_1_disc_l.1,潮風薫る ロスレコガチャパックⅡ,MallPackage.json
MallPackage.pack.12_1_disc_s.1,潮風薫る ロスレコガチャパックⅠ,MallPackage.json
MallPackage.pack.12_1_role.1,潮風薫る 青空旅券パック,MallPackage.json
MallPackage.pack.12_1_role_l.1,潮風薫る 巡遊者ガチャパックⅡ,MallPackage.json
MallPackage.pack.12_1_role_s.1,潮風薫る 巡遊者ガチャパックⅠ,MallPackage.json
MallPackage.pack.12_disc.1,マイスターの工具箱 煌金レコードパック,MallPackage.json
MallPackage.pack.12_disc_l.1,マイスターの工具箱 ロスレコガチャパックⅡ,MallPackage.json
MallPackage.pack.12_disc_s.1,マイスターの工具箱 ロスレコガチャパックⅠ,MallPackage.json
MallPackage.pack.12_gift.1,マイスターの工具箱 ギフトパック,MallPackage.json
MallPackage.pack.12_res.1,マイスターの工具箱 巡遊者育成パック,MallPackage.json
MallPackage.pack.12_role.1,マイスターの工具箱 青空旅券パック,MallPackage.json
MallPackage.pack.12_role_l.1,マイスターの工具箱 巡遊者ガチャパックⅡ,MallPackage.json
MallPackage.pack.12_role_s.1,マイスターの工具箱 巡遊者ガチャパックⅠ,MallPackage.json
MallPackage.pack.13_disc.1,暗黒魔典 煌金レコードパック,MallPackage.json
MallPackage.pack.13_disc_l.1,暗黒魔典 ロスレコガチャパックⅡ,MallPackage.json
MallPackage.pack.13_disc_s.1,暗黒魔典 ロスレコガチャパックⅠ,MallPackage.json
MallPackage.pack.13_gift.1,暗黒魔典 ギフトパック,MallPackage.json
MallPackage.pack.13_res.1,暗黒魔典 巡遊者育成パック,MallPackage.json
MallPackage.pack.13_role.1,暗黒魔典 青空旅券パック,MallPackage.json
MallPackage.pack.13_role_l.1,暗黒魔典 巡遊者ガチャパックⅡ,MallPackage.json
MallPackage.pack.13_role_s.1,暗黒魔典 巡遊者ガチャパックⅠ,MallPackage.json
MallPackage.pack.14_disc.1,潮騒のさざめき 煌金レコードパック,MallPackage.json
MallPackage.pack.14_disc_l.1,潮騒のさざめき ロスレコガチャパックⅡ,MallPackage.json
MallPackage.pack.14_disc_res.1,潮騒のさざめき ロスレコ昇格パック,MallPackage.json
MallPackage.pack.14_disc_s.1,潮騒のさざめき ロスレコガチャパックⅠ,MallPackage.json
MallPackage.pack.14_gift.1,潮騒のさざめき ギフトパック,MallPackage.json
MallPackage.pack.14_res.1,潮騒のさざめき 巡遊者育成パック,MallPackage.json
MallPackage.pack.14_role.1,潮騒のさざめき 青空旅券パック,MallPackage.json
MallPackage.pack.14_role_l.1,潮騒のさざめき 巡遊者ガチャパックⅡ,MallPackage.json
MallPackage.pack.14_role_res.1,潮騒のさざめき 巡遊者昇格パック,MallPackage.json
MallPackage.pack.14_role_s.1,潮騒のさざめき 巡遊者ガチャパックⅠ,MallPackage.json
MallPackage.pack.14_skill_res.1,潮騒のさざめき スキル強化パック,MallPackage.json
MallPackage.pack.15_disc.1,波が運ぶ 煌金レコードパック,MallPackage.json
MallPackage.pack.15_disc_l.1,波が運ぶ ロスレコガチャパックⅡ,MallPackage.json
MallPackage.pack.15_disc_s.1,波が運ぶ ロスレコガチャパックⅠ,MallPackage.json
MallPackage.pack.15_gift.1,波が運ぶ ギフトパック,MallPackage.json
MallPackage.pack.15_res.1,波が運ぶ 巡遊者育成パック,MallPackage.json
MallPackage.pack.15_role.1,波が運ぶ 青空旅券パック,MallPackage.json
MallPackage.pack.15_role_l.1,波が運ぶ 巡遊者ガチャパックⅡ,MallPackage.json
MallPackage.pack.15_role_s.1,波が運ぶ 巡遊者ガチャパックⅠ,MallPackage.json
MallPackage.pack.16_disc.1,色香華やぐ 煌金レコードパック,MallPackage.json
MallPackage.pack.16_disc_l.1,色香華やぐ ロスレコガチャパックⅡ,MallPackage.json
MallPackage.pack.16_disc_s.1,色香華やぐ ロスレコガチャパックⅠ,MallPackage.json
MallPackage.pack.16_gift.1,色香華やぐ ギフトパック,MallPackage.json
MallPackage.pack.16_res.1,色香華やぐ 巡遊者育成パック,MallPackage.json
MallPackage.pack.16_role.1,色香華やぐ 青空旅券パック,MallPackage.json
MallPackage.pack.16_role_l.1,色香華やぐ 巡遊者ガチャパックⅡ,MallPackage.json
MallPackage.pack.16_role_s.1,色香華やぐ 巡遊者ガチャパックⅠ,MallPackage.json
MallPackage.pack.disc.1,煌金レコードパック,MallPackage.json
MallPackage.pack.first.1,冒険応援パック,MallPackage.json
MallPackage.pack.op_disc.1,リリース記念 煌金レコードパック,MallPackage.json
MallPackage.pack.op_role.1,リリース記念 青空旅券パック,MallPackage.json
MallPackage.pack.role.1,青空旅券パック,MallPackage.json
MallPackage.pack.role_common.1,オアシス旅券パック,MallPackage.json
MallPackage.pack.sr.1,★4巡遊者 セレクトパック,MallPackage.json
MallPackage.skin.98.01.1,日焼けあとの思い出,MallPackage.json
MallPackage.skin.98.02.1,異国情緒で準備中,MallPackage.json
MallPackage.skin.98.03.1,雪降る夜の贈り物,MallPackage.json
MallPackage.skin.98.04.1,新人社員奮闘中！,MallPackage.json
MallPackage.skin.98.05.1,メルティ・ミスティ,MallPackage.json
MallPackage.skin.98.06.1,エターナル・ローズ,MallPackage.json
MallPackage.skin.98.07.1,水もしたたる初夏美人,MallPackage.json
MallPackage.skin.98.08.1,朝顔ノ乙女,MallPackage.json
MallPackage.skin.98.09.1,ヘンテコティータイム,MallPackage.json
MallPackage.skin.98.10.1,ノワールエトワール,MallPackage.json
MallPackage.skin.98.11.1,カムカムサマータイム,MallPackage.json
MallPackage.skin.98.12.1,クイーンオブレッド,MallPackage.json
MallPackage.skin.98.13.1,プカプカサマータイム,MallPackage.json
MallPackage.skin.98.14.1,のびのびサンセット,MallPackage.json
MallPackage.skin.98.15.1,ブライトアップ、チアアップ,MallPackage.json
MallShop.10003.1,煌金レコード,MallShop.json
MallShop.10005.1,巡遊者中級ガイド,MallShop.json
MallShop.10006.1,楽屋の古い帽子,MallShop.json
MallShop.10007.1,男爵の報酬,MallShop.json
MallShop.10008.1,陰鬱なる灯心,MallShop.json
MallShop.10009.1,ラビッシュの残滓,MallShop.json
MallShop.10010.1,ドボの残滓,MallShop.json
MallShop.10011.1,薄光の残滓,MallShop.json
MallShop.10012.1,音楽カセット・初級,MallShop.json
MallShop.10013.1,弾幕カセット・初級,MallShop.json
MallShop.10014.1,格闘カセット・初級,MallShop.json
MiningTreasure.1001.1,青銅コイン,MiningTreasure.json
MiningTreasure.1002.1,淡水パール,MiningTreasure.json
MiningTreasure.1003.1,海色サンゴ,MiningTreasure.json
MiningTreasure.1201.1,傀儡のカケラ,MiningTreasure.json
MiningTreasure.1202.1,真鍮の歯車,MiningTreasure.json
MiningTreasure.1203.1,残火の炉心,MiningTreasure.json
MiningTreasure.1301.1,コイン,MiningTreasure.json
MiningTreasure.1302.1,札束,MiningTreasure.json
MiningTreasure.1303.1,シャロの小銭入れ,MiningTreasure.json
MiningTreasure.1401.1,連絡船チケット,MiningTreasure.json
MiningTreasure.1402.1,錨の銀貨,MiningTreasure.json
MiningTreasure.1403.1,巻尺,MiningTreasure.json
MiningTreasure.2001.1,ゼリゼリクリスタル,MiningTreasure.json
MiningTreasure.2002.1,壺霊のアロマ,MiningTreasure.json
MiningTreasure.2003.1,シャークロッド,MiningTreasure.json
MiningTreasure.2201.1,コンパスの針,MiningTreasure.json
MiningTreasure.2202.1,破れた地図,MiningTreasure.json
MiningTreasure.2203.1,探検家の懐中時計,MiningTreasure.json
MiningTreasure.2301.1,石ころ,MiningTreasure.json
MiningTreasure.2302.1,つぶれた空き缶,MiningTreasure.json
MiningTreasure.2303.1,シャロのぬいぐるみ,MiningTreasure.json
MiningTreasure.2401.1,若葉の枝,MiningTreasure.json
MiningTreasure.2402.1,サバイバルロープ,MiningTreasure.json
MiningTreasure.2403.1,ネイルハンマー,MiningTreasure.json
MiningTreasure.3001.1,泥まみれの皮袋,MiningTreasure.json
MiningTreasure.3002.1,スカルキー,MiningTreasure.json
MiningTreasure.3003.1,旧海の巻物,MiningTreasure.json
MiningTreasure.3201.1,朽ちた青カズラ,MiningTreasure.json
MiningTreasure.3202.1,古木の残骸,MiningTreasure.json
MiningTreasure.3203.1,胡蝶の琥珀,MiningTreasure.json
MiningTreasure.3301.1,温室の鍵,MiningTreasure.json
MiningTreasure.3302.1,アースドリル,MiningTreasure.json
MiningTreasure.3303.1,農業用支柱,MiningTreasure.json
MiningTreasure.3401.1,深海用釣り竿,MiningTreasure.json
MiningTreasure.3402.1,軽量オール,MiningTreasure.json
MiningTreasure.3403.1,ハープーン,MiningTreasure.json
MiningTreasure.4001.1,黒土の陶壺,MiningTreasure.json
MiningTreasure.4002.1,白玉の秘匣,MiningTreasure.json
MiningTreasure.4003.1,竜鱗の宝箱,MiningTreasure.json
MiningTreasure.4201.1,松ヤニのたいまつ,MiningTreasure.json
MiningTreasure.4202.1,古びたランプ,MiningTreasure.json
MiningTreasure.4203.1,古の灯火,MiningTreasure.json
MiningTreasure.4301.1,ジョウロ,MiningTreasure.json
MiningTreasure.4302.1,植物育成ランプ,MiningTreasure.json
MiningTreasure.4303.1,謎の種,MiningTreasure.json
MiningTreasure.4401.1,頑丈な漁網,MiningTreasure.json
MiningTreasure.4402.1,クライミングピッケル,MiningTreasure.json
MiningTreasure.4403.1,満載の配達鞄,MiningTreasure.json
ResidentGoods.101.1,閃銀レコード,ResidentGoods.json
ResidentGoods.102.1,通常ギフト抽選箱,ResidentGoods.json
ResidentGoods.105.1,厳選巡遊者昇格箱,ResidentGoods.json
ResidentGoods.106.1,豪華巡遊者昇格箱,ResidentGoods.json
ResidentGoods.109.1,とろける言の葉,ResidentGoods.json
ResidentGoods.110.1,川より深い愛で,ResidentGoods.json
ResidentGoods.111.1,穢れなき純白,ResidentGoods.json
ResidentGoods.112.1,休日の泡,ResidentGoods.json
ResidentGoods.113.1,甘い招待,ResidentGoods.json
ResidentGoods.114.1,♥配信たいむ♥,ResidentGoods.json
ResidentGoods.301.1,レモネードと紅茶,ResidentGoods.json
ResidentGoods.302.1,一撃必中,ResidentGoods.json
ResidentGoods.303.1,かけがえのない時間,ResidentGoods.json
ResidentGoods.304.1,一期一会,ResidentGoods.json
ResidentGoods.305.1,真夜中の鈴,ResidentGoods.json
ResidentGoods.306.1,虹を描こう,ResidentGoods.json
ResidentGoods.308.1,厳選ロスレコ昇格箱,ResidentGoods.json
ResidentGoods.309.1,豪華ロスレコ昇格箱,ResidentGoods.json
ResidentGoods.401.1,『空白』の序章,ResidentGoods.json
ResidentGoods.402.1,清浄なる祈り,ResidentGoods.json
ResidentGoods.403.1,昼下がりの雨,ResidentGoods.json
ResidentGoods.404.1,見据える先に,ResidentGoods.json
ResidentGoods.405.1,白紙の航海図,ResidentGoods.json
ResidentGoods.406.1,甘く咲く時間,ResidentGoods.json
ResidentGoods.408.1,首領討伐素材箱,ResidentGoods.json
ResidentGoods.410.1,厳選スキルカセット箱,ResidentGoods.json
ResidentGoods.411.1,豪華スキルカセット箱,ResidentGoods.json
ResidentGoods.501.1,爽やかな香り,ResidentGoods.json
ResidentGoods.502.1,四季折々,ResidentGoods.json
ResidentGoods.505.1,信仰の証,ResidentGoods.json
ResidentGoods.506.1,冒険者の証,ResidentGoods.json
ResidentGoods.507.1,騎士道精神コイン,ResidentGoods.json
ThrowGiftItem.101.1,延長タイマー,ThrowGiftItem.json
ThrowGiftItem.102.1,シャロ打ち放題,ThrowGiftItem.json
ThrowGiftItem.103.1,スーパーアイス,ThrowGiftItem.json
ThrowGiftItem.104.1,ゴールドコイン,ThrowGiftItem.json
ThrowGiftItem.105.1,ミラクルシャロ,ThrowGiftItem.json
ThrowGiftItem.106.1,エアドロップシャロ,ThrowGiftItem.json
ThrowGiftItem.107.1,ブレイクシャロ,ThrowGiftItem.json
ThrowGiftItem.108.1,ガイドシャロ,ThrowGiftItem.json
ThrowGiftItem.109.1,バウンドシャロ,ThrowGiftItem.json
ThrowGiftItem.110.1,マジックシャロ,ThrowGiftItem.json
TowerDefenseItem.1001.1,かき氷機,TowerDefenseItem.json
TowerDefenseItem.1011.1,大容量パチパチメテオ,TowerDefenseItem.json
TowerDefenseItem.1021.1,除草剤,TowerDefenseItem.json
TowerDefenseItem.1031.1,雨雲の缶詰,TowerDefenseItem.json
