source,target,tgt_lng
'Custodia' Individual Comm-Unit,“監護者”單兵通訊單元,zh-TW
'Meeboo' Control Terminal XP,咪波控制終端XP,zh-TW
'Out-Law' Special Ammunition Surplus,“律外”特種彈藥配給組,zh-TW
'Vinyl Record' Box,“唱片”收藏箱,zh-TW
'검은색' 자판기,“黑色”販賣機,zh-TW
'무법' 특수탄약 배급 세트,“律外”特種彈藥配給組,zh-TW
'보호자' 병사 통신 유닛,“監護者”單兵通訊單元,zh-TW
'음반' 수집 상자,“唱片”收藏箱,zh-TW
...Who Heals Not Herself,醫不自治,zh-TW
1호 프로젝트 모델,一號計劃模型,zh-TW
8시 시트콤 녹화 비디오,八點檔情景劇錄影帶,zh-TW
A Bright Idea Occurs,靈機一動,zh-TW
A Collection of Rosy Tales,玫瑰色故事集,zh-TW
A Ferry that Withers,易枯萎的航船,zh-TW
A Floral Garland to the Red Dragon,贈予紅龍的花冠,zh-TW
A Graduation Gift for Генерал Мороз,冬將軍的畢業禮物,zh-TW
A Guardian's Path,守護的道路,zh-TW
A Hidey-Hole That Moves,移動的窩,zh-TW
A Knightly House,騎士家族,zh-TW
A Long Journey,漫長的旅途,zh-TW
A Neural Stimulant Based on 'Coffee',基於咖啡的神經活性劑,zh-TW
A New Life,新的生活,zh-TW
A Pen Collection from the Convallis,來自河谷的筆盒,zh-TW
A Quaint First-Aid Kit,古樸的急救箱,zh-TW
A Silent Pact,無言的約定,zh-TW
A Suspicious Pamphlet,可疑的宣傳頁,zh-TW
A Thousandth of A Heart,千分之一的心,zh-TW
A Three-Sided Coin,三面的金幣,zh-TW
A Warmy Gift,贈別之味,zh-TW
A Weathered Snow Hat,雪浸過的斗笠,zh-TW
A Well-Made Shirt,做工優良的襯衣,zh-TW
A Young Wheat,年輕的麥子,zh-TW
Aak's Badge,阿證章,zh-TW
Absinthe's Badge,苦艾證章,zh-TW
Aciddrop's Badge,酸糖證章,zh-TW
Acknowledged,已知悉,zh-TW
Aegean's Kiss,愛琴之吻,zh-TW
After Landing,落地之後,zh-TW
Akafuyu's Badge,赤冬證章,zh-TW
Akkord's Badge,協律證章,zh-TW
Alanna's Badge,阿蘭娜證章,zh-TW
"All Told, A Sleepless Night",終夜無寐,zh-TW
All the Thunderlight,天地通明,zh-TW
All-You-Crabs-Eat,鉗鉗自助餐,zh-TW
Alliance/Supportive Operator's Badge,盟約·輔助幹員證章,zh-TW
Almond's Badge,杏仁證章,zh-TW
Always Have Your Back,鄉音,zh-TW
Amaranthine Nursery,不謝的苗圃,zh-TW
Ambriel's Badge,安比爾證章,zh-TW
Amiya's Badge,阿米婭證章,zh-TW
Amiya's Badge (Guard),阿米婭證章（近衛）,zh-TW
Amiya's Badge (Medic),阿米婭證章（醫療）,zh-TW
Ammadikshu,自然的包容,zh-TW
Amulet,護身符,zh-TW
An Exuvia of Her Past,蛻化的殘跡,zh-TW
An Invalid Access Card,缺角的權限,zh-TW
An Old Thing,舊物,zh-TW
Ancestor Launcher,祖宗發射器,zh-TW
Andreana's Badge,安哲拉證章,zh-TW
Angelina's Badge,安潔莉娜證章,zh-TW
Angelina's Specialized Badge,安潔莉娜特限證章,zh-TW
Anger to be Tuned,待調弦的怒火,zh-TW
Another Story,故事的結局,zh-TW
Aosta's Badge,奧斯塔證章,zh-TW
"Application Forms, To Be Confirmed",待確認的申請表,zh-TW
April's Badge,四月證章,zh-TW
Aqua Blue Dawn,水藍色黎明,zh-TW
Archetto's Badge,空弦證章,zh-TW
Archetto's Specialized Badge,空弦特限證章,zh-TW
Arene's Badge,芳汀證章,zh-TW
Armor Cleaning Brush Set,毛刷套裝,zh-TW
Aroma's Badge,阿羅瑪證章,zh-TW
Arrow Adjustment Box,弩箭調試箱,zh-TW
Asbestos vs. Two-headed Gloompincer,石棉大戰雙頭鉗獸,zh-TW
Asbestos's Badge,石棉證章,zh-TW
Ascalon's Badge,阿斯卡綸證章,zh-TW
Ash's Badge,ASH證章,zh-TW
Ashlock's Badge,灰毫證章,zh-TW
Ashの記章,ASH證章,zh-TW
Ash의 배지,ASH證章,zh-TW
Aspiration,心聲,zh-TW
Astesia's Badge,星極證章,zh-TW
Astgenne the Lightchaser's Badge,溯光星源證章,zh-TW
Astgenne's Badge,星源證章,zh-TW
Attention-holding Device,注意力保持裝置,zh-TW
Auld Lang Syne,友誼萬歲,zh-TW
Aurora's Badge,極光證章,zh-TW
Authentic Locksmith's Instruments,原版開鎖工具,zh-TW
Ayerscarpe's Badge,斷崖證章,zh-TW
Backstreet Shield,後街圓盾,zh-TW
Badlands Exotic Toolkit,惡地奇異工具套組,zh-TW
Bagpipe’s Badge,風笛證章,zh-TW
Ball of Yarn,毛線球,zh-TW
Ballast For Wanderlust,漫遊者的壓艙石,zh-TW
Bamboo Ikebana,斷竹插花作品,zh-TW
Bassline's Badge,深律證章,zh-TW
Be Resplendent and Outstanding,金幣輝煌,zh-TW
Beach Combat Suit,沙灘戰鬥套裝,zh-TW
Beanstalk's Badge,豆苗證章,zh-TW
Beast-Shaped Stone Container,獸形棋盒,zh-TW
Beehunter's Badge,獵蜂證章,zh-TW
Beeswax's Badge,蜜蠟證章,zh-TW
Beeswax's Blessing,司祭的祝福,zh-TW
Bena's Badge,貝娜證章,zh-TW
Bestowed Trinket,受賜玩物,zh-TW
Beware of the Edges,內斂鋒芒,zh-TW
Bibeak’s Badge,柏喙證章,zh-TW
Bibliotheca,圖書館,zh-TW
Big Feline Desensitization Experiment,大菲林脫敏實驗,zh-TW
Bison's Badge,拜松證章,zh-TW
Blacknight's Badge,夜半證章,zh-TW
Blade Seal,沉鋒之束,zh-TW
Blade of Blazing Sun,耀陽鋒刃,zh-TW
Blaze the Igniting Spark's Badge,燭煌證章,zh-TW
Blaze's Badge,煌證章,zh-TW
Blemishine's Badge,瑕光證章,zh-TW
Blitz's Badge,BLITZ證章,zh-TW
Blitzの記章,BLITZ證章,zh-TW
Blitz의 배지,BLITZ證章,zh-TW
Blue Poison's Badge,藍毒證章,zh-TW
Blueberry & Dark Chocolate,藍莓與黑巧,zh-TW
Bobbing's Badge,波卜證章,zh-TW
Book Collection of the Best Magician,才女的藏書,zh-TW
Breath of Twin Moons,雙月的呼吸,zh-TW
Breeze's Badge,微風證章,zh-TW
Brevity of Life,生命的短暫,zh-TW
Brigid's Badge,水燈心證章,zh-TW
Broca's Badge,布洛卡證章,zh-TW
Broken Rose,碎片,zh-TW
Broken Tail Corrector,損壞的尾尾佳,zh-TW
Bryophyta's Badge,蒼苔證章,zh-TW
Bubble's Badge,泡泡證章,zh-TW
Bubble's Shining Sword,泡泡閃光必殺劍,zh-TW
Buddies,兄弟,zh-TW
Caerulorum Semina,深藍之籽,zh-TW
Cairn's Badge,響石證章,zh-TW
Calendar the Limited Edition,限量版年曆,zh-TW
Candy Box,糖果盒,zh-TW
Cantabile's Badge,曉歌證章,zh-TW
Caper's Badge,躍躍證章,zh-TW
Capstone Project,畢業設計,zh-TW
Carnelian's Badge,卡涅利安證章,zh-TW
Carry-On Bumper,隨身保險桿,zh-TW
Castle Pop-Up Book,夢之城堡立體書,zh-TW
Catherine's Badge,凱瑟琳證章,zh-TW
Cavalry Policeman Suit,騎警套裝,zh-TW
Cement's Badge,洋灰證章,zh-TW
Central Nerve Detection Module,中樞神經探測模組,zh-TW
Ceobe's Badge,刻俄柏證章,zh-TW
Ceylon's Badge,錫蘭證章,zh-TW
Ch'en the Dawnstreak's Badge,赤刃明霄陳證章,zh-TW
Ch'en the Holungday's Badge,假日威龍陳證章,zh-TW
Change of Ways,改弦更張,zh-TW
Chestnut's Badge,褐果證章,zh-TW
Chiave's Badge,賈維證章,zh-TW
Chilchuck's Badge,奇爾查克證章,zh-TW
Children of Terra,孩子們,zh-TW
Chongyue's Badge,重岳證章,zh-TW
Ch’en’s Badge,陳證章,zh-TW
Civilight Eterna's Badge,魔王證章,zh-TW
Clawcure Set with Duality,美爪套裝二象性,zh-TW
Click's Badge,卡達證章,zh-TW
Cliffheart's Badge,崖心證章,zh-TW
Closed Hope,封閉的希望,zh-TW
Coldshot's Badge,冰釀證章,zh-TW
Color of the Wind,風的顏色,zh-TW
Colorful Life,多彩人生,zh-TW
Colorful Life in the Salt Flat,多彩鹽漠生活,zh-TW
Combat Boots,作戰靴,zh-TW
Consul's Handmirror,執政官手鏡,zh-TW
Controllable Momentum,可控動量,zh-TW
Convenience Kit for New Friends,新朋友聖城生活套組,zh-TW
Conviction’s Badge,斷罪者證章,zh-TW
Corroserum's Badge,蝕清證章,zh-TW
Courier's Badge,訊使證章,zh-TW
Covert Action Toolkit,隱秘行動工具包,zh-TW
Croissant's Badge,可頌證章,zh-TW
Crownslayer's Badge,弒君者證章,zh-TW
Crystal Corsage,結晶胸花,zh-TW
Cuora's Badge,蛇屠箱證章,zh-TW
Custom Bionic Seadragon,仿生海龍改型,zh-TW
Customized Crossbow Accessory Suit,定製弩配件套裝,zh-TW
Customized Firefighting Suit,客製化防火服,zh-TW
Cutter’s Badge,刻刀證章,zh-TW
Cutting-edge Thermite Unit,尖端鋁熱單元,zh-TW
Czerny's Badge,車爾尼證章,zh-TW
D32 Steel Chair,D32鋼椅,zh-TW
D32鋼の椅子,D32鋼椅,zh-TW
D32钢椅,D32鋼椅,zh-TW
D32강 의자,D32鋼椅,zh-TW
Dagda's Badge,達格達證章,zh-TW
Dancing Moonlight,跳舞的月光,zh-TW
Deepcolor's Badge,深海色證章,zh-TW
Degenbrecher's Badge,鐧證章,zh-TW
Delphine's Badge,戴菲恩證章,zh-TW
Designer Dinnerware,專屬餐具,zh-TW
Deszcz's Graduate Memento,黛絲特的畢業禮,zh-TW
Diamante's Badge,折光證章,zh-TW
Dim Candlelight,幽明燭光,zh-TW
Director Swire's Lungmen Food Guide,詩懷雅的龍門美食指南,zh-TW
Distant and Less Familiar World,遙遠陌生的世界,zh-TW
Distinguisher,但思善惡,zh-TW
Dobermann's Badge,杜賓證章,zh-TW
Doc's Badge,DOC證章,zh-TW
Docの記章,DOC證章,zh-TW
Doc의 배지,DOC證章,zh-TW
Don't Disturb,請勿叩門,zh-TW
Dorothy's Badge,多蘿西證章,zh-TW
Dream Must Come True,夢想終將實現,zh-TW
Dresser Flowing Shape,梳妝流形,zh-TW
Drone Control Module.P,專業無人機操作模組,zh-TW
Drone Spraying Kit,無人機噴塗套裝,zh-TW
Dur-nar's Badge,堅雷證章,zh-TW
Dusk's Badge,夕證章,zh-TW
Dusk's Specialized Badge,夕特限證章,zh-TW
Earthspirit's Badge,地靈證章,zh-TW
Ebenholz's Badge,黑鍵證章,zh-TW
Echo of Craftsman's Guild,工匠團的迴響,zh-TW
Ela's Badge,ELA證章,zh-TW
Elaの記章,ELA證章,zh-TW
Ela의 배지,ELA證章,zh-TW
Electromagnetic Regulator,電磁調節器,zh-TW
Elixir,仙藥,zh-TW
Elysium's Badge,極境證章,zh-TW
Emergency Callbook,應急通訊指南,zh-TW
Emergency Kit,逃亡路上的緊急小包,zh-TW
Emergency Reserves,應急儲備,zh-TW
Emergency Self-Defense Procedures,緊急防衛程式,zh-TW
Enforcer's Badge,見行者證章,zh-TW
Engineering Recorder,工程記錄儀,zh-TW
Entelechia's Badge,隱德來希證章,zh-TW
Entreaty of the Herald,使者之約,zh-TW
Erato's Badge,埃拉托證章,zh-TW
Estelle's Badge,艾絲黛爾證章,zh-TW
Ethan's Badge,伊桑證章,zh-TW
Eunectes's Badge,森蚺證章,zh-TW
Eunectes's Specialized Badge,森蚺特限證章,zh-TW
Executor the Ex Foedere's Badge,聖約送葬人證章,zh-TW
Executor's Badge,送葬人證章,zh-TW
Executor's Satchel,執行者隨身包,zh-TW
Exemplars,典範之人,zh-TW
Experimental Anti-Gravity Module,實驗用反重力模組,zh-TW
Experimental ECU Prototype,新型電控設備技術原型,zh-TW
Exquisite Heart,七竅玲瓏,zh-TW
Extra Training,額外訓練,zh-TW
Exusiai the New Covenant's Badge,新約能天使證章,zh-TW
Exusiai's Badge,能天使證章,zh-TW
Exusiai's Surprise,能天使的傑作,zh-TW
Eyes of Ascalon,阿斯卡綸的眼睛,zh-TW
Eyjafjalla the Hvít Aska's Badge,純燼艾雅法拉證章,zh-TW
Eyjafjalla's Badge,艾雅法拉證章,zh-TW
FEater's Badge,食鐵獸證章,zh-TW
FMC-Crawler,鐵鉗號·爬行者,zh-TW
Fabric Apples,布藝蘋果,zh-TW
Fallen Leaves of Four Seasons,落葉四季,zh-TW
Fan Letters,支持者來信,zh-TW
Fang the Fire-Sharpened's Badge,歷陣銳槍芬證章,zh-TW
Farewell Gifts from the Wildlands,荒野地的餞別禮,zh-TW
Farewell to the Old Days,別昔年,zh-TW
Fartooth's Badge,遠牙證章,zh-TW
Father's Robe,父親的袍子,zh-TW
Fiammetta's Badge,菲亞梅塔證章,zh-TW
Field Research Equipment,野外考察套裝,zh-TW
Field Sniper Equipment,野戰狙擊套裝,zh-TW
Figurino's Badge,裁度證章,zh-TW
Final Line,最後一行,zh-TW
Fire Retardant Treatment,阻燃處理方案,zh-TW
Firewatch's Badge,守林人證章,zh-TW
Firewhistle's Badge,火哨證章,zh-TW
First-show Support Set,首戰支援套組,zh-TW
Flamebringer's Badge,炎客證章,zh-TW
Flametail's Badge,焰尾證章,zh-TW
Flint's Badge,燧石證章,zh-TW
Flip Phone,翻蓋手機,zh-TW
Folinic's Badge,亞葉證章,zh-TW
Follow Your Doctor's Orders,請遵醫囑,zh-TW
Followers,使徒,zh-TW
Fond Dream with Poetry,詩短夢長,zh-TW
Footnotes of the Past,過往的註腳,zh-TW
Footprints Growing,成長的足跡,zh-TW
Fragrance Earrings,香薰耳墜,zh-TW
Franka's Badge,芙蘭卡證章,zh-TW
"Freedom, Onion Rings, and Me",自由、洋蔥圈和我,zh-TW
Frost's Badge,FROST證章,zh-TW
Frostleaf's Badge,霜葉證章,zh-TW
Frostの記章,FROST證章,zh-TW
Frost의 배지,FROST證章,zh-TW
Fuze's Badge,FUZE證章,zh-TW
Fuzeの記章,FUZE證章,zh-TW
Fuze의 배지,FUZE證章,zh-TW
Gavial the Invincible's Badge,百煉嘉維爾證章,zh-TW
Gavial's Badge,嘉維爾證章,zh-TW
Gifts From Friends,友人們的贈禮,zh-TW
Gifts from Columbia,遠方的禮物,zh-TW
Gitano's Badge,遠山證章,zh-TW
Gladiia's Badge,歌蕾蒂婭證章,zh-TW
Glaucus's Badge,格勞克斯證章,zh-TW
Gloomy Justice,正義黯淡,zh-TW
Gnosis's Badge,靈知證章,zh-TW
Gnosis's Specialized Badge,靈知特限證章,zh-TW
Gold of Crowns,王權金幣,zh-TW
Goldenglow's Badge,澄閃證章,zh-TW
Good Old School Days,往昔時光,zh-TW
Grain Buds' Badge,小滿證章,zh-TW
Grani’s Badge,格拉尼證章,zh-TW
Gravel's Badge,礫證章,zh-TW
Gravity Calibration Module,重力校準模組,zh-TW
GreyThroat's Badge,灰喉證章,zh-TW
Greyy the Lightningbearer's Badge,承曦格雷伊證章,zh-TW
Greyy's Badge,格雷伊證章,zh-TW
Ground Journey Commemorative Light,地上巡旅紀念燈,zh-TW
Gummy's Badge,古米證章,zh-TW
Gunsmithing Toolkit,槍支調試工具組,zh-TW
Hannah's Dislocation Rehabilitation Set,漢娜的脫臼復位套裝,zh-TW
Hard to Keep Awake,難得清醒,zh-TW
Harmonie's Badge,和弦證章,zh-TW
Harold's Badge,哈洛德證章,zh-TW
Haruka's Badge,遙證章,zh-TW
Haze's Badge,夜煙證章,zh-TW
Heart of Sami,薩米的不滅心臟碎片,zh-TW
Heart of Tragodia,酒神之心,zh-TW
"Heaven, Here, Now",可執行的幻想,zh-TW
Heavyrain's Badge,暴雨證章,zh-TW
Heidi's Badge,海蒂證章,zh-TW
Hellagur's Badge,赫拉格證章,zh-TW
Hi-Fi Headset,高保真通訊耳機,zh-TW
Hibiscus the Purifier's Badge,濯塵芙蓉證章,zh-TW
Hidden Blade,無形，無情,zh-TW
Highbury Imprint,海布里印記,zh-TW
Highmore's Badge,海沫證章,zh-TW
Hit the Road,未竟的旅程,zh-TW
Ho'olheyak's Badge,霍爾海雅證章,zh-TW
Ho'olheyak's Specialized Badge,霍爾海雅特限證章,zh-TW
Hoederer's Badge,赫德雷證章,zh-TW
Home of 'Black Lock' and 'White Key',鎖與匙之家,zh-TW
Homemade Jack,自製千斤頂,zh-TW
Homemade Trekking Poles,自製登山杖,zh-TW
Honeyberry's Badge,蜜莓證章,zh-TW
Horn's Badge,號角證章,zh-TW
Horncare Set,角部“護理”套組,zh-TW
Hoshiguma the Breacher's Badge,斬業星熊證章,zh-TW
Hoshiguma's Badge,星熊證章,zh-TW
Hour of the Wolf,狼時,zh-TW
Humus's Badge,休謨斯證章,zh-TW
Hung's Badge,吽證章,zh-TW
Hunter's Knife,獵刀,zh-TW
Hunts of the Past,過去的狩獵,zh-TW
Hyacinth and Dagger,風信子與匕首,zh-TW
I'll be right back,稍後回來,zh-TW
Iana's Badge,IANA證章,zh-TW
Ianaの記章,IANA證章,zh-TW
Iana의 배지,IANA證章,zh-TW
Ice Brazier,冰焰,zh-TW
Ifrit's Badge,伊芙利特證章,zh-TW
Improved Knight Shield,改良騎士盾牌,zh-TW
Improved Lens.P,專業級改良鏡頭,zh-TW
In My Dreams,夢中人,zh-TW
In the Dead of Night,夜深人靜,zh-TW
In the Woolen of Snow,以雪為線,zh-TW
Indigo's Badge,深靛證章,zh-TW
Indra's Badge,因陀羅證章,zh-TW
Industrious Wings,辛勞之翼,zh-TW
Ines's Badge,伊內絲證章,zh-TW
Inheritance and Development,傳承與開拓,zh-TW
Innocent,無罪,zh-TW
Inquisitor's Ration,審判官口糧,zh-TW
Insider's Badge,隱現證章,zh-TW
Instructional Soaring Dragon Drone,教學用龍騰無人機,zh-TW
Intimidator,威嚇者,zh-TW
Irene's Badge,艾麗妮證章,zh-TW
Irene's Specialized Badge,艾麗妮特限證章,zh-TW
Iris's Badge,愛麗絲證章,zh-TW
Iron Heart,鋼鐵之心,zh-TW
Istina's Badge,真理證章,zh-TW
Jackie's Badge,傑克證章,zh-TW
Jaye’s Badge,孑證章,zh-TW
Jessica the Liberated's Badge,滌火潔西卡證章,zh-TW
Jessica's Badge,潔西卡證章,zh-TW
Jessica's Order,潔西卡的訂單,zh-TW
Jieyun's Badge,截雲證章,zh-TW
Ju's Badge,矩證章,zh-TW
Kafka's Badge,卡夫卡證章,zh-TW
Kal'tsit's Badge,凱爾希證章,zh-TW
Kal'tsit's Specialized Badge,凱爾希特限證章,zh-TW
Kazemaru's Badge,風丸證章,zh-TW
Kestrel's Badge,紅隼證章,zh-TW
Kichisei's Badge,吉星證章,zh-TW
Kirara's Badge,綺良證章,zh-TW
Kirin R Yato's Badge,麒麟R夜刀證章,zh-TW
Kjera's Badge,耶拉證章,zh-TW
"Knife, I Made",我打的刀,zh-TW
Knight Primus,長騎,zh-TW
Knitting of a Future,續針,zh-TW
Kroos the Keen Glint's Badge,寒芒克洛絲證章,zh-TW
LMG 거치대,輕機槍槍架,zh-TW
LMG用銃架,輕機槍槍架,zh-TW
La Pluma's Badge,羽毛筆證章,zh-TW
La Punciuta,敘拉古式入門禮,zh-TW
Laios's Badge,萊歐斯證章,zh-TW
Lappland the Decadenza's Badge,荒蕪拉普蘭德證章,zh-TW
Lappland's Badge,拉普蘭德證章,zh-TW
Lava the Purgatory's Badge,炎獄炎熔證章,zh-TW
Lee’s Badge,老鯉證章,zh-TW
Legs Care Kit,腿部護理套裝,zh-TW
Leisure Hours,閒暇時分,zh-TW
Leizi the Thunderbringer's Badge,司霆驚蟄證章,zh-TW
Leizi's Badge,驚蟄證章,zh-TW
Lemon-flavored Childhood,檸檬味的童年,zh-TW
Lemuen's Badge,蕾繆安證章,zh-TW
Leonhardt's Badge,萊恩哈特證章,zh-TW
Lessing's Badge,止頌證章,zh-TW
Leto's Badge,烈夏證章,zh-TW
Liber Sacer,厚重的經卷,zh-TW
Light of Heria,赫里亞之輝,zh-TW
Lin's Badge,林證章,zh-TW
Lineage of Decay,朽壞傳承,zh-TW
Ling’s Badge,令證章,zh-TW
Liskarm's Badge,雷蛇證章,zh-TW
Little Seeds,小小的種子,zh-TW
Logos's Badge,邏各斯證章,zh-TW
Lord/Sharp's Badge,領主·Sharp證章,zh-TW
Lost Dull Knife,刺棱鈍刃,zh-TW
Low Temperature Resistant Communication Equipment,耐低溫通訊設備,zh-TW
Lucilla's Badge,海霓證章,zh-TW
Luck,幸運,zh-TW
Lumen's Badge,流明證章,zh-TW
Lunacub's Badge,子月證章,zh-TW
Luo Xiaohei's Badge,羅小黑證章,zh-TW
Lutonada's Badge,露托證章,zh-TW
Luxurious Life-and-Death Struggle,華貴璀璨的死鬥,zh-TW
M120 CREM 파괴탄,刺針式合金爆破彈,zh-TW
Machinegun Rack,輕機槍槍架,zh-TW
Magallan's Badge,麥哲倫證章,zh-TW
Magazine and Stained Glass,彈匣與花窗,zh-TW
Man in Scabbard,鞘中人,zh-TW
Manticore's Badge,獅蠍證章,zh-TW
Mantra's Badge,真言證章,zh-TW
Marcille's Badge,瑪露希爾證章,zh-TW
Marks of Time,時間的痕跡,zh-TW
Matoimaru's Badge,纏丸證章,zh-TW
Matterhorn's Badge,角峰證章,zh-TW
May's Badge,梅證章,zh-TW
Mayer's Badge,梅爾證章,zh-TW
Meaning of Flowers,這些花朵的含義,zh-TW
Mechanist's Badge,Mechanist證章,zh-TW
Mechanistの記章,Mechanist證章,zh-TW
Mechanist证章,Mechanist證章,zh-TW
Medic Environment Analyze System,醫療環境分析裝置,zh-TW
Melanite's Badge,玫拉證章,zh-TW
Mercenary's Bag,傭兵的行囊,zh-TW
Metallic Spring Loaded Trap,機械式陷阱壓力板,zh-TW
Meteor's Badge,流星證章,zh-TW
Meteorite's Badge,隕星證章,zh-TW
Military Telescope,軍用望遠鏡,zh-TW
Mineral Display Cabinet,礦石展覽櫃,zh-TW
Minimalist's Badge,至簡證章,zh-TW
Mint's Badge,薄綠證章,zh-TW
Misery's Badge,Misery證章,zh-TW
Miseryの記章,Misery證章,zh-TW
Misery证章,Misery證章,zh-TW
Miss Christine's Felt,克里斯汀小姐的毛氈,zh-TW
Miss.Christine's Badge,Miss.Christine證章,zh-TW
Miss.Christine证章,Miss.Christine證章,zh-TW
Missed Sounds,錯過的聲音,zh-TW
Mitm's Badge,渡橋證章,zh-TW
Mixed-Fruit Medical Caddy,什錦果味醫用箱,zh-TW
Mizuki's Badge,水月證章,zh-TW
Mizuki's Specialized Badge,水月特限證章,zh-TW
Mobile Powerbank,移動電箱,zh-TW
Modified Breaching Grenade,刺針式合金爆破彈,zh-TW
Moist Sword Bag,潮濕的劍袋,zh-TW
Mon3tr's Badge,Mon3tr證章,zh-TW
Mon3trの記章,Mon3tr證章,zh-TW
Mon3tr证章,Mon3tr證章,zh-TW
Mon3tr의 배지,Mon3tr證章,zh-TW
Morgan's Badge,摩根證章,zh-TW
Mostima's Badge,莫斯提馬證章,zh-TW
Mother's Cravat,母親的領巾,zh-TW
Mountain's Badge,山證章,zh-TW
Mousse's Badge,慕斯證章,zh-TW
Mr. Nothing’s Badge,烏有證章,zh-TW
Mudrock's Badge,泥岩證章,zh-TW
Muelsyse's Badge,繆爾賽思證章,zh-TW
Mulberry's Badge,桑葚證章,zh-TW
Multifunctional Mapping Instruments (Early Access),多功能測繪儀-改良版,zh-TW
Mutsumi Wakaba's Badge,若葉睦證章,zh-TW
Myrrh's Badge,末藥證章,zh-TW
Myrtle's Badge,桃金娘證章,zh-TW
Mystery Prop Pack,神秘的道具包,zh-TW
Młynar's Badge,瑪恩納證章,zh-TW
Narantuya's Badge,娜仁圖亞證章,zh-TW
Nasti's Badge,娜斯提證章,zh-TW
Nearl the Radiant Knight’s Badge,耀騎士臨光證章,zh-TW
Nearl's Badge,臨光證章,zh-TW
Necrass's Badge,死芒證章,zh-TW
New Beginning,新的開始,zh-TW
New Bionic Prototype,新型仿生原型,zh-TW
New Friends,睦的新朋友,zh-TW
New Home,新家園,zh-TW
Nian's Badge,年證章,zh-TW
Nightingale's Badge,夜鶯證章,zh-TW
Nightmare's Badge,夜魔證章,zh-TW
Nine-Colored Deer's Badge,九色鹿證章,zh-TW
No Ending to This Dream,往日殘夢,zh-TW
No Trace,無跡,zh-TW
Nocturnal Echoes,鶯歌,zh-TW
Noir Corne's Personal Notes,黑角的隨身筆記,zh-TW
Non-Magical Culinary Arts,非魔法廚藝,zh-TW
Notes,記事,zh-TW
Novice Detective's Gift Bag,新手偵探禮包,zh-TW
Nowell's Badge,諾威爾證章,zh-TW
Nyamu Yūtenji's Badge,祐天寺若麥證章,zh-TW
Nymph's Badge,妮芙證章,zh-TW
Odda's Badge,奧達證章,zh-TW
Official Coupon Stamp of the BBQ House,烤肉店官方優惠章,zh-TW
Old Backpack,舊背包,zh-TW
"Old Clothes, New Days",舊日新裝,zh-TW
Old Razor,老剃刀,zh-TW
On Architecture of Time,欽天司時,zh-TW
On the Field,在田野上,zh-TW
Ordinary Stones,凡石,zh-TW
Originium Dice Case,源石骰子收納盒,zh-TW
Outdoor Essential Kit,出門必備套裝,zh-TW
"Overloaded Weapons, Overheated Heart",過載的武器與過熱的心臟,zh-TW
Pale Gold Hair Pendant,淡金墜飾,zh-TW
Pallas's Badge,帕拉斯證章,zh-TW
Panacea,醫者,zh-TW
Paprika's Badge,明椒證章,zh-TW
Papyrus's Badge,莎草證章,zh-TW
Parachute,降落傘,zh-TW
Passenger's Badge,異客證章,zh-TW
Passenger's Specialized Badge,異客特限證章,zh-TW
Pastoral,牧人的歌,zh-TW
"Patience, Mission, Vacation",殺手也有假期,zh-TW
Pebbles,小石頭,zh-TW
Penance's Badge,斥罪證章,zh-TW
Pepe's Badge,佩佩證章,zh-TW
Pepe's Specialized Badge,佩佩特限證章,zh-TW
Perfumer the Distilled's Badge,擷英調香師證章,zh-TW
Perfumer's Badge,調香師證章,zh-TW
Pet Contest First Prize,寵物大賽第一名,zh-TW
Phantom's Badge,傀影證章,zh-TW
Phantom's Specialized Badge,傀影特限證章,zh-TW
Philae's Badge,菲萊證章,zh-TW
Phrenology,顱相學,zh-TW
Piledriver Spear Magazine,破城矛彈夾,zh-TW
Pinecone's Badge,松果證章,zh-TW
Pith's Badge,Pith證章,zh-TW
Pithの記章,Pith證章,zh-TW
Pith证章,Pith證章,zh-TW
Platinum's Badge,白金證章,zh-TW
Pocket Omamori,懷中御守,zh-TW
Podenco's Badge,波登可證章,zh-TW
Poncirus's Badge,青枳證章,zh-TW
Popular Sitcom Tapes,八點檔情景劇錄影帶,zh-TW
Portable Electrical Measuring Equipment,便攜測電設備,zh-TW
Portable Radar Equipment,便攜雷達的輔助器材,zh-TW
Portable Wildland Stimulants,荒野便攜提神劑,zh-TW
Powered Exoskeleton,外骨骼裝備,zh-TW
Pozëmka's Badge,鴻雪證章,zh-TW
Pramanix the Prerita's Badge,聖聆初雪證章,zh-TW
Pramanix's Badge,初雪證章,zh-TW
Price of Freedom,自由的代價,zh-TW
Private Collections,私人收藏,zh-TW
Private Field Supply Package,外勤私人補給包,zh-TW
Project One Model,一號計劃模型,zh-TW
Projekt Red's Badge,紅證章,zh-TW
Provence's Badge,普羅旺斯證章,zh-TW
Proviso's Badge,但書證章,zh-TW
Ptilopsis's Badge,白面鴞證章,zh-TW
Pudding's Badge,布丁證章,zh-TW
Purestream's Badge,清流證章,zh-TW
Puzzle's Badge,謎圖證章,zh-TW
Qanipalaat's Badge,雪絨證章,zh-TW
Qiubai's Badge,仇白證章,zh-TW
Quartz's Badge,石英證章,zh-TW
Quercus's Badge,夏櫟證章,zh-TW
Raidian's Badge,Raidian證章,zh-TW
Raidian's Badge,電弧證章,zh-TW
Raidian's Special Operator Badge,電弧特勤證章,zh-TW
Raidianの記章,Raidian證章,zh-TW
Raidian证章,Raidian證章,zh-TW
Rain or Shine,晴雨,zh-TW
Rathalos S Noir Corne's Badge,火龍S黑角證章,zh-TW
Ray's Badge,萊伊證章,zh-TW
Reach the Top,凌絕頂,zh-TW
Reading Notes,讀書筆記,zh-TW
Really Dry Bread,很乾的麵包,zh-TW
Record Keeper's Badge,錄武官證章,zh-TW
Reed the Flame Shadow's Badge,焰影葦草證章,zh-TW
Reed’s Badge,葦草證章,zh-TW
Reflection of a Mother's Love,母愛的倒影,zh-TW
Remnant Pages of Memory,記憶殘頁,zh-TW
Replaceable Tool Set,可替換刀具套裝,zh-TW
Rhodes Island Standard Combat Sword,羅德島制式劍,zh-TW
Roberta's Badge,羅比菈塔證章,zh-TW
Robin's Badge,羅賓證章,zh-TW
Rockrock's Badge,洛洛證章,zh-TW
Rope's Badge,暗索證章,zh-TW
Rosa's Badge,早露證章,zh-TW
Rose Salt's Badge,瑰鹽證章,zh-TW
Rosmontis's Badge,迷迭香證章,zh-TW
Rosmontis's Specialized Badge,迷迭香特限證章,zh-TW
Rouya Bimei,朧夜微明,zh-TW
Rubik's Cube Pendant,魔方掛墜,zh-TW
Rusty Broken Blade,鏽損的斷刀,zh-TW
Rusty Stick,鏽枝,zh-TW
Saga's Badge,嵯峨證章,zh-TW
Saileach's Badge,琴柳證章,zh-TW
Sakiko Togawa's Badge,豐川祥子證章,zh-TW
Samurai Armor,武將甲胄,zh-TW
Sand Erosion,沙蝕,zh-TW
Sand Reckoner's Badge,衡沙證章,zh-TW
Sanding and Polishing,好鋸多磨,zh-TW
Sankta Miksaparato's Badge,信仰攪拌機證章,zh-TW
Santalla's Badge,寒檀證章,zh-TW
Saria's Badge,塞雷婭證章,zh-TW
Sarkaz's Knife,薩卡茲的刀,zh-TW
Savage's Badge,暴行證章,zh-TW
Scarecrow in the Field,田間嚇獸人,zh-TW
Scavenger's Badge,清道夫證章,zh-TW
Scene's Badge,稀音證章,zh-TW
Schwarz's Badge,黑證章,zh-TW
Second-hand Textbook for Social Work,社工課程二手教材,zh-TW
Seeds of Tomorrow,明天的種子,zh-TW
Self-defense Lipstick,防身口紅,zh-TW
Semantics Paradigm Encyclopedia,語義範式百科,zh-TW
Semi-Auto Stylist Toolkit,半自動造型工具套組,zh-TW
Senshi's Badge,先西證章,zh-TW
Serenity Inside,寧心靜神,zh-TW
Sesa's Badge,懾砂證章,zh-TW
Shadow of the Icefield,冰原的影子,zh-TW
Shalem's Badge,暮落證章,zh-TW
Shamare's Badge,巫戀證章,zh-TW
Shangshu-Style Homemade Chili Sauce,尚蜀風味自製辣醬,zh-TW
Sharp's Badge,Sharp證章,zh-TW
Sharpの記章,Sharp證章,zh-TW
Sharp证章,Sharp證章,zh-TW
Shaw's Badge,阿消證章,zh-TW
Shelter from the Rain,簷下聽雨,zh-TW
Shield Maintenance Oil,戰術盾牌維護油,zh-TW
Shield Photography Module,盾用攝製模組,zh-TW
Shining's Badge,閃靈證章,zh-TW
Shirayuki's Badge,白雪證章,zh-TW
Shu's Badge,黍證章,zh-TW
Shuo,朔,zh-TW
Shuriken,手裡劍,zh-TW
Sideroca's Badge,鑄鐵證章,zh-TW
Siege Equipment Training Device,攻城器械訓練裝置,zh-TW
Siege's Badge,推進之王證章,zh-TW
Silence the Paradigmatic's Badge,淬羽赫默證章,zh-TW
Silence's Badge,赫默證章,zh-TW
SilverAsh's Badge,銀灰證章,zh-TW
Skadi the Corrupting Heart's Badge,濁心斯卡蒂證章,zh-TW
Skadi’s Badge,斯卡蒂證章,zh-TW
Skyfire's Badge,天火證章,zh-TW
Snegurochka's Badge,冬時證章,zh-TW
Snow Globe,雪花球,zh-TW
Snow Hunter's Badge,雪獵證章,zh-TW
Snow Realm Fowlcare Kit,雪境羽獸護理套組,zh-TW
Snowsant's Badge,雪雉證章,zh-TW
Snowsant's Precious Money Bank,雪雉的寶貝存錢罐,zh-TW
Sobremesa,餐後好時光,zh-TW
Social Expectation Backpack,社會期望背包,zh-TW
Solo Travel Kit,獨自旅行套裝,zh-TW
Sora's Badge,空證章,zh-TW
Soul Resonance,靈魂共鳴,zh-TW
Sounds I Want to Retain,想要留住的聲音,zh-TW
Spear Clean Suit,槍刃清潔套裝,zh-TW
Spear Replacement Suit,長槍替補套裝,zh-TW
Specter the Unchained's Badge,歸溟幽靈鯊證章,zh-TW
Specter's Badge,幽靈鯊證章,zh-TW
Speed and Bag,秩序聖“球”,zh-TW
Spreading Roots of Soil and Stone,土石的根系,zh-TW
Spuria's Badge,空構證章,zh-TW
Spyglass,純銅單筒望遠鏡,zh-TW
Staff Maintenance Kit,法杖保養套裝,zh-TW
Stainless's Badge,白鐵證章,zh-TW
Standard Color Chart,標準比色卡,zh-TW
Start+,新起點,zh-TW
Steel Tool Set,精鋼刀具套組,zh-TW
Stick and Sack,棍棒與口袋,zh-TW
Stickers of a Popular Character,人氣角色貼紙,zh-TW
Still Alive,不落,zh-TW
Stormeye's Badge,Stormeye證章,zh-TW
Stormeyeの記章,Stormeye證章,zh-TW
Stormeye证章,Stormeye證章,zh-TW
Story Book,童話書,zh-TW
Stress Test for Ascetics,苦修者的抗壓訓練,zh-TW
Strong Jaw,咬緊牙關,zh-TW
Stunner's Storage,震撼存儲,zh-TW
Sublinguistical Sign Showing System,副語言符號展示系統,zh-TW
Super Baseball Suit,超強棒球套裝,zh-TW
Super Spray Paint Suit,超級噴漆套裝,zh-TW
Surfer's Badge,尋瀾證章,zh-TW
Surgical Instrument Kit,外科醫療套組,zh-TW
Surtr's Badge,史爾特爾證章,zh-TW
Survivors,生還的人與物,zh-TW
Sussurro's Badge,蘇蘇洛證章,zh-TW
Suzuran's Badge,鈴蘭證章,zh-TW
Swire the Elegant Wit's Badge,琳瑯詩懷雅特限證章,zh-TW
Swire the Elegant Wit's Badge,琳瑯詩懷雅證章,zh-TW
Swire's Badge,詩懷雅證章,zh-TW
Syntexis,同熔,zh-TW
Tachanka’s Badge,TACHANKA證章,zh-TW
Tachankaの記章,TACHANKA證章,zh-TW
Tachanka의 배지,TACHANKA證章,zh-TW
Tactical Breaching Round Pack,破牆榴彈戰術收納包,zh-TW
Tag of Nameless,無名的身份牌,zh-TW
Tail-Care Suit,尾巴養護套裝,zh-TW
Tail-Protection Training Tool,訓練用尾部防護套裝,zh-TW
Tastes of Life,人間百味,zh-TW
Technology Rising Star Award,科技新星,zh-TW
Tecno's Badge,特克諾證章,zh-TW
Ten Thousand Years of Memories,記憶存檔,zh-TW
Tequila's Badge,龍舌蘭證章,zh-TW
Texas the Omertosa's Badge,緘默德克薩斯證章,zh-TW
Texas's Badge,德克薩斯證章,zh-TW
The 'Black' Vending Machine,“黑色”販賣機,zh-TW
The Adventure of the Lioness,城主的冒險,zh-TW
The Array of Chaos,混沌陣列,zh-TW
The Beauty in the Incomplete,未竟之美,zh-TW
The Belated Memorial,遲來的紀念,zh-TW
The Big Shot,頭面人物,zh-TW
The Binding of Gavial,嘉維爾的折磨,zh-TW
The Book of Arene,芳汀之書,zh-TW
The Classic of Hung Mei Wing Chun,紅眉詠春拳譜,zh-TW
The Compassionate and the Just,情與義,zh-TW
The Dauntless,一往無前,zh-TW
The Days Rubbed to Silence,被摩挲的日子,zh-TW
The Decrescendo,強弱法,zh-TW
The Delicacy,佳餚,zh-TW
The Double,兩生花,zh-TW
The Dress Handpicked by Theresa,帶有灼痕的裙子,zh-TW
The Engineers,工程師們,zh-TW
The Enlightened,啟行未來的燈,zh-TW
The Fervent Longing,熱切的期盼,zh-TW
The First Surprise,最初的驚喜,zh-TW
The Fist of Conviction,斷罪之拳,zh-TW
The Greatrock,偉大的搖滾,zh-TW
The Handwriting,筆跡,zh-TW
"The Jeffreys Collection of Fairytales New and Old, Hardback Edition",《喬弗瑞古今童話集》精裝本,zh-TW
The Journey Thus Far,一路以來,zh-TW
The Last Day of Holiday,假期的最後一天,zh-TW
The Little Ugly Thing,小小的醜東西,zh-TW
The Meaning of Divination,占卜的意義,zh-TW
The Morning Star of the Homeseeker,尋鄉人的啟明星,zh-TW
The Music Box of A Burdenbeast,移動音樂盒,zh-TW
The Old Clothes,舊衣服,zh-TW
The Origins of Pinus Sylvestris,紅松的起點,zh-TW
The River's Lingering Charm,江河之韻,zh-TW
The Salt and the Sand,鹽與沙,zh-TW
The Seamless Mixtape,不歇律動,zh-TW
The Seeker's Collection,探索者的收藏,zh-TW
The Shaper,鍛椎者,zh-TW
The Spy's Dossiers,情報人員資料夾,zh-TW
The Stars and The Sleepyhead,星星與瞌睡蟲,zh-TW
The Third Power,第三種力量,zh-TW
The Thorny Road That Continues,通往未來的荊棘之路,zh-TW
The Unforeseeable,目不能及之處,zh-TW
The Voiceless,不發聲者,zh-TW
The Witch's Hat,女巫的帽子,zh-TW
The Young Fang,幼狼的牙齒,zh-TW
Their Future,她們的未來,zh-TW
Theory Expositor,樂理闡釋者,zh-TW
Thermoformed Memory,熱成形記憶,zh-TW
Think of Me,如影隨形,zh-TW
This Hero of Mine,私家英雄,zh-TW
Thorns the Lodestar's Badge,引星棘刺證章,zh-TW
Thorns's Badge,棘刺證章,zh-TW
Those Buried in Sand,吹盡狂沙,zh-TW
Thy First Vow,初諾,zh-TW
Tick-tock Tick-tock,日復一日,zh-TW
Ticket Stub Album,票根收納冊,zh-TW
Time Gallery of K'uk'ulkan,羽蛇的時間博物館,zh-TW
Time Has Gone,時光不再,zh-TW
Tin Casket,鐵皮首飾盒,zh-TW
Tin Man's Badge,錫人證章,zh-TW
Titi's Badge,緹緹證章,zh-TW
To Certify What?,證明什麼？,zh-TW
To Grandpa,致祖父,zh-TW
To My Successor,致繼任者,zh-TW
Toddifons's Badge,熔泉證章,zh-TW
Tomimi's Badge,特米米證章,zh-TW
Top Priority,首要任務,zh-TW
Totter's Badge,鉛踝證章,zh-TW
Touch's Badge,Touch證章,zh-TW
Touchの記章,Touch證章,zh-TW
Touch证章,Touch證章,zh-TW
Traces From the Past,過往留痕,zh-TW
Tragodia's Badge,酒神證章,zh-TW
Training Dummy,訓練用木樁,zh-TW
Travel Kit for the Fortune-Teller,占卜師旅行套裝,zh-TW
Trophies from the Jungle,密林擷萃,zh-TW
Trophies to Bring Back to the Dungeon,想要帶回迷宮的包裹,zh-TW
Truth or Dare,真心的話和想冒的險,zh-TW
Tsukinogi's Badge,月禾證章,zh-TW
Tulip's Badge,鬱金香證章,zh-TW
Tuning on the Heart,音樂家的旅程,zh-TW
Tuye's Badge,圖耶證章,zh-TW
Two Faces,雙重身分,zh-TW
Typewriter Ribbon,打字機色帶,zh-TW
Typhon's Badge,提豐證章,zh-TW
Uika Misumi's Badge,三角初華證章,zh-TW
Ulpianus's Badge,烏爾比安證章,zh-TW
Umiri Yahata's Badge,八幡海鈴證章,zh-TW
Unanswered,待解答,zh-TW
Unassembled Clock,未組裝的鐘錶,zh-TW
Unbridled,桀驁,zh-TW
Unclaimed Legacy,未處理的遺產,zh-TW
Underflow's Badge,深巡證章,zh-TW
Unerasable,無可抹消,zh-TW
Unfinished Record,未完成的錄武簿,zh-TW
Unison,齊唱,zh-TW
Unnamed Drone,未命名的無人機,zh-TW
Unpredictable Star Chart,未卜星圖,zh-TW
Untitled Scroll,無題長卷,zh-TW
Unused Boxing Gloves,閒置的拳擊手套,zh-TW
Utage's Badge,宴證章,zh-TW
Valarqvin's Badge,凜視證章,zh-TW
Varkáris's Badge,擺渡人證章,zh-TW
Vendela's Badge,刺玫證章,zh-TW
Verdant's Badge,維荻證章,zh-TW
Vermeil's Badge,紅雲證章,zh-TW
Vestiarium Ulpiani,烏爾比安的衣櫥,zh-TW
Veteran Legatus' Customized Cloak,資深萬國信使訂製斗篷,zh-TW
Vetochki's Badge,折椏證章,zh-TW
Vigil's Badge,伺夜證章,zh-TW
Vigna’s Badge,紅豆證章,zh-TW
Vina Victoria's Badge,維娜·維多利亞證章,zh-TW
Virtuosa's Badge,塑心證章,zh-TW
Viviana's Badge,薇薇安娜證章,zh-TW
Vow,誓言,zh-TW
Vulcan's Badge,火神證章,zh-TW
Vulpisfoglia's Badge,忍冬證章,zh-TW
W's Badge,W證章,zh-TW
Waai Fu's Badge,槐琥證章,zh-TW
Walk The World,身向雲泥,zh-TW
Wandering,無問吉凶,zh-TW
Wang's Badge,望證章,zh-TW
Wanqing's Badge,萬頃證章,zh-TW
Warfarin's Badge,華法琳證章,zh-TW
Warmy's Badge,溫米證章,zh-TW
Watchmaker's Kit,鐘錶修理套組,zh-TW
Water Still Device,集水裝置,zh-TW
Way Home,回家的路,zh-TW
We Will Survive 3 Online,鬧鬧生存挑戰3 連線版,zh-TW
Weedy's Badge,溫蒂證章,zh-TW
Weighing Anchor,啟航,zh-TW
Weird Palette,詭異的調色盤,zh-TW
Welcome to Penguin Logistics,歡迎光臨，企鵝物流,zh-TW
When to Wake Up,自晦及明,zh-TW
Where the Warmth Remains,暖意的歸宿,zh-TW
Where to Find the Burdenbeast?,何處尋馱？,zh-TW
Whipsword Wire.L,加長鞭刃絲線,zh-TW
Whislash's Badge,鞭刃證章,zh-TW
Whisperain's Badge,絮雨證章,zh-TW
Who is he?,秉燭人的記錄,zh-TW
Wild Mane's Badge,野鬃證章,zh-TW
Wind Chimes' Badge,鐸鈴證章,zh-TW
Windflit's Badge,掠風證章,zh-TW
Windscoot's Badge,騁風證章,zh-TW
Wish of the Fertile Earth,沃土的願景,zh-TW
With My Wind,牽風,zh-TW
Withered Scabbard,乾枯劍鞘,zh-TW
Within a Thought,一念,zh-TW
Wiš'adel's Badge,維什戴爾證章,zh-TW
Wulfenite's Badge,鉬鉛證章,zh-TW
Wの記章,W證章,zh-TW
W证章,W證章,zh-TW
W의 배지,W證章,zh-TW
Xingzhu's Badge,行箸證章,zh-TW
Yesterday Once More,舊日重現,zh-TW
Yi,義,zh-TW
"You Night, Be Fleeting",豈苦夜長,zh-TW
Yu's Badge,餘證章,zh-TW
Zima's Badge,凜冬證章,zh-TW
"Zouhou, a Sheath for Contempt",藏鋒,zh-TW
Zumama's Tool Box,祖瑪瑪的工具箱,zh-TW
Zuo Le's Badge,左樂證章,zh-TW
Ούρος,故鄉的山岩,zh-TW
Горячий снег,熱的雪,zh-TW
Медовые Пряники,蜜糖餡餅禮包,zh-TW
Сердце,心,zh-TW
Цареубийца,弒君刃,zh-TW
рисунок углем,木炭畫,zh-TW
чувство ритуала,儀式感,zh-TW
“律外”特种弹药配给组,“律外”特種彈藥配給組,zh-TW
“监护者”单兵通讯单元,“監護者”單兵通訊單元,zh-TW
“黑色”贩卖机,“黑色”販賣機,zh-TW
《乔弗瑞古今童话集》精装本,《喬弗瑞古今童話集》精裝本,zh-TW
《제프리 고금 동화집》 양장본,《喬弗瑞古今童話集》精裝本,zh-TW
「レコード」収納箱,“唱片”收藏箱,zh-TW
「保護者」軍用通信ユニット,“監護者”單兵通訊單元,zh-TW
「律外」特殊弾薬配給セット,“律外”特種彈藥配給組,zh-TW
「黒い」自動販売機,“黑色”販賣機,zh-TW
『ジェフリー今昔童話集』ハードカバー版,《喬弗瑞古今童話集》精裝本,zh-TW
あたたかい居場所,暖意的歸宿,zh-TW
いつかの狩猟,過去的狩獵,zh-TW
いつか叶う夢,夢想終將實現,zh-TW
おいらが打ったナイフ,我打的刀,zh-TW
お古,舊物,zh-TW
お守り,護身符,zh-TW
お手製のストック,自製登山杖,zh-TW
これまでの旅路,一路以來,zh-TW
ごちそう,佳餚,zh-TW
ご先祖ランチャー,祖宗發射器,zh-TW
ささやかなこだわり,儀式感,zh-TW
じゃじゃ馬,桀驁,zh-TW
すぐに戻るから,稍後回來,zh-TW
ただ善悪を思う,但思善惡,zh-TW
たゆまず進め,一往無前,zh-TW
なんの変哲もない石,凡石,zh-TW
はちみつパイの詰め合わせ,蜜糖餡餅禮包,zh-TW
ひとときで朽ちる船,易枯萎的航船,zh-TW
ひと時の暇,閒暇時分,zh-TW
ほの暗い正義,正義黯淡,zh-TW
ようこそ、ペンギン急便へ！,歡迎光臨，企鵝物流,zh-TW
わたしのヒーロー,私家英雄,zh-TW
アの記章,阿證章,zh-TW
アイアンハート,鋼鐵之心,zh-TW
アイス・ブレイジャー,冰焰,zh-TW
アイリスの記章,愛麗絲證章,zh-TW
アイリーニの特別限定記章,艾麗妮特限證章,zh-TW
アイリーニの記章,艾麗妮證章,zh-TW
アオスタの記章,奧斯塔證章,zh-TW
アカフユの記章,赤冬證章,zh-TW
アコルトの記章,協律證章,zh-TW
アシッドドロップの記章,酸糖證章,zh-TW
アスカロンの瞳,阿斯卡綸的眼睛,zh-TW
アスカロンの記章,阿斯卡綸證章,zh-TW
アステシアの記章,星極證章,zh-TW
アステジーニの記章,星源證章,zh-TW
アスベストスVS双頭鉗獣,石棉大戰雙頭鉗獸,zh-TW
アスベストスの記章,石棉證章,zh-TW
アズリウスの記章,藍毒證章,zh-TW
アッシュロックの記章,灰毫證章,zh-TW
アドベンチャー・オブ・ライオネス,城主的冒險,zh-TW
アブサントの記章,苦艾證章,zh-TW
アランナの記章,阿蘭娜證章,zh-TW
アルケットの特別限定記章,空弦特限證章,zh-TW
アルケットの記章,空弦證章,zh-TW
アレーンのノート,芳汀之書,zh-TW
アレーンの記章,芳汀證章,zh-TW
アロマの記章,阿羅瑪證章,zh-TW
アンジェリーナの特別限定記章,安潔莉娜特限證章,zh-TW
アンジェリーナの記章,安潔莉娜證章,zh-TW
アンダーフローの記章,深巡證章,zh-TW
アンドレアナの記章,安哲拉證章,zh-TW
アンブリエルの記章,安比爾證章,zh-TW
アーススピリットの記章,地靈證章,zh-TW
アーミヤの記章,阿米婭證章,zh-TW
アーミヤの記章（前衛）,阿米婭證章（近衛）,zh-TW
アーミヤの記章（医療）,阿米婭證章（醫療）,zh-TW
アーモンドの記章,杏仁證章,zh-TW
イェラの記章,耶拉證章,zh-TW
イグゼキュターの記章,送葬人證章,zh-TW
イネスの記章,伊內絲證章,zh-TW
イフリータの記章,伊芙利特證章,zh-TW
インクリボン,打字機色帶,zh-TW
インサイダーの記章,隱現證章,zh-TW
インディゴの記章,深靛證章,zh-TW
インドラの記章,因陀羅證章,zh-TW
イーサンの記章,伊桑證章,zh-TW
イースチナの記章,真理證章,zh-TW
ウァンの記章,望證章,zh-TW
ウィシャデルの記章,維什戴爾證章,zh-TW
ウィスパーレインの記章,絮雨證章,zh-TW
ウィスラッシュの記章,鞭刃證章,zh-TW
ウィンドスクートの記章,騁風證章,zh-TW
ウィンドチャイムの記章,鐸鈴證章,zh-TW
ウィーディの記章,溫蒂證章,zh-TW
ウィー・ウィル・サバイブ3 ONLINE,鬧鬧生存挑戰3 連線版,zh-TW
ウインドフリットの記章,掠風證章,zh-TW
ウェルカムマット,機械式陷阱壓力板,zh-TW
ウォーミーの記章,溫米證章,zh-TW
ウタゲの記章,宴證章,zh-TW
ウユウの記章,烏有證章,zh-TW
ウルピアヌスのクローゼット,烏爾比安的衣櫥,zh-TW
ウルピアヌスの記章,烏爾比安證章,zh-TW
ウルピスフォリアの記章,忍冬證章,zh-TW
ウルフェナイトの記章,鉬鉛證章,zh-TW
ウンの記章,吽證章,zh-TW
エアースカーペの記章,斷崖證章,zh-TW
エイプリルの記章,四月證章,zh-TW
エイヤフィヤトラの記章,艾雅法拉證章,zh-TW
エクシアの傑作,能天使的傑作,zh-TW
エクシアの記章,能天使證章,zh-TW
エステルの記章,艾絲黛爾證章,zh-TW
エフイーターの記章,食鐵獸證章,zh-TW
エラトの記章,埃拉托證章,zh-TW
エリジウムの記章,極境證章,zh-TW
エンカクの記章,炎客證章,zh-TW
エンジニアたち,工程師們,zh-TW
エンテレケイアの記章,隱德來希證章,zh-TW
エンフォーサーの記章,見行者證章,zh-TW
エーゲの口づけ,愛琴之吻,zh-TW
エーベンホルツの記章,黑鍵證章,zh-TW
オッダの記章,奧達證章,zh-TW
オリジナルピッキングツール,原版開鎖工具,zh-TW
オーバートレーニング,額外訓練,zh-TW
オーロラの記章,極光證章,zh-TW
カシャの記章,卡達證章,zh-TW
カゼマルの記章,風丸證章,zh-TW
カチカチのパン,很乾的麵包,zh-TW
カッターの記章,刻刀證章,zh-TW
カニカニビュッフェ,鉗鉗自助餐,zh-TW
カニパラートの記章,雪絨證章,zh-TW
カフカの記章,卡夫卡證章,zh-TW
カラフル塩海生活,多彩鹽漠生活,zh-TW
カンタービレの記章,曉歌證章,zh-TW
カーネリアンの記章,卡涅利安證章,zh-TW
ガヴィルの受難,嘉維爾的折磨,zh-TW
ガヴィルの記章,嘉維爾證章,zh-TW
キアーベの記章,賈維證章,zh-TW
キチセイの記章,吉星證章,zh-TW
キャサリンの記章,凱瑟琳證章,zh-TW
キャンディーボックス,糖果盒,zh-TW
キューブ型ペンダント,魔方掛墜,zh-TW
キララの記章,綺良證章,zh-TW
キリンRヤトウの記章,麒麟R夜刀證章,zh-TW
ギターノの記章,遠山證章,zh-TW
クエルクスの記章,夏櫟證章,zh-TW
クォーツの記章,石英證章,zh-TW
クオーラの記章,蛇屠箱證章,zh-TW
ククルカンの時間博物館,羽蛇的時間博物館,zh-TW
クラウンスレイヤーの記章,弒君者證章,zh-TW
クリフハートの記章,崖心證章,zh-TW
クロワッサンの記章,可頌證章,zh-TW
クーリエの記章,訊使證章,zh-TW
グムの記章,古米證章,zh-TW
グラウコスの記章,格勞克斯證章,zh-TW
グラニの記章,格拉尼證章,zh-TW
グラベルの記章,礫證章,zh-TW
グレイの記章,格雷伊證章,zh-TW
グレイディーアの記章,歌蕾蒂婭證章,zh-TW
グレインバッズの記章,小滿證章,zh-TW
グレースロートの記章,灰喉證章,zh-TW
ケイパーの記章,躍躍證章,zh-TW
ケオベの記章,刻俄柏證章,zh-TW
ケストレルの記章,紅隼證章,zh-TW
ケルシーの特別限定記章,凱爾希特限證章,zh-TW
ケルシーの記章,凱爾希證章,zh-TW
ケルンの記章,響石證章,zh-TW
コレクション,私人收藏,zh-TW
コロセラムの記章,蝕清證章,zh-TW
コンビクションの記章,斷罪者證章,zh-TW
コーヒーベースの神経活性剤,基於咖啡的神經活性劑,zh-TW
コールドショットの記章,冰釀證章,zh-TW
ゴールデングローの記章,澄閃證章,zh-TW
サイラッハの記章,琴柳證章,zh-TW
サイレンスの記章,赫默證章,zh-TW
サガの記章,嵯峨證章,zh-TW
サベージの記章,暴行證章,zh-TW
サリアの記章,塞雷婭證章,zh-TW
サルカズの短刀,薩卡茲的刀,zh-TW
サンクタ・ミキサーの記章,信仰攪拌機證章,zh-TW
サンタラの記章,寒檀證章,zh-TW
サンドレコナーの記章,衡沙證章,zh-TW
サーファーの記章,尋瀾證章,zh-TW
サーミの不滅なる心臓の欠片,薩米的不滅心臟碎片,zh-TW
ザ・グレイトロック,偉大的搖滾,zh-TW
シィンズゥの記章,行箸證章,zh-TW
シェーシャの記章,懾砂證章,zh-TW
シデロカの記章,鑄鐵證章,zh-TW
シャイニングの記章,閃靈證章,zh-TW
シャマレの記章,巫戀證章,zh-TW
シャレムの記章,暮落證章,zh-TW
シュウの記章,黍證章,zh-TW
シュヴァルツの記章,黑證章,zh-TW
ショウの記章,阿消證章,zh-TW
シラクーザ式入門の証,敘拉古式入門禮,zh-TW
シラユキの記章,白雪證章,zh-TW
シルバーアッシュの記章,銀灰證章,zh-TW
シンテクシス,同熔,zh-TW
シヴィライト・エテルナの記章,魔王證章,zh-TW
シーの特別限定記章,夕特限證章,zh-TW
シーの記章,夕證章,zh-TW
シージの記章,推進之王證章,zh-TW
シールドメンテナンス油,戰術盾牌維護油,zh-TW
シーンの記章,稀音證章,zh-TW
ジェイの記章,孑證章,zh-TW
ジェシカの発注書,潔西卡的訂單,zh-TW
ジェシカの記章,潔西卡證章,zh-TW
ジエユンの記章,截雲證章,zh-TW
ジャッキーの記章,傑克證章,zh-TW
ジュナーの記章,堅雷證章,zh-TW
ジューの記章,矩證章,zh-TW
スカイフレアの記章,天火證章,zh-TW
スカジの記章,斯卡蒂證章,zh-TW
スカベンジャーの記章,清道夫證章,zh-TW
ススーロの記章,蘇蘇洛證章,zh-TW
スズランの記章,鈴蘭證章,zh-TW
スタニングストレージ,震撼存儲,zh-TW
ステインレスの記章,白鐵證章,zh-TW
スネグーラチカの記章,冬時證章,zh-TW
スノーズントの大事な貯金箱,雪雉的寶貝存錢罐,zh-TW
スノーズントの記章,雪雉證章,zh-TW
スノードーム,雪花球,zh-TW
スノーハンターの記章,雪獵證章,zh-TW
スプリアの記章,空構證章,zh-TW
スペクターの記章,幽靈鯊證章,zh-TW
スルトの記章,史爾特爾證章,zh-TW
スワイヤーの記章,詩懷雅證章,zh-TW
スワイヤーの龍門グルメガイド,詩懷雅的龍門美食指南,zh-TW
スーパースプレーセット,超級噴漆套裝,zh-TW
スーパーベースボールセット,超強棒球套裝,zh-TW
ズィマーの記章,凜冬證章,zh-TW
ズゥママの工具箱,祖瑪瑪的工具箱,zh-TW
ズオ・ラウの記章,左樂證章,zh-TW
セイリュウの記章,清流證章,zh-TW
セイロンの記章,錫蘭證章,zh-TW
セメントの記章,洋灰證章,zh-TW
センシの記章,先西證章,zh-TW
ソラの記章,空證章,zh-TW
ソーンズの記章,棘刺證章,zh-TW
ダグザの記章,達格達證章,zh-TW
チェストナットの記章,褐果證章,zh-TW
チェンの記章,陳證章,zh-TW
チケットホルダー,票根收納冊,zh-TW
チューバイの記章,仇白證章,zh-TW
チューリップの記章,鬱金香證章,zh-TW
チョンユエの記章,重岳證章,zh-TW
チルチャックの記章,奇爾查克證章,zh-TW
ツェルニーの記章,車爾尼證章,zh-TW
ツキノギの記章,月禾證章,zh-TW
ティティの記章,緹緹證章,zh-TW
ティフォンの記章,提豐證章,zh-TW
テキサスの記章,德克薩斯證章,zh-TW
テキーラの記章,龍舌蘭證章,zh-TW
テクノの記章,特克諾證章,zh-TW
テンニンカの記章,桃金娘證章,zh-TW
ディアマンテの記章,折光證章,zh-TW
ディピカの記章,深海色證章,zh-TW
デクレシェンド,強弱法,zh-TW
デコったガラケー,翻蓋手機,zh-TW
デビュー戦サポートセット,首戰支援套組,zh-TW
デルフィーンの記章,戴菲恩證章,zh-TW
デーゲンブレヒャーの記章,鐧證章,zh-TW
デーシュットの卒業祝い,黛絲特的畢業禮,zh-TW
トゥイエの記章,圖耶證章,zh-TW
トギフォンスの記章,熔泉證章,zh-TW
トターの記章,鉛踝證章,zh-TW
トミミの記章,特米米證章,zh-TW
トラゴーディアの心,酒神之心,zh-TW
トラゴーディアの記章,酒神證章,zh-TW
ドロシーの記章,多蘿西證章,zh-TW
ドローン塗装キット,無人機噴塗套裝,zh-TW
ドローン操作専門モジュール,專業無人機操作模組,zh-TW
ドーベルマンの記章,杜賓證章,zh-TW
ナイチンゲールの記章,夜鶯證章,zh-TW
ナイトメアの記章,夜魔證章,zh-TW
ナスティの記章,娜斯提證章,zh-TW
ナラントゥヤの記章,娜仁圖亞證章,zh-TW
ニアールの記章,臨光證章,zh-TW
ニェンの記章,年證章,zh-TW
ニンフの記章,妮芙證章,zh-TW
ネイルセットの二面性,美爪套裝二象性,zh-TW
ネクラスの記章,死芒證章,zh-TW
ノイルホーンのメモ帳,黑角的隨身筆記,zh-TW
ノウエルの記章,諾威爾證章,zh-TW
ノーシスの特別限定記章,靈知特限證章,zh-TW
ノーシスの記章,靈知證章,zh-TW
ハイディの記章,海蒂證章,zh-TW
ハイファイヘッドホン,高保真通訊耳機,zh-TW
ハイベリー・インプリント,海布里印記,zh-TW
ハイモアの記章,海沫證章,zh-TW
ハニーベリーの記章,蜜莓證章,zh-TW
ハルカの記章,遙證章,zh-TW
ハロルドの記章,哈洛德證章,zh-TW
ハンティングナイフ,獵刀,zh-TW
ハンナの脱臼手当セット,漢娜的脫臼復位套裝,zh-TW
ハーモニーの記章,和弦證章,zh-TW
バイソンの記章,拜松證章,zh-TW
バイビークの記章,柏喙證章,zh-TW
バグパイプの記章,風笛證章,zh-TW
バブルのブレイジングソード,泡泡閃光必殺劍,zh-TW
バブルの記章,泡泡證章,zh-TW
バーベキューハウス割引スタンプ,烤肉店官方優惠章,zh-TW
パインコーンの記章,松果證章,zh-TW
パズルの記章,謎圖證章,zh-TW
パゼオンカの記章,鴻雪證章,zh-TW
パッセンジャーの特別限定記章,異客特限證章,zh-TW
パッセンジャーの記章,異客證章,zh-TW
パピルスの記章,莎草證章,zh-TW
パフューマーの記章,調香師證章,zh-TW
パプリカの記章,明椒證章,zh-TW
パラシュート,降落傘,zh-TW
パラスの記章,帕拉斯證章,zh-TW
パラ言語サイン表示システム,副語言符號展示系統,zh-TW
パワードスーツ,外骨骼裝備,zh-TW
ヒヤシンスと短剣,風信子與匕首,zh-TW
ヒューマスの記章,休謨斯證章,zh-TW
ビーズワクスの記章,蜜蠟證章,zh-TW
ビーチ用コンバットセット,沙灘戰鬥套裝,zh-TW
ビーハンターの記章,獵蜂證章,zh-TW
ビーンストークの記章,豆苗證章,zh-TW
ファイヤーウォッチの記章,守林人證章,zh-TW
ファイヤーホイッスルの記章,火哨證章,zh-TW
ファントムの特別限定記章,傀影特限證章,zh-TW
ファントムの記章,傀影證章,zh-TW
ファンレター,支持者來信,zh-TW
ファートゥースの記章,遠牙證章,zh-TW
フィアメッタの記章,菲亞梅塔證章,zh-TW
フィグリーノの記章,裁度證章,zh-TW
フィラエの記章,菲萊證章,zh-TW
フィリオプシスの記章,白面鴞證章,zh-TW
フィールドワークセット,野外考察套裝,zh-TW
フォリニックの記章,亞葉證章,zh-TW
フランカの記章,芙蘭卡證章,zh-TW
フリントの記章,燧石證章,zh-TW
フルーツ味の救急箱,什錦果味醫用箱,zh-TW
フレイムテイルの記章,焰尾證章,zh-TW
フレグランスイヤリング,香薰耳墜,zh-TW
フロストリーフの記章,霜葉證章,zh-TW
ブライオファイタの記章,蒼苔證章,zh-TW
ブラックナイトの記章,夜半證章,zh-TW
ブリキのジュエリーボックス,鐵皮首飾盒,zh-TW
ブリキの記章,錫人證章,zh-TW
ブリギッドの記章,水燈心證章,zh-TW
ブリーズの記章,微風證章,zh-TW
ブルーベリーとビターチョコ,藍莓與黑巧,zh-TW
ブレイジングブレイド,耀陽鋒刃,zh-TW
ブレイズの記章,煌證章,zh-TW
ブレミシャインの記章,瑕光證章,zh-TW
ブローカの記章,布洛卡證章,zh-TW
プラチナの記章,白金證章,zh-TW
プラマニクスの記章,初雪證章,zh-TW
プリンの記章,布丁證章,zh-TW
プロヴァイゾの記章,但書證章,zh-TW
プロヴァンスの記章,普羅旺斯證章,zh-TW
プロ級改良レンズ,專業級改良鏡頭,zh-TW
ヘイズの記章,夜煙證章,zh-TW
ヘドリーの記章,赫德雷證章,zh-TW
ヘビーレインの記章,暴雨證章,zh-TW
ヘラグの記章,赫拉格證章,zh-TW
ヘリアの輝き,赫里亞之輝,zh-TW
ベナの記章,貝娜證章,zh-TW
ベースラインの記章,深律證章,zh-TW
ペットレース大会一位,寵物大賽第一名,zh-TW
ペナンスの記章,斥罪證章,zh-TW
ペペの特別限定記章,佩佩特限證章,zh-TW
ペペの記章,佩佩證章,zh-TW
ホシグマの記章,星熊證章,zh-TW
ホルハイヤの特別限定記章,霍爾海雅特限證章,zh-TW
ホルハイヤの記章,霍爾海雅證章,zh-TW
ホルンの記章,號角證章,zh-TW
ボビングの記章,波卜證章,zh-TW
ポデンコの記章,波登可證章,zh-TW
ポンシラスの記章,青枳證章,zh-TW
ポータブル電源,移動電箱,zh-TW
マウンテンの記章,山證章,zh-TW
マゼランの記章,麥哲倫證章,zh-TW
マッターホルンの記章,角峰證章,zh-TW
マトイマルの記章,纏丸證章,zh-TW
マドロックの記章,泥岩證章,zh-TW
マルシルの記章,瑪露希爾證章,zh-TW
マルベリーの記章,桑葚證章,zh-TW
マンティコアの記章,獅蠍證章,zh-TW
マントラの記章,真言證章,zh-TW
ミス・クリスティーンの記章,Miss.Christine證章,zh-TW
ミヅキの特別限定記章,水月特限證章,zh-TW
ミヅキの記章,水月證章,zh-TW
ミトムの記章,渡橋證章,zh-TW
ミニマリストの記章,至簡證章,zh-TW
ミュルジスの記章,繆爾賽思證章,zh-TW
ミリタリーブーツ,作戰靴,zh-TW
ミルラの記章,末藥證章,zh-TW
ミントの記章,薄綠證章,zh-TW
ミーボコントロール端末XP,咪波控制終端XP,zh-TW
ムリナールの記章,瑪恩納證章,zh-TW
ムースの記章,慕斯證章,zh-TW
メイの記章,梅證章,zh-TW
メイヤーの記章,梅爾證章,zh-TW
メテオの記章,流星證章,zh-TW
メテオリーテの記章,隕星證章,zh-TW
メモ,記事,zh-TW
メラナイトの記章,玫拉證章,zh-TW
モスティマの記章,莫斯提馬證章,zh-TW
モーガンの記章,摩根證章,zh-TW
ユニゾン,齊唱,zh-TW
ユーの記章,餘證章,zh-TW
ユーネクテスの特別限定記章,森蚺特限證章,zh-TW
ユーネクテスの記章,森蚺證章,zh-TW
ライオスの記章,萊歐斯證章,zh-TW
ラップランドの記章,拉普蘭德證章,zh-TW
ランススペアセット,長槍替補套裝,zh-TW
ラ・プルマの記章,羽毛筆證章,zh-TW
リィンの記章,令證章,zh-TW
リェータの記章,烈夏證章,zh-TW
リスカムの記章,雷蛇證章,zh-TW
リトルアグリー,小小的醜東西,zh-TW
リンの記章,林證章,zh-TW
リーの記章,老鯉證章,zh-TW
リードの記章,葦草證章,zh-TW
ルシーラの記章,海霓證章,zh-TW
ルトナダの記章,露托證章,zh-TW
ルナカブの記章,子月證章,zh-TW
ルーメンの記章,流明證章,zh-TW
レイの記章,萊伊證章,zh-TW
レイズの記章,驚蟄證章,zh-TW
レイディアンの特勤記章,電弧特勤證章,zh-TW
レイディアンの記章,電弧證章,zh-TW
レウスSノイルホーンの記章,火龍S黑角證章,zh-TW
レオンハルトの記章,萊恩哈特證章,zh-TW
レガトゥス専用クローク,資深萬國信使訂製斗篷,zh-TW
レコードキーパーの記章,錄武官證章,zh-TW
レッシングの記章,止頌證章,zh-TW
レッドの記章,紅證章,zh-TW
レッドパインの原点,紅松的起點,zh-TW
レディのフェルト細工,克里斯汀小姐的毛氈,zh-TW
レミュアンの記章,蕾繆安證章,zh-TW
レモンの薫る子供時代,檸檬味的童年,zh-TW
レーダー補助機材,便攜雷達的輔助器材,zh-TW
ロゴスの記章,邏各斯證章,zh-TW
ロサの記章,早露證章,zh-TW
ロスモンティスの特別限定記章,迷迭香特限證章,zh-TW
ロスモンティスの記章,迷迭香證章,zh-TW
ロックロックの記章,洛洛證章,zh-TW
ロドス制式刀剣,羅德島制式劍,zh-TW
ロビンの記章,羅賓證章,zh-TW
ロベルタの記章,羅比菈塔證章,zh-TW
ローズソルトの記章,瑰鹽證章,zh-TW
ロープの記章,暗索證章,zh-TW
ワイフーの記章,槐琥證章,zh-TW
ワイルドメインの記章,野鬃證章,zh-TW
ワルファリンの記章,華法琳證章,zh-TW
ワンチィンの記章,萬頃證章,zh-TW
ヴァラルクビンの記章,凜視證章,zh-TW
ヴァルカリスの記章,擺渡人證章,zh-TW
ヴァルカンの記章,火神證章,zh-TW
ヴァンデラの記章,刺玫證章,zh-TW
ヴァーダントの記章,維荻證章,zh-TW
ヴァーミルの記章,紅雲證章,zh-TW
ヴィグナの記章,紅豆證章,zh-TW
ヴィジェルの記章,伺夜證章,zh-TW
ヴィルトゥオーサの記章,塑心證章,zh-TW
ヴィヴィアナの記章,薇薇安娜證章,zh-TW
ヴィーナ・ヴィクトリアの記章,維娜·維多利亞證章,zh-TW
ヴェトチキの記章,折椏證章,zh-TW
一人旅セット,獨自旅行套裝,zh-TW
一号项目模型,一號計劃模型,zh-TW
一往无前,一往無前,zh-TW
一路以来,一路以來,zh-TW
七窍玲珑,七竅玲瓏,zh-TW
万顷证章,萬頃證章,zh-TW
三角初华证章,三角初華證章,zh-TW
三角初華の記章,三角初華證章,zh-TW
三面的金币,三面的金幣,zh-TW
下賜されたおもちゃ,受賜玩物,zh-TW
不十分なアクセス権,缺角的權限,zh-TW
不发声者,不發聲者,zh-TW
不歇律动,不歇律動,zh-TW
不谢的苗圃,不謝的苗圃,zh-TW
专业无人机操作模块,專業無人機操作模組,zh-TW
专业级改良镜头,專業級改良鏡頭,zh-TW
专属餐具,專屬餐具,zh-TW
两生花,兩生花,zh-TW
中古のソーシャルワーク教科書,社工課程二手教材,zh-TW
中枢神経探知モジュール,中樞神經探測模組,zh-TW
中枢神经探测模块,中樞神經探測模組,zh-TW
丰川祥子证章,豐川祥子證章,zh-TW
临光证章,臨光證章,zh-TW
义,義,zh-TW
乌尔比安的衣橱,烏爾比安的衣櫥,zh-TW
乌尔比安证章,烏爾比安證章,zh-TW
乌有证章,烏有證章,zh-TW
乐理阐释者,樂理闡釋者,zh-TW
九色鹿の記章,九色鹿證章,zh-TW
九色鹿证章,九色鹿證章,zh-TW
乡音,鄉音,zh-TW
了承済み,已知悉,zh-TW
二つの顔,雙重身分,zh-TW
二輪咲き,兩生花,zh-TW
亚叶证章,亞葉證章,zh-TW
人气角色贴纸,人氣角色貼紙,zh-TW
人気キャラのステッカー,人氣角色貼紙,zh-TW
人间百味,人間百味,zh-TW
什锦果味医用箱,什錦果味醫用箱,zh-TW
仇白证章,仇白證章,zh-TW
仕立ての良いシャツ,做工優良的襯衣,zh-TW
仕舞い込まれたグローブ,閒置的拳擊手套,zh-TW
仙药,仙藥,zh-TW
仙薬,仙藥,zh-TW
令证章,令證章,zh-TW
以雪为线,以雪為線,zh-TW
仪式感,儀式感,zh-TW
仿生海龙改型,仿生海龍改型,zh-TW
伊内丝证章,伊內絲證章,zh-TW
伊桑证章,伊桑證章,zh-TW
伊芙利特证章,伊芙利特證章,zh-TW
休みの最終日,假期的最後一天,zh-TW
休谟斯证章,休謨斯證章,zh-TW
伝承と開拓,傳承與開拓,zh-TW
伟大的摇滚,偉大的搖滾,zh-TW
传承与开拓,傳承與開拓,zh-TW
伺夜证章,伺夜證章,zh-TW
但书证章,但書證章,zh-TW
但思善恶,但思善惡,zh-TW
何を証明する？,證明什麼？,zh-TW
何処にか駄獣を尋ねん,何處尋馱？,zh-TW
何处寻驮？,何處尋馱？,zh-TW
余证章,餘證章,zh-TW
作战靴,作戰靴,zh-TW
佣兵的行囊,傭兵的行囊,zh-TW
佩佩特限证章,佩佩特限證章,zh-TW
佩佩证章,佩佩證章,zh-TW
佳肴,佳餚,zh-TW
使い込まれた救急箱,古樸的急救箱,zh-TW
使者の盟約,使者之約,zh-TW
使者之约,使者之約,zh-TW
便携测电设备,便攜測電設備,zh-TW
便携雷达的辅助器材,便攜雷達的輔助器材,zh-TW
信仰搅拌机证章,信仰攪拌機證章,zh-TW
修行者のストレス耐性訓練,苦修者的抗壓訓練,zh-TW
假日威龙陈证章,假日威龍陳證章,zh-TW
假期的最后一天,假期的最後一天,zh-TW
做工优良的衬衣,做工優良的襯衣,zh-TW
傀影特限证章,傀影特限證章,zh-TW
傀影证章,傀影證章,zh-TW
傭兵の鞄,傭兵的行囊,zh-TW
克里斯汀小姐的毛毡,克里斯汀小姐的毛氈,zh-TW
八幡海鈴の記章,八幡海鈴證章,zh-TW
八幡海铃证章,八幡海鈴證章,zh-TW
八時台メロドラマのDVD,八點檔情景劇錄影帶,zh-TW
八点档情景剧录像带,八點檔情景劇錄影帶,zh-TW
典范之人,典範之人,zh-TW
兽形棋盒,獸形棋盒,zh-TW
内敛锋芒,內斂鋒芒,zh-TW
冒涜的なパレット,詭異的調色盤,zh-TW
军用望远镜,軍用望遠鏡,zh-TW
冬将军的毕业礼物,冬將軍的畢業禮物,zh-TW
冬将軍の卒業記念品,冬將軍的畢業禮物,zh-TW
冬时证章,冬時證章,zh-TW
冰酿证章,冰釀證章,zh-TW
凌绝顶,凌絕頂,zh-TW
凛冬证章,凜冬證章,zh-TW
凛视证章,凜視證章,zh-TW
凯尔希特限证章,凱爾希特限證章,zh-TW
凯尔希证章,凱爾希證章,zh-TW
凯瑟琳证章,凱瑟琳證章,zh-TW
出门必备套装,出門必備套裝,zh-TW
刃先テルミットユニット,尖端鋁熱單元,zh-TW
刃部交換式刀剣セット,可替換刀具套裝,zh-TW
分厚い経典,厚重的經卷,zh-TW
切竹艶めく生け花,斷竹插花作品,zh-TW
初诺,初諾,zh-TW
初雪证章,初雪證章,zh-TW
别昔年,別昔年,zh-TW
制御可能変数,可控動量,zh-TW
刺棱钝刃,刺棱鈍刃,zh-TW
刺玫证章,刺玫證章,zh-TW
刺针式合金爆破弹,刺針式合金爆破彈,zh-TW
刻俄柏证章,刻俄柏證章,zh-TW
刻刀证章,刻刀證章,zh-TW
副语言符号展示系统,副語言符號展示系統,zh-TW
加长鞭刃丝线,加長鞭刃絲線,zh-TW
努力の翼,辛勞之翼,zh-TW
医不自治,醫不自治,zh-TW
医師,醫者,zh-TW
医生证章,DOC證章,zh-TW
医疗环境分析装置,醫療環境分析裝置,zh-TW
医療環境分析装置,醫療環境分析裝置,zh-TW
医者,醫者,zh-TW
医者の不養生,醫不自治,zh-TW
医者の言うことは聞くべし,請遵醫囑,zh-TW
千分の一の心,千分之一的心,zh-TW
半自动造型工具套组,半自動造型工具套組,zh-TW
半自動メイクアップセット,半自動造型工具套組,zh-TW
华法琳证章,華法琳證章,zh-TW
华贵璀璨的死斗,華貴璀璨的死鬥,zh-TW
协律证章,協律證章,zh-TW
卒業制作,畢業設計,zh-TW
占いの意味,占卜的意義,zh-TW
占い師トラベルセット,占卜師旅行套裝,zh-TW
占卜师旅行套装,占卜師旅行套裝,zh-TW
占卜的意义,占卜的意義,zh-TW
卡夫卡证章,卡夫卡證章,zh-TW
卡涅利安证章,卡涅利安證章,zh-TW
卡达证章,卡達證章,zh-TW
历阵锐枪芬证章,歷陣銳槍芬證章,zh-TW
厚重的经卷,厚重的經卷,zh-TW
原版开锁工具,原版開鎖工具,zh-TW
友人たちからのプレゼント,友人們的贈禮,zh-TW
友人们的赠礼,友人們的贈禮,zh-TW
友情讃歌,友誼萬歲,zh-TW
友谊万岁,友誼萬歲,zh-TW
双月の息遣い,雙月的呼吸,zh-TW
双月的呼吸,雙月的呼吸,zh-TW
双月证章,IANA證章,zh-TW
双重身份,雙重身分,zh-TW
受赐玩物,受賜玩物,zh-TW
叙拉古式入门礼,敘拉古式入門禮,zh-TW
古いバッグ,舊背包,zh-TW
古い剃刀,老剃刀,zh-TW
古い衣服,舊衣服,zh-TW
古朴的急救箱,古樸的急救箱,zh-TW
古米证章,古米證章,zh-TW
可执行的幻想,可執行的幻想,zh-TW
可控动量,可控動量,zh-TW
可替换刀具套装,可替換刀具套裝,zh-TW
可疑的宣传页,可疑的宣傳頁,zh-TW
可颂证章,可頌證章,zh-TW
史尔特尔证章,史爾特爾證章,zh-TW
号角证章,號角證章,zh-TW
司祭の祝福,司祭的祝福,zh-TW
司霆レイズの記章,司霆驚蟄證章,zh-TW
司霆惊蛰证章,司霆驚蟄證章,zh-TW
吉星证章,吉星證章,zh-TW
名付けされていないドローン,未命名的無人機,zh-TW
名無しの認識票,無名的身份牌,zh-TW
后街圆盾,後街圓盾,zh-TW
启航,啟航,zh-TW
启行未来的灯,啟行未來的燈,zh-TW
吹尽狂沙,吹盡狂沙,zh-TW
吽证章,吽證章,zh-TW
命の儚さ,生命的短暫,zh-TW
和弦证章,和弦證章,zh-TW
咪波控制终端XP,咪波控制終端XP,zh-TW
咬紧牙关,咬緊牙關,zh-TW
哈洛德证章,哈洛德證章,zh-TW
响石证章,響石證章,zh-TW
嘉维尔的折磨,嘉維爾的折磨,zh-TW
嘉维尔证章,嘉維爾證章,zh-TW
四月证章,四月證章,zh-TW
回答を求めて,待解答,zh-TW
因陀罗证章,因陀羅證章,zh-TW
図書館,圖書館,zh-TW
图书馆,圖書館,zh-TW
图耶证章,圖耶證章,zh-TW
土石の根,土石的根系,zh-TW
圣约送葬人证章,聖約送葬人證章,zh-TW
圣聆初雪证章,聖聆初雪證章,zh-TW
在りし日の夢の名残,往日殘夢,zh-TW
地上巡旅纪念灯,地上巡旅紀念燈,zh-TW
地上旅行記念の鉱石灯,地上巡旅紀念燈,zh-TW
地灵证章,地靈證章,zh-TW
坚雷证章,堅雷證章,zh-TW
埃拉托证章,埃拉托證章,zh-TW
城主的冒险,城主的冒險,zh-TW
執政官の手鏡,執政官手鏡,zh-TW
執行人のバッグ,執行者隨身包,zh-TW
基于咖啡的神经活性剂,基於咖啡的神經活性劑,zh-TW
塑心证章,塑心證章,zh-TW
塞雷娅证章,塞雷婭證章,zh-TW
塩と砂,鹽與沙,zh-TW
壊れたしっぽサポーター,損壞的尾尾佳,zh-TW
声なき者,不發聲者,zh-TW
夏栎证章,夏櫟證章,zh-TW
夕特限证章,夕特限證章,zh-TW
夕证章,夕證章,zh-TW
外出必需品セット,出門必備套裝,zh-TW
外勤用プライベート補給パック,外勤私人補給包,zh-TW
外勤私人补给包,外勤私人補給包,zh-TW
外科医疗套组,外科醫療套組,zh-TW
外科医療キット,外科醫療套組,zh-TW
外骨骼装备,外骨骼裝備,zh-TW
多功能测绘仪-改良版,多功能測繪儀-改良版,zh-TW
多彩な人生,多彩人生,zh-TW
多彩盐漠生活,多彩鹽漠生活,zh-TW
多機能型測量機・改良版,多功能測繪儀-改良版,zh-TW
多萝西证章,多蘿西證章,zh-TW
夜半证章,夜半證章,zh-TW
夜深人静,夜深人靜,zh-TW
夜烟证章,夜煙證章,zh-TW
夜莺证章,夜鶯證章,zh-TW
夜魔证章,夜魔證章,zh-TW
夢の「執行」計画,可執行的幻想,zh-TW
夢のお城の飛び出す絵本,夢之城堡立體書,zh-TW
夢の中で,夢中人,zh-TW
大型フェリーン克服実験,大菲林脫敏實驗,zh-TW
大物,頭面人物,zh-TW
大菲林脱敏实验,大菲林脫敏實驗,zh-TW
天火证章,天火證章,zh-TW
头面人物,頭面人物,zh-TW
奥斯塔证章,奧斯塔證章,zh-TW
奥达证章,奧達證章,zh-TW
她们的未来,她們的未來,zh-TW
好锯多磨,好鋸多磨,zh-TW
如影随形,如影隨形,zh-TW
妮芙证章,妮芙證章,zh-TW
威吓者,威嚇者,zh-TW
威嚇する者,威嚇者,zh-TW
娜仁图亚证章,娜仁圖亞證章,zh-TW
娜斯提证章,娜斯提證章,zh-TW
子供たち,孩子們,zh-TW
子月证章,子月證章,zh-TW
孑证章,孑證章,zh-TW
孩子们,孩子們,zh-TW
宁心静神,寧心靜神,zh-TW
守る者の道,守護的道路,zh-TW
守护的道路,守護的道路,zh-TW
守林人证章,守林人證章,zh-TW
安哲拉证章,安哲拉證章,zh-TW
安比尔证章,安比爾證章,zh-TW
安洁莉娜特限证章,安潔莉娜特限證章,zh-TW
安洁莉娜证章,安潔莉娜證章,zh-TW
定制弩配件套装,定製弩配件套裝,zh-TW
实验用反重力模块,實驗用反重力模組,zh-TW
実験用反重力モジュール,實驗用反重力模組,zh-TW
宠物大赛第一名,寵物大賽第一名,zh-TW
审判官口粮,審判官口糧,zh-TW
客制化防火服,客製化防火服,zh-TW
宴证章,宴證章,zh-TW
密林での収穫,密林擷萃,zh-TW
密林撷萃,密林擷萃,zh-TW
寒冷地仕様通信機,耐低溫通訊設備,zh-TW
寒檀证章,寒檀證章,zh-TW
寒芒クルースの記章,寒芒克洛絲證章,zh-TW
寒芒克洛丝证章,寒芒克洛絲證章,zh-TW
審問官のレーション,審判官口糧,zh-TW
寻乡人的启明星,尋鄉人的啟明星,zh-TW
寻澜证章,尋瀾證章,zh-TW
导火索证章,FUZE證章,zh-TW
封闭的希望,封閉的希望,zh-TW
専用食器セット,專屬餐具,zh-TW
小さな石ころ,小石頭,zh-TW
小さな種,小小的種子,zh-TW
小夜啼鳥の歌,鶯歌,zh-TW
小小的丑东西,小小的醜東西,zh-TW
小小的种子,小小的種子,zh-TW
小满证章,小滿證章,zh-TW
小石头,小石頭,zh-TW
少し色褪せた記念日,遲來的紀念,zh-TW
尖端铝热单元,尖端鋁熱單元,zh-TW
尚蜀風手作りラー油,尚蜀風味自製辣醬,zh-TW
尚蜀风味自制辣酱,尚蜀風味自製辣醬,zh-TW
尻尾ケアセット,尾巴養護套裝,zh-TW
尾巴养护套装,尾巴養護套裝,zh-TW
山证章,山證章,zh-TW
岂苦夜长,豈苦夜長,zh-TW
崖心证章,崖心證章,zh-TW
嵯峨证章,嵯峨證章,zh-TW
工事レコーダー,工程記錄儀,zh-TW
工匠团的回响,工匠團的迴響,zh-TW
工程师们,工程師們,zh-TW
工程记录仪,工程記錄儀,zh-TW
左乐证章,左樂證章,zh-TW
巫恋证章,巫戀證章,zh-TW
布丁证章,布丁證章,zh-TW
布洛卡证章,布洛卡證章,zh-TW
布艺苹果,布藝蘋果,zh-TW
布製のリンゴ,布藝蘋果,zh-TW
帕拉斯证章,帕拉斯證章,zh-TW
带有灼痕的裙子,帶有灼痕的裙子,zh-TW
帰溟スペクターの記章,歸溟幽靈鯊證章,zh-TW
帰郷の道,回家的路,zh-TW
干枯剑鞘,乾枯劍鞘,zh-TW
年证章,年證章,zh-TW
年轻的麦子,年輕的麥子,zh-TW
幸运,幸運,zh-TW
幼き狼の牙,幼狼的牙齒,zh-TW
幼狼的牙齿,幼狼的牙齒,zh-TW
幽々たる蝋燭の灯り,幽明燭光,zh-TW
幽明烛光,幽明燭光,zh-TW
幽灵鲨证章,幽靈鯊證章,zh-TW
应急储备,應急儲備,zh-TW
应急通讯指南,應急通訊指南,zh-TW
异客特限证章,異客特限證章,zh-TW
异客证章,異客證章,zh-TW
弑君刃,弒君刃,zh-TW
弑君者证章,弒君者證章,zh-TW
引星ソーンズの記章,引星棘刺證章,zh-TW
引星棘刺证章,引星棘刺證章,zh-TW
弩矢の調整箱,弩箭調試箱,zh-TW
弩箭调试箱,弩箭調試箱,zh-TW
弹匣与花窗,彈匣與花窗,zh-TW
强弱法,強弱法,zh-TW
弾倉とステンドグラス,彈匣與花窗,zh-TW
归溟幽灵鲨证章,歸溟幽靈鯊證章,zh-TW
录武官证章,錄武官證章,zh-TW
影のように,如影隨形,zh-TW
彼女たちの未来,她們的未來,zh-TW
彼女の残滓,蛻化的殘跡,zh-TW
往日残梦,往日殘夢,zh-TW
往昔时光,往昔時光,zh-TW
待确认的申请表,待確認的申請表,zh-TW
待调弦的怒火,待調弦的怒火,zh-TW
很干的面包,很乾的麵包,zh-TW
後任の方へ,致繼任者,zh-TW
微风证章,微風證章,zh-TW
德克萨斯证章,德克薩斯證章,zh-TW
心に響く音,心聲,zh-TW
心を静めて,寧心靜神,zh-TW
心声,心聲,zh-TW
忍冬证章,忍冬證章,zh-TW
応急通信マニュアル,應急通訊指南,zh-TW
怀中御守,懷中御守,zh-TW
思い付き,靈機一動,zh-TW
怪しいチラシ,可疑的宣傳頁,zh-TW
恶地奇异工具套组,惡地奇異工具套組,zh-TW
悪地向け奇天烈工具セット,惡地奇異工具套組,zh-TW
情と義,情與義,zh-TW
情与义,情與義,zh-TW
情报人员资料夹,情報人員資料夾,zh-TW
惊蛰证章,驚蟄證章,zh-TW
想要带回迷宫的包裹,想要帶回迷宮的包裹,zh-TW
想要留住的声音,想要留住的聲音,zh-TW
慑砂证章,懾砂證章,zh-TW
慕斯证章,慕斯證章,zh-TW
懐中の御守り,懷中御守,zh-TW
成長の足跡,成長的足跡,zh-TW
成长的足迹,成長的足跡,zh-TW
战术盾牌维护油,戰術盾牌維護油,zh-TW
战车证章,TACHANKA證章,zh-TW
戦術榴弾バッグ,破牆榴彈戰術收納包,zh-TW
截云证章,截雲證章,zh-TW
戴菲恩证章,戴菲恩證章,zh-TW
扉叩くことなかれ,請勿叩門,zh-TW
手つかずの遺産,未處理的遺產,zh-TW
手作りのジャッキ,自製千斤頂,zh-TW
手裏剣,手裡劍,zh-TW
手里剑,手裡劍,zh-TW
才女の蔵書,才女的藏書,zh-TW
才女的藏书,才女的藏書,zh-TW
打字机色带,打字機色帶,zh-TW
执政官手镜,執政官手鏡,zh-TW
执行者随身包,執行者隨身包,zh-TW
承曦グレイの記章,承曦格雷伊證章,zh-TW
承曦格雷伊证章,承曦格雷伊證章,zh-TW
折れて錆び付いた刀,鏽損的斷刀,zh-TW
折光证章,折光證章,zh-TW
折桠证章,折椏證章,zh-TW
护身符,護身符,zh-TW
拉普兰德证章,拉普蘭德證章,zh-TW
拜松证章,拜松證章,zh-TW
持ち帰りたい荷物,想要帶回迷宮的包裹,zh-TW
持燭人の記録,秉燭人的記錄,zh-TW
损坏的尾尾佳,損壞的尾尾佳,zh-TW
掠风证章,掠風證章,zh-TW
探索者のコレクション,探索者的收藏,zh-TW
推进之王证章,推進之王證章,zh-TW
提丰证章,提豐證章,zh-TW
携帯式テスター,便攜測電設備,zh-TW
携帯用バンパー,隨身保險桿,zh-TW
摆渡人证章,擺渡人證章,zh-TW
摩根证章,摩根證章,zh-TW
撫でさする日々,被摩挲的日子,zh-TW
撷英调香师证章,擷英調香師證章,zh-TW
支持者来信,支持者來信,zh-TW
改弦更张,改弦更張,zh-TW
改良型の騎士用盾,改良騎士盾牌,zh-TW
改良型シードラゴン,仿生海龍改型,zh-TW
改良型ブリーチング弾,刺針式合金爆破彈,zh-TW
改良骑士盾牌,改良騎士盾牌,zh-TW
攻城器械训练装置,攻城器械訓練裝置,zh-TW
放浪者のためのバラスト,漫遊者的壓艙石,zh-TW
故乡的山岩,故鄉的山岩,zh-TW
故事的结局,故事的結局,zh-TW
故郷の山岩,故鄉的山岩,zh-TW
故郷の音,鄉音,zh-TW
故郷を示す明星,尋鄉人的啟明星,zh-TW
教学用龙腾无人机,教學用龍騰無人機,zh-TW
教育用ドローン・DDF,教學用龍騰無人機,zh-TW
斥罪证章,斥罪證章,zh-TW
斩业星熊证章,斬業星熊證章,zh-TW
斬業ホシグマの記章,斬業星熊證章,zh-TW
断崖证章,斷崖證章,zh-TW
断竹插花作品,斷竹插花作品,zh-TW
断罪の拳,斷罪之拳,zh-TW
断罪之拳,斷罪之拳,zh-TW
断罪者证章,斷罪者證章,zh-TW
斯卡蒂证章,斯卡蒂證章,zh-TW
新しいふるさと,新家園,zh-TW
新しい友達,睦的新朋友,zh-TW
新たな始まり,新的開始,zh-TW
新たな始まり,新起點,zh-TW
新たな生活,新的生活,zh-TW
新型バイオ装置プロトタイプ,新型仿生原型,zh-TW
新型电控设备技术原型,新型電控設備技術原型,zh-TW
新型電子制御装置の試作品,新型電控設備技術原型,zh-TW
新家园,新家園,zh-TW
新手侦探礼包,新手偵探禮包,zh-TW
新朋友圣城生活套组,新朋友聖城生活套組,zh-TW
新的开始,新的開始,zh-TW
新米探偵セット,新手偵探禮包,zh-TW
新約エクシアの記章,新約能天使證章,zh-TW
新约能天使证章,新約能天使證章,zh-TW
新起点,新起點,zh-TW
无人机喷涂套装,無人機噴塗套裝,zh-TW
无可抹消,無可抹消,zh-TW
无名的身份牌,無名的身份牌,zh-TW
无形，无情,無形，無情,zh-TW
无罪,無罪,zh-TW
无言的约定,無言的約定,zh-TW
无迹,無跡,zh-TW
无问吉凶,無問吉凶,zh-TW
无题长卷,無題長卷,zh-TW
日复一日,日復一日,zh-TW
旧日新装,舊日新裝,zh-TW
旧日重现,舊日重現,zh-TW
旧物,舊物,zh-TW
旧背包,舊背包,zh-TW
旧衣服,舊衣服,zh-TW
早露证章,早露證章,zh-TW
时光不再,時光不再,zh-TW
时间的痕迹,時間的痕跡,zh-TW
明天的种子,明天的種子,zh-TW
明日の種,明天的種子,zh-TW
明晰な思考の助け,難得清醒,zh-TW
明椒证章,明椒證章,zh-TW
昔年に別れを,別昔年,zh-TW
星々と寝坊助,星星與瞌睡蟲,zh-TW
星星与瞌睡虫,星星與瞌睡蟲,zh-TW
星极证章,星極證章,zh-TW
星源证章,星源證章,zh-TW
星熊证章,星熊證章,zh-TW
時計修理キット,鐘錶修理套組,zh-TW
時間が残した傷跡,時間的痕跡,zh-TW
晓歌证章,曉歌證章,zh-TW
普罗旺斯证章,普羅旺斯證章,zh-TW
晴れか雨か,晴雨,zh-TW
暖意的归宿,暖意的歸宿,zh-TW
暗索证章,暗索證章,zh-TW
暮落证章,暮落證章,zh-TW
暴行证章,暴行證章,zh-TW
暴雨证章,暴雨證章,zh-TW
最初のサプライズ,最初的驚喜,zh-TW
最初的惊喜,最初的驚喜,zh-TW
最后一行,最後一行,zh-TW
最後の一行,最後一行,zh-TW
最重要任務,首要任務,zh-TW
月光と踊る,跳舞的月光,zh-TW
月禾证章,月禾證章,zh-TW
望证章,望證章,zh-TW
朧夜の灯り,朧夜微明,zh-TW
木炭画,木炭畫,zh-TW
未卜星图,未卜星圖,zh-TW
未命名的无人机,未命名的無人機,zh-TW
未处理的遗产,未處理的遺產,zh-TW
未完成の時計,未組裝的鐘錶,zh-TW
未完成の録武簿,未完成的錄武簿,zh-TW
未完成的录武簿,未完成的錄武簿,zh-TW
未来へと続く茨道,通往未來的荊棘之路,zh-TW
未来を導く明かり,啟行未來的燈,zh-TW
未知の星図,未卜星圖,zh-TW
未组装的钟表,未組裝的鐘錶,zh-TW
末药证章,末藥證章,zh-TW
机械式陷阱压力板,機械式陷阱壓力板,zh-TW
朽ちた伝承,朽壞傳承,zh-TW
朽坏传承,朽壞傳承,zh-TW
杀手也有假期,殺手也有假期,zh-TW
杏仁证章,杏仁證章,zh-TW
杖のお手入れセット,法杖保養套裝,zh-TW
杜宾证章,杜賓證章,zh-TW
来自河谷的笔盒,來自河谷的筆盒,zh-TW
杰克证章,傑克證章,zh-TW
杰西卡的订单,潔西卡的訂單,zh-TW
杰西卡证章,潔西卡證章,zh-TW
松果证章,松果證章,zh-TW
极光证章,極光證章,zh-TW
极境证章,極境證章,zh-TW
林证章,林證章,zh-TW
果たされざる旅,未竟的旅程,zh-TW
枪刃清洁套装,槍刃清潔套裝,zh-TW
枪支调试工具组,槍支調試工具組,zh-TW
枯れた鞘,乾枯劍鞘,zh-TW
枯れない苗圃,不謝的苗圃,zh-TW
柏喙证章,柏喙證章,zh-TW
柠檬味的童年,檸檬味的童年,zh-TW
标准比色卡,標準比色卡,zh-TW
格劳克斯证章,格勞克斯證章,zh-TW
格拉尼证章,格拉尼證章,zh-TW
格雷伊证章,格雷伊證章,zh-TW
桀骜,桀驁,zh-TW
桃金娘证章,桃金娘證章,zh-TW
案山子,田間嚇獸人,zh-TW
桑葚证章,桑葚證章,zh-TW
梅尔证章,梅爾證章,zh-TW
梅证章,梅證章,zh-TW
梦中人,夢中人,zh-TW
梦之城堡立体书,夢之城堡立體書,zh-TW
梦想终将实现,夢想終將實現,zh-TW
梳妆流形,梳妝流形,zh-TW
棍棒与口袋,棍棒與口袋,zh-TW
棒と袋,棍棒與口袋,zh-TW
棘刺证章,棘刺證章,zh-TW
森蚺特限证章,森蚺特限證章,zh-TW
森蚺证章,森蚺證章,zh-TW
森西证章,先西證章,zh-TW
椎鍛者,鍛椎者,zh-TW
楽理解釈者,樂理闡釋者,zh-TW
槍用クリーニングセット,槍刃清潔套裝,zh-TW
槐琥证章,槐琥證章,zh-TW
標準カラーチャート,標準比色卡,zh-TW
模範たる人,典範之人,zh-TW
檐下听雨,簷下聽雨,zh-TW
檐下聴雨,簷下聽雨,zh-TW
欢迎光临，企鹅物流,歡迎光臨，企鵝物流,zh-TW
歌蕾蒂娅证章,歌蕾蒂婭證章,zh-TW
止まないビート,不歇律動,zh-TW
止颂证章,止頌證章,zh-TW
正义黯淡,正義黯淡,zh-TW
武将の甲冑,武將甲胄,zh-TW
武将甲胄,武將甲胄,zh-TW
歯を食いしばれ,咬緊牙關,zh-TW
歴陣鋭槍フェンの記章,歷陣銳槍芬證章,zh-TW
死芒证章,死芒證章,zh-TW
残したい音声,想要留住的聲音,zh-TW
殺し屋にも休暇あり,殺手也有假期,zh-TW
母のネッカチーフ,母親的領巾,zh-TW
母の愛の倒景,母愛的倒影,zh-TW
母亲的领巾,母親的領巾,zh-TW
母爱的倒影,母愛的倒影,zh-TW
毕业设计,畢業設計,zh-TW
毛刷套装,毛刷套裝,zh-TW
毛糸玉,毛線球,zh-TW
毛线球,毛線球,zh-TW
水月特限证章,水月特限證章,zh-TW
水月证章,水月證章,zh-TW
水灯心证章,水燈心證章,zh-TW
水色の夜明け,水藍色黎明,zh-TW
水蓝色黎明,水藍色黎明,zh-TW
氷原の影,冰原的影子,zh-TW
汉娜的脱臼复位套装,漢娜的脫臼復位套裝,zh-TW
江河の唄,江河之韻,zh-TW
江河之韵,江河之韻,zh-TW
沃土の望み,沃土的願景,zh-TW
沃土的愿景,沃土的願景,zh-TW
沉锋之束,沉鋒之束,zh-TW
沙滩战斗套装,沙灘戰鬥套裝,zh-TW
沙蚀,沙蝕,zh-TW
河谷より来たる筆入れ,來自河谷的筆盒,zh-TW
法杖保养套装,法杖保養套裝,zh-TW
泡泡证章,泡泡證章,zh-TW
泡泡闪光必杀剑,泡泡閃光必殺劍,zh-TW
波卜证章,波卜證章,zh-TW
波登可证章,波登可證章,zh-TW
泥岩证章,泥岩證章,zh-TW
注意力保持装置,注意力保持裝置,zh-TW
洋灰证章,洋灰證章,zh-TW
洛洛证章,洛洛證章,zh-TW
流明证章,流明證章,zh-TW
流星证章,流星證章,zh-TW
浊心斯卡蒂证章,濁心斯卡蒂證章,zh-TW
海布里印记,海布里印記,zh-TW
海沫证章,海沫證章,zh-TW
海蒂证章,海蒂證章,zh-TW
海霓证章,海霓證章,zh-TW
消し去れぬもの,無可抹消,zh-TW
涤火杰西卡证章,滌火潔西卡證章,zh-TW
淡い金色のペンダント,淡金墜飾,zh-TW
淡金坠饰,淡金墜飾,zh-TW
淬羽サイレンスの記章,淬羽赫默證章,zh-TW
淬羽赫默证章,淬羽赫默證章,zh-TW
深巡证章,深巡證章,zh-TW
深律证章,深律證章,zh-TW
深海色证章,深海色證章,zh-TW
深蓝之籽,深藍之籽,zh-TW
深靛证章,深靛證章,zh-TW
混沌の隊列,混沌陣列,zh-TW
混沌阵列,混沌陣列,zh-TW
清流证章,清流證章,zh-TW
清道夫证章,清道夫證章,zh-TW
渡桥证章,渡橋證章,zh-TW
温米证章,溫米證章,zh-TW
温蒂证章,溫蒂證章,zh-TW
湿ったソードバッグ,潮濕的劍袋,zh-TW
源石ダイス収納箱,源石骰子收納盒,zh-TW
源石骰子收纳盒,源石骰子收納盒,zh-TW
溯光アステジーニの記章,溯光星源證章,zh-TW
溯光星源证章,溯光星源證章,zh-TW
滌火ジェシカの記章,滌火潔西卡證章,zh-TW
漫游者的压舱石,漫遊者的壓艙石,zh-TW
漫长的旅途,漫長的旅途,zh-TW
潮湿的剑袋,潮濕的劍袋,zh-TW
澄闪证章,澄閃證章,zh-TW
濁心スカジの記章,濁心斯卡蒂證章,zh-TW
濯塵ハイビスカスの記章,濯塵芙蓉證章,zh-TW
濯尘芙蓉证章,濯塵芙蓉證章,zh-TW
火哨证章,火哨證章,zh-TW
火神证章,火神證章,zh-TW
火龙S黑角证章,火龍S黑角證章,zh-TW
灰喉证章,灰喉證章,zh-TW
灰毫证章,灰毫證章,zh-TW
灰烬证章,ASH證章,zh-TW
灵机一动,靈機一動,zh-TW
灵知特限证章,靈知特限證章,zh-TW
灵知证章,靈知證章,zh-TW
灵魂共鸣,靈魂共鳴,zh-TW
炎客证章,炎客證章,zh-TW
炎狱炎熔证章,炎獄炎熔證章,zh-TW
炎獄ラヴァの記章,炎獄炎熔證章,zh-TW
烈夏证章,烈夏證章,zh-TW
烛煌证章,燭煌證章,zh-TW
烧烤店官方优惠章,烤肉店官方優惠章,zh-TW
热切的期盼,熱切的期盼,zh-TW
热成形记忆,熱成形記憶,zh-TW
热的雪,熱的雪,zh-TW
焔影リードの記章,焰影葦草證章,zh-TW
無形、無情,無形，無情,zh-TW
無言の約束,無言的約定,zh-TW
無題の巻物,無題長卷,zh-TW
無骨な包丁セット,精鋼刀具套組,zh-TW
焦げ跡のついたワンピース,帶有灼痕的裙子,zh-TW
焰尾证章,焰尾證章,zh-TW
焰影苇草证章,焰影葦草證章,zh-TW
煌证章,煌證章,zh-TW
熔泉证章,熔泉證章,zh-TW
熱い期待,熱切的期盼,zh-TW
熱い雪,熱的雪,zh-TW
熱く燃える心臓と武器,過載的武器與過熱的心臟,zh-TW
熱成形された記憶,熱成形記憶,zh-TW
熾炎ブレイズの記章,燭煌證章,zh-TW
燧石证章,燧石證章,zh-TW
爱丽丝证章,愛麗絲證章,zh-TW
爱琴之吻,愛琴之吻,zh-TW
父のローブ,父親的袍子,zh-TW
父亲的袍子,父親的袍子,zh-TW
牧童の歌,牧人的歌,zh-TW
物語の結末,故事的結局,zh-TW
牵风,牽風,zh-TW
特克诺证章,特克諾證章,zh-TW
特注の防火服,客製化防火服,zh-TW
特注クロスボウ部品セット,定製弩配件套裝,zh-TW
特米米证章,特米米證章,zh-TW
独自旅行套装,獨自旅行套裝,zh-TW
狮蝎证章,獅蠍證章,zh-TW
狼の時間,狼時,zh-TW
狼时,狼時,zh-TW
猎刀,獵刀,zh-TW
猎蜂证章,獵蜂證章,zh-TW
獣形の碁笥,獸形棋盒,zh-TW
王冠を屠る刃,弒君刃,zh-TW
王权金币,王權金幣,zh-TW
王権の金貨,王權金幣,zh-TW
玛恩纳证章,瑪恩納證章,zh-TW
玛露西尔证章,瑪露希爾證章,zh-TW
玫拉证章,玫拉證章,zh-TW
琳琅スワイヤーの特別限定記章,琳瑯詩懷雅特限證章,zh-TW
琳琅スワイヤーの記章,琳瑯詩懷雅證章,zh-TW
琳琅诗怀雅特限证章,琳瑯詩懷雅特限證章,zh-TW
琳琅诗怀雅证章,琳瑯詩懷雅證章,zh-TW
琴柳证章,琴柳證章,zh-TW
瑕光证章,瑕光證章,zh-TW
瑰盐证章,瑰鹽證章,zh-TW
生命的短暂,生命的短暫,zh-TW
生还的人与物,生還的人與物,zh-TW
生還者たち,生還的人與物,zh-TW
田野にて,在田野上,zh-TW
田间吓兽人,田間嚇獸人,zh-TW
甲冑手入れセット,毛刷套裝,zh-TW
电弧特勤证章,電弧特勤證章,zh-TW
电弧证章,電弧證章,zh-TW
电磁调节器,電磁調節器,zh-TW
白金证章,白金證章,zh-TW
白铁证章,白鐵證章,zh-TW
白雪证章,白雪證章,zh-TW
白面鸮证章,白面鴞證章,zh-TW
百炼嘉维尔证章,百煉嘉維爾證章,zh-TW
百錬ガヴィルの記章,百煉嘉維爾證章,zh-TW
盐与沙,鹽與沙,zh-TW
盟約・補助オペレーターの記章,盟約·輔助幹員證章,zh-TW
盟约·辅助干员证章,盟約·輔助幹員證章,zh-TW
目の届かないところ,目不能及之處,zh-TW
目不能及之处,目不能及之處,zh-TW
盾用摄制模块,盾用攝製模組,zh-TW
盾用撮影モジュール,盾用攝製模組,zh-TW
真実か挑戦か,真心的話和想冒的險,zh-TW
真心的话和想冒的险,真心的話和想冒的險,zh-TW
真理证章,真理證章,zh-TW
真言证章,真言證章,zh-TW
着地の後,落地之後,zh-TW
矩证章,矩證章,zh-TW
石棉大战双头钳兽,石棉大戰雙頭鉗獸,zh-TW
石棉证章,石棉證章,zh-TW
石英证章,石英證章,zh-TW
矿石展览柜,礦石展覽櫃,zh-TW
砂の侵食,沙蝕,zh-TW
研いで磨いて,好鋸多磨,zh-TW
研究界の新星,科技新星,zh-TW
砕かれた薔薇,碎片,zh-TW
破城矛マガジン,破城矛彈夾,zh-TW
破城矛弹夹,破城矛彈夾,zh-TW
破墙榴弹战术收纳包,破牆榴彈戰術收納包,zh-TW
砾证章,礫證章,zh-TW
確認待ちの申請書,待確認的申請表,zh-TW
社会の期待を背負って,社會期望背包,zh-TW
社会期望背包,社會期望背包,zh-TW
社工课程二手教材,社工課程二手教材,zh-TW
祐天寺にゃむの記章,祐天寺若麥證章,zh-TW
祐天寺若麦证章,祐天寺若麥證章,zh-TW
祖宗发射器,祖宗發射器,zh-TW
祖父へ,致祖父,zh-TW
祖玛玛的工具箱,祖瑪瑪的工具箱,zh-TW
票根收纳册,票根收納冊,zh-TW
秉烛人的记录,秉燭人的記錄,zh-TW
秘められた鋭さ,內斂鋒芒,zh-TW
秩序圣“球”,秩序聖“球”,zh-TW
秩序聖「球」,秩序聖“球”,zh-TW
移动八音盒,移動音樂盒,zh-TW
移动电箱,移動電箱,zh-TW
移动的窝,移動的窩,zh-TW
移動式の「巣」,移動的窩,zh-TW
移動式オルゴール,移動音樂盒,zh-TW
稀音证章,稀音證章,zh-TW
稍后回来,稍後回來,zh-TW
空弦特限证章,空弦特限證章,zh-TW
空弦证章,空弦證章,zh-TW
空构证章,空構證章,zh-TW
空证章,空證章,zh-TW
童話の本,童話書,zh-TW
童话书,童話書,zh-TW
笔迹,筆跡,zh-TW
第一号プロジェクトモデル,一號計劃模型,zh-TW
第三の力,第三種力量,zh-TW
第三の選択,三面的金幣,zh-TW
第三种力量,第三種力量,zh-TW
籠の中の希望,封閉的希望,zh-TW
精钢刀具套组,精鋼刀具套組,zh-TW
純燼エイヤフィヤトラの記章,純燼艾雅法拉證章,zh-TW
純銅製望遠鏡,純銅單筒望遠鏡,zh-TW
紧急防卫程序,緊急防衛程式,zh-TW
紺碧の種,深藍之籽,zh-TW
終夜寐ねられず,終夜無寐,zh-TW
結晶のブローチ,結晶胸花,zh-TW
絢爛豪華なる死闘,華貴璀璨的死鬥,zh-TW
絮雨证章,絮雨證章,zh-TW
緊急用予備血液,應急儲備,zh-TW
緊急防衛プログラム,緊急防衛程式,zh-TW
編み物の続き,續針,zh-TW
繰り返し,日復一日,zh-TW
红云证章,紅雲證章,zh-TW
红松的起点,紅松的起點,zh-TW
红眉咏春拳谱,紅眉詠春拳譜,zh-TW
红证章,紅證章,zh-TW
红豆证章,紅豆證章,zh-TW
红隼证章,紅隼證章,zh-TW
纯烬艾雅法拉证章,純燼艾雅法拉證章,zh-TW
纯铜单筒望远镜,純銅單筒望遠鏡,zh-TW
终夜无寐,終夜無寐,zh-TW
结晶胸花,結晶胸花,zh-TW
续针,續針,zh-TW
绮良证章,綺良證章,zh-TW
维什戴尔证章,維什戴爾證章,zh-TW
维娜·维多利亚证章,維娜·維多利亞證章,zh-TW
维荻证章,維荻證章,zh-TW
缄默德克萨斯证章,緘默德克薩斯證章,zh-TW
缇缇证章,緹緹證章,zh-TW
缠丸证章,纏丸證章,zh-TW
缪尔赛思证章,繆爾賽思證章,zh-TW
缺角的权限,缺角的權限,zh-TW
罗宾证章,羅賓證章,zh-TW
罗小黑证章,羅小黑證章,zh-TW
罗德岛制式剑,羅德島制式劍,zh-TW
罗比菈塔证章,羅比菈塔證章,zh-TW
羅小黒の記章,羅小黑證章,zh-TW
美爪套装二象性,美爪套裝二象性,zh-TW
羽毛笔证章,羽毛筆證章,zh-TW
羽蛇的时间博物馆,羽蛇的時間博物館,zh-TW
翻盖手机,翻蓋手機,zh-TW
耀阳锋刃,耀陽鋒刃,zh-TW
耀騎士ニアールの記章,耀騎士臨光證章,zh-TW
耀骑士临光证章,耀騎士臨光證章,zh-TW
老鲤证章,老鯉證章,zh-TW
耐低温通讯设备,耐低溫通訊設備,zh-TW
耶拉证章,耶拉證章,zh-TW
聖約イグゼキュターの記章,聖約送葬人證章,zh-TW
聖聆プラマニクスの記章,聖聆初雪證章,zh-TW
聖都歓迎キット,新朋友聖城生活套組,zh-TW
聞き逃した声,錯過的聲音,zh-TW
聡明怜悧,七竅玲瓏,zh-TW
職人団の槌音,工匠團的迴響,zh-TW
胧夜微明,朧夜微明,zh-TW
能天使的杰作,能天使的傑作,zh-TW
能天使证章,能天使證章,zh-TW
腿部护理套装,腿部護理套裝,zh-TW
自制千斤顶,自製千斤頂,zh-TW
自制登山杖,自製登山杖,zh-TW
自然の容認,自然的包容,zh-TW
自由、洋葱圈和我,自由、洋蔥圈和我,zh-TW
自由とオニオンリングとボク,自由、洋蔥圈和我,zh-TW
自由の代償,自由的代價,zh-TW
自由的代价,自由的代價,zh-TW
至らずの美しさ,未竟之美,zh-TW
至简证章,至簡證章,zh-TW
致继任者,致繼任者,zh-TW
船出,啟航,zh-TW
艾丝黛尔证章,艾絲黛爾證章,zh-TW
艾丽妮特限证章,艾麗妮特限證章,zh-TW
艾丽妮证章,艾麗妮證章,zh-TW
艾拉证章,ELA證章,zh-TW
艾雅法拉证章,艾雅法拉證章,zh-TW
芙兰卡证章,芙蘭卡證章,zh-TW
花が意味するもの,這些花朵的含義,zh-TW
芳汀之书,芳汀之書,zh-TW
芳汀证章,芳汀證章,zh-TW
苇草证章,葦草證章,zh-TW
苍苔证章,蒼苔證章,zh-TW
苏苏洛证章,蘇蘇洛證章,zh-TW
若い麦,年輕的麥子,zh-TW
若叶睦证章,若葉睦證章,zh-TW
若葉睦の記章,若葉睦證章,zh-TW
苦修者的抗压训练,苦修者的抗壓訓練,zh-TW
苦艾证章,苦艾證章,zh-TW
荒芜拉普兰德证章,荒蕪拉普蘭德證章,zh-TW
荒蕪ラップランドの記章,荒蕪拉普蘭德證章,zh-TW
荒野の餞別,荒野地的餞別禮,zh-TW
荒野便携提神剂,荒野便攜提神劑,zh-TW
荒野地的饯别礼,荒野地的餞別禮,zh-TW
荒野用携帯気付け薬,荒野便攜提神劑,zh-TW
莎草证章,莎草證章,zh-TW
莫斯提马证章,莫斯提馬證章,zh-TW
莱伊证章,萊伊證章,zh-TW
莱恩哈特证章,萊恩哈特證章,zh-TW
莱欧斯证章,萊歐斯證章,zh-TW
莺歌,鶯歌,zh-TW
菲亚梅塔证章,菲亞梅塔證章,zh-TW
菲莱证章,菲萊證章,zh-TW
萃香パフューマーの記章,擷英調香師證章,zh-TW
萨卡兹的刀,薩卡茲的刀,zh-TW
萨米的不灭心脏碎片,薩米的不滅心臟碎片,zh-TW
落ち葉と四季,落葉四季,zh-TW
落叶四季,落葉四季,zh-TW
落地之后,落地之後,zh-TW
蓝毒证章,藍毒證章,zh-TW
蓝莓与黑巧,藍莓與黑巧,zh-TW
蔵鋒,藏鋒,zh-TW
蕾缪安证章,蕾繆安證章,zh-TW
薄绿证章,薄綠證章,zh-TW
薇薇安娜证章,薇薇安娜證章,zh-TW
薔薇色の逸話集,玫瑰色故事集,zh-TW
藏锋,藏鋒,zh-TW
蚀清证章,蝕清證章,zh-TW
蛇屠箱证章,蛇屠箱證章,zh-TW
蜕化的残迹,蛻化的殘跡,zh-TW
蜜糖馅饼礼包,蜜糖餡餅禮包,zh-TW
蜜莓证章,蜜莓證章,zh-TW
蜜蜡证章,蜜蠟證章,zh-TW
血掟テキサスの記章,緘默德克薩斯證章,zh-TW
行箸证章,行箸證章,zh-TW
衡沙证章,衡沙證章,zh-TW
裁度证章,裁度證章,zh-TW
裏通りのラウンドシールド,後街圓盾,zh-TW
褐果证章,褐果證章,zh-TW
见行者证章,見行者證章,zh-TW
角「ケア」セット,角部“護理”套組,zh-TW
角峰证章,角峰證章,zh-TW
角部“护理”套组,角部“護理”套組,zh-TW
訓練用の木柱,訓練用木樁,zh-TW
訓練用尻尾保護セット,訓練用尾部防護套裝,zh-TW
訓練用攻城兵器,攻城器械訓練裝置,zh-TW
記憶の残頁,記憶殘頁,zh-TW
記憶アーカイブ,記憶存檔,zh-TW
詩は短く、夢は長く,詩短夢長,zh-TW
誓い,初諾,zh-TW
語義規範百科事典,語義範式百科,zh-TW
読書メモ,讀書筆記,zh-TW
誰もが寝静まった夜,夜深人靜,zh-TW
調弦工具箱,改弦更張,zh-TW
調律を待つ怒りの弦,待調弦的怒火,zh-TW
諜報員ファイル,情報人員資料夾,zh-TW
謎多き戦術バッグ,神秘的道具包,zh-TW
训练用尾部防护套装,訓練用尾部防護套裝,zh-TW
训练用木桩,訓練用木樁,zh-TW
讯使证章,訊使證章,zh-TW
记事,記事,zh-TW
记忆存档,記憶存檔,zh-TW
记忆残页,記憶殘頁,zh-TW
证明什么？,證明什麼？,zh-TW
诗怀雅的龙门美食指南,詩懷雅的龍門美食指南,zh-TW
诗怀雅证章,詩懷雅證章,zh-TW
诗短梦长,詩短夢長,zh-TW
诡异的调色盘,詭異的調色盤,zh-TW
语义范式百科,語義範式百科,zh-TW
请勿叩门,請勿叩門,zh-TW
请遵医嘱,請遵醫囑,zh-TW
诺威尔证章,諾威爾證章,zh-TW
读书笔记,讀書筆記,zh-TW
调香师证章,調香師證章,zh-TW
谜图证章,謎圖證章,zh-TW
豆苗证章,豆苗證章,zh-TW
豈に夜の長きに苦しまんや,豈苦夜長,zh-TW
豊川祥子の記章,豐川祥子證章,zh-TW
贝娜证章,貝娜證章,zh-TW
贾维证章,賈維證章,zh-TW
资深万国信使定制斗篷,資深萬國信使訂製斗篷,zh-TW
赠予红龙的花冠,贈予紅龍的花冠,zh-TW
赠别之味,贈別之味,zh-TW
赤き龍に贈る冠,贈予紅龍的花冠,zh-TW
赤冬证章,赤冬證章,zh-TW
赤刃明霄チェンの記章,赤刃明霄陳證章,zh-TW
赤刃明霄陈证章,赤刃明霄陳證章,zh-TW
赫德雷证章,赫德雷證章,zh-TW
赫拉格证章,赫拉格證章,zh-TW
赫里亚之辉,赫里亞之輝,zh-TW
赫默证章,赫默證章,zh-TW
超强棒球套装,超強棒球套裝,zh-TW
超级喷漆套装,超級噴漆套裝,zh-TW
足ケアセット,腿部護理套裝,zh-TW
跃跃证章,躍躍證章,zh-TW
跡を残さず,無跡,zh-TW
身は雲泥に向かふ,身向雲泥,zh-TW
身向云泥,身向雲泥,zh-TW
身繕い用水影,梳妝流形,zh-TW
輝かしきメダル,金幣輝煌,zh-TW
车尔尼证章,車爾尼證章,zh-TW
轻机枪枪架,輕機槍槍架,zh-TW
辛劳之翼,辛勞之翼,zh-TW
达格达证章,達格達證章,zh-TW
过去的狩猎,過去的狩獵,zh-TW
过往留痕,過往留痕,zh-TW
过往的注脚,過往的註腳,zh-TW
过载的武器与过热的心脏,過載的武器與過熱的心臟,zh-TW
这些花朵的含义,這些花朵的含義,zh-TW
远山证章,遠山證章,zh-TW
远方的礼物,遠方的禮物,zh-TW
远牙证章,遠牙證章,zh-TW
迟来的纪念,遲來的紀念,zh-TW
迷迭香特限证章,迷迭香特限證章,zh-TW
迷迭香证章,迷迭香證章,zh-TW
送葬人证章,送葬人證章,zh-TW
逃亡用の緊急キット,逃亡路上的緊急小包,zh-TW
逃亡路上的应急小包,逃亡路上的緊急小包,zh-TW
通往未来的荆棘之路,通往未來的荊棘之路,zh-TW
逻各斯证章,邏各斯證章,zh-TW
遊龍チェンの記章,假日威龍陳證章,zh-TW
過ぎし日の新装,舊日新裝,zh-TW
過ぎた日々の再訪,舊日重現,zh-TW
過ぎ去った日々,往昔時光,zh-TW
過ぎ去りし時間,時光不再,zh-TW
過去の注釈,過往的註腳,zh-TW
過去の痕跡,過往留痕,zh-TW
遠方からの贈り物,遠方的禮物,zh-TW
遥けき未知の世界,遙遠陌生的世界,zh-TW
遥证章,遙證章,zh-TW
遥远陌生的世界,遙遠陌生的世界,zh-TW
郁金香证章,鬱金香證章,zh-TW
酒神证章,酒神證章,zh-TW
酸糖证章,酸糖證章,zh-TW
重き剣の束縛,沉鋒之束,zh-TW
重力校准模块,重力校準模組,zh-TW
重力校正モジュール,重力校準模組,zh-TW
重岳证章,重岳證章,zh-TW
野外考察套装,野外考察套裝,zh-TW
野战狙击套装,野戰狙擊套裝,zh-TW
野戦用狙撃装備,野戰狙擊套裝,zh-TW
野鬃证章,野鬃證章,zh-TW
金币辉煌,金幣輝煌,zh-TW
鈍い刃,刺棱鈍刃,zh-TW
鉄鉗号・クローラー,鐵鉗號·爬行者,zh-TW
鉱石のショーケース,礦石展覽櫃,zh-TW
銃器整備用工具箱,槍支調試工具組,zh-TW
錆びついた枝,鏽枝,zh-TW
錠と鍵の家,鎖與匙之家,zh-TW
钟表修理套组,鐘錶修理套組,zh-TW
钢铁之心,鋼鐵之心,zh-TW
钦天司时,欽天司時,zh-TW
钳钳自助餐,鉗鉗自助餐,zh-TW
钼铅证章,鉬鉛證章,zh-TW
铁皮首饰盒,鐵皮首飾盒,zh-TW
铁钳号·爬行者,鐵鉗號·爬行者,zh-TW
铃兰证章,鈴蘭證章,zh-TW
铅踝证章,鉛踝證章,zh-TW
铎铃证章,鐸鈴證章,zh-TW
银灰证章,銀灰證章,zh-TW
铸铁证章,鑄鐵證章,zh-TW
锁与匙之家,鎖與匙之家,zh-TW
锈损的断刀,鏽損的斷刀,zh-TW
锈枝,鏽枝,zh-TW
锏证章,鐧證章,zh-TW
错过的声音,錯過的聲音,zh-TW
锡人证章,錫人證章,zh-TW
锡兰证章,錫蘭證章,zh-TW
锻椎者,鍛椎者,zh-TW
長い旅路,漫長的旅途,zh-TW
长枪替补套装,長槍替補套裝,zh-TW
长骑,長騎,zh-TW
闪击证章,BLITZ證章,zh-TW
闪灵证章,閃靈證章,zh-TW
闲暇时分,閒暇時分,zh-TW
闲置的拳击手套,閒置的拳擊手套,zh-TW
闹闹生存挑战3 联机版,鬧鬧生存挑戰3 連線版,zh-TW
防炎処理案,阻燃處理方案,zh-TW
防犯ルージュ,防身口紅,zh-TW
防身口红,防身口紅,zh-TW
阻燃处理方案,阻燃處理方案,zh-TW
阿兰娜证章,阿蘭娜證章,zh-TW
阿斯卡纶的眼睛,阿斯卡綸的眼睛,zh-TW
阿斯卡纶证章,阿斯卡綸證章,zh-TW
阿消证章,阿消證章,zh-TW
阿米娅证章,阿米婭證章,zh-TW
阿米娅证章（医疗）,阿米婭證章（醫療）,zh-TW
阿米娅证章（近卫）,阿米婭證章（近衛）,zh-TW
阿罗玛证章,阿羅瑪證章,zh-TW
阿证章,阿證章,zh-TW
陈证章,陳證章,zh-TW
降落伞,降落傘,zh-TW
限定版カレンダー,限量版年曆,zh-TW
限量版年历,限量版年曆,zh-TW
陨星证章,隕星證章,zh-TW
随身保险杠,隨身保險桿,zh-TW
隐德来希证章,隱德來希證章,zh-TW
隐现证章,隱現證章,zh-TW
隐秘行动工具包,隱秘行動工具包,zh-TW
隠密行動用工具バッグ,隱秘行動工具包,zh-TW
难得清醒,難得清醒,zh-TW
集中力維持装置,注意力保持裝置,zh-TW
集水装置,集水裝置,zh-TW
雪に濡れる笠,雪浸過的斗笠,zh-TW
雪を紡いで,以雪為線,zh-TW
雪境羽兽护理套组,雪境羽獸護理套組,zh-TW
雪境羽獣お手入れセット,雪境羽獸護理套組,zh-TW
雪浸过的斗笠,雪浸過的斗笠,zh-TW
雪猎证章,雪獵證章,zh-TW
雪绒证章,雪絨證章,zh-TW
雪雉的宝贝存钱罐,雪雉的寶貝存錢罐,zh-TW
雪雉证章,雪雉證章,zh-TW
雷蛇证章,雷蛇證章,zh-TW
震撼存储,震撼存儲,zh-TW
霍尔海雅特限证章,霍爾海雅特限證章,zh-TW
霍尔海雅证章,霍爾海雅證章,zh-TW
霜华证章,FROST證章,zh-TW
霜叶证章,霜葉證章,zh-TW
露托证章,露托證章,zh-TW
青枳证章,青枳證章,zh-TW
非魔法厨艺,非魔法廚藝,zh-TW
鞘に納められた人,鞘中人,zh-TW
鞭刃延長ワイヤー,加長鞭刃絲線,zh-TW
鞭刃证章,鞭刃證章,zh-TW
音乐家的旅程,音樂家的旅程,zh-TW
音楽家の旅路,音樂家的旅程,zh-TW
頂上への到達,凌絕頂,zh-TW
領主・Sharpの記章,領主·Sharp證章,zh-TW
颅相学,顱相學,zh-TW
领主·Sharp证章,領主·Sharp證章,zh-TW
额外训练,額外訓練,zh-TW
風の色,風的顏色,zh-TW
風を引き連れて,牽風,zh-TW
风丸证章,風丸證章,zh-TW
风信子与匕首,風信子與匕首,zh-TW
风的颜色,風的顏色,zh-TW
风笛证章,風笛證章,zh-TW
食後のお楽しみ,餐後好時光,zh-TW
食铁兽证章,食鐵獸證章,zh-TW
餐后好时光,餐後好時光,zh-TW
餞別の味,贈別之味,zh-TW
首席騎士,長騎,zh-TW
首战支援套组,首戰支援套組,zh-TW
首要任务,首要任務,zh-TW
香薰耳坠,香薰耳墜,zh-TW
騎士の一族,騎士家族,zh-TW
騎馬警察装備セット,騎警套裝,zh-TW
骋风证章,騁風證章,zh-TW
骑士家族,騎士家族,zh-TW
骑警套装,騎警套裝,zh-TW
骨相学,顱相學,zh-TW
高保真通讯耳机,高保真通訊耳機,zh-TW
魂の共鳴,靈魂共鳴,zh-TW
魔女のとんがり帽子,女巫的帽子,zh-TW
魔方挂坠,魔方掛墜,zh-TW
魔法と無縁の調理技術,非魔法廚藝,zh-TW
魔王证章,魔王證章,zh-TW
鸿雪证章,鴻雪證章,zh-TW
麒麟R夜刀证章,麒麟R夜刀證章,zh-TW
麦哲伦证章,麥哲倫證章,zh-TW
黄砂の果てに,吹盡狂沙,zh-TW
黍证章,黍證章,zh-TW
黑角的随身笔记,黑角的隨身筆記,zh-TW
黑证章,黑證章,zh-TW
黑键证章,黑鍵證章,zh-TW
黛丝特的毕业礼,黛絲特的畢業禮,zh-TW
齐唱,齊唱,zh-TW
齐尔查克证章,奇爾查克證章,zh-TW
龙舌兰证章,龍舌蘭證章,zh-TW
가비알 디 인빈서블의 배지,百煉嘉維爾證章,zh-TW
가비알의 괴로움,嘉維爾的折磨,zh-TW
가비알의 배지,嘉維爾證章,zh-TW
가슴에 품은 부적,懷中御守,zh-TW
가장 중요한 임무,首要任務,zh-TW
가지고 돌아가고 싶은 짐,想要帶回迷宮的包裹,zh-TW
간절한 희망,熱切的期盼,zh-TW
간직하고 싶은 소리,想要留住的聲音,zh-TW
갇혀버린 희망,封閉的希望,zh-TW
감춰진 예리함,內斂鋒芒,zh-TW
갑옷 청소용 브러시 세트,毛刷套裝,zh-TW
강의 노래,江河之韻,zh-TW
강철의 마음,鋼鐵之心,zh-TW
개량된 기사 방패,改良騎士盾牌,zh-TW
개인소장,私人收藏,zh-TW
개현경장,改弦更張,zh-TW
거물,頭面人物,zh-TW
검푸른 씨앗,深藍之籽,zh-TW
결정 브로치,結晶胸花,zh-TW
계속되는 가시밭길,通往未來的荊棘之路,zh-TW
고풍스러운 구급상자,古樸的急救箱,zh-TW
고행자의 스트레스 해소 훈련,苦修者的抗壓訓練,zh-TW
고향을 찾는 자의 샛별,尋鄉人的啟明星,zh-TW
고향의 바위,故鄉的山岩,zh-TW
고향의 소리,鄉音,zh-TW
곧 돌아올게,稍後回來,zh-TW
골든글로우의 배지,澄閃證章,zh-TW
골상학,顱相學,zh-TW
공사 기록기,工程記錄儀,zh-TW
공성기계 훈련장치,攻城器械訓練裝置,zh-TW
과거에 대한 각주,過往的註腳,zh-TW
과거와의 작별,別昔年,zh-TW
과거의 사냥,過去的狩獵,zh-TW
과거의 허물,蛻化的殘跡,zh-TW
과거의 흔적,過往留痕,zh-TW
과부하된 무기와 과열된 심장,過載的武器與過熱的心臟,zh-TW
과학계 신성,科技新星,zh-TW
광석 전시대,礦石展覽櫃,zh-TW
교육용 드래곤플라이 드론,教學用龍騰無人機,zh-TW
교체형 도검세트,可替換刀具套裝,zh-TW
군용 망원경,軍用望遠鏡,zh-TW
굼의 배지,古米證章,zh-TW
귀갓길,回家的路,zh-TW
그녀들의 미래,她們的未來,zh-TW
그라니의 배지,格拉尼證章,zh-TW
그라벨의 배지,礫證章,zh-TW
그레이 더 라이트닝베어러의 배지,承曦格雷伊證章,zh-TW
그레이스롯의 배지,灰喉證章,zh-TW
그레이의 배지,格雷伊證章,zh-TW
그레인버즈의 배지,小滿證章,zh-TW
그림자처럼,如影隨形,zh-TW
그을림 자국의 치마,帶有灼痕的裙子,zh-TW
글라우쿠스의 배지,格勞克斯證章,zh-TW
글래디아의 배지,歌蕾蒂婭證章,zh-TW
글룸핀서호 - 크롤러,鐵鉗號·爬行者,zh-TW
금화휘황,金幣輝煌,zh-TW
기계식 함정 누름판,機械式陷阱壓力板,zh-TW
기나긴 여정,漫長的旅途,zh-TW
기록,記事,zh-TW
기마경찰 세트,騎警套裝,zh-TW
기사 가문,騎士家族,zh-TW
기사장,長騎,zh-TW
기억 파일,記憶存檔,zh-TW
기억의 잔편,記憶殘頁,zh-TW
기타노의 배지,遠山證章,zh-TW
긴급 방어 프로그램,緊急防衛程式,zh-TW
긴급 통신 매뉴얼,應急通訊指南,zh-TW
길흉불문,無問吉凶,zh-TW
깊은 밤,夜深人靜,zh-TW
깡통 장신구 케이스,鐵皮首飾盒,zh-TW
꼬리 관리 세트,尾巴養護套裝,zh-TW
꽃무릇,兩生花,zh-TW
꽃의 의미,這些花朵的含義,zh-TW
꿈속에서,夢中人,zh-TW
꿈은 이루어진다,夢想終將實現,zh-TW
꿈의 성 팝업북,夢之城堡立體書,zh-TW
끝나지 않은 여정,未竟的旅程,zh-TW
나란투야의 배지,娜仁圖亞證章,zh-TW
나만의 영웅,私家英雄,zh-TW
나소흑의 배지,羅小黑證章,zh-TW
나이트메어의 배지,夜魔證章,zh-TW
나이팅게일의 배지,夜鶯證章,zh-TW
나인컬러드 디어의 배지,九色鹿證章,zh-TW
낙하산,降落傘,zh-TW
난폭,桀驁,zh-TW
내가 만든 칼,我打的刀,zh-TW
내스티의 배지,娜斯提證章,zh-TW
내일의 씨앗,明天的種子,zh-TW
내한성 통신 설비,耐低溫通訊設備,zh-TW
네크라스의 배지,死芒證章,zh-TW
노력의 날개,辛勞之翼,zh-TW
노시스의 배지,靈知證章,zh-TW
노시스의 특별 한정 배지,靈知特限證章,zh-TW
노웰의 배지,諾威爾證章,zh-TW
노크 금지,請勿叩門,zh-TW
녹슨 가지,鏽枝,zh-TW
녹슬어 부러진 칼,鏽損的斷刀,zh-TW
놓친 소리,錯過的聲音,zh-TW
눈부신 태양의 칼날,耀陽鋒刃,zh-TW
눈에 침식된 삿갓,雪浸過的斗笠,zh-TW
눈을 라인으로 삼아,以雪為線,zh-TW
눈이 닿지 않는 곳,目不能及之處,zh-TW
느와르 코르네의 휴대용 노트,黑角的隨身筆記,zh-TW
늑대의 시간,狼時,zh-TW
니어 더 래디언트 나이트의 배지,耀騎士臨光證章,zh-TW
니어의 배지,臨光證章,zh-TW
니엔의 배지,年證章,zh-TW
님프의 배지,妮芙證章,zh-TW
다그다의 배지,達格達證章,zh-TW
다기능 지도 작성자 - 개량판,多功能測繪儀-改良版,zh-TW
다리 관리 키트,腿部護理套裝,zh-TW
다채로운 소금 사막 생활,多彩鹽漠生活,zh-TW
다채로운 인생,多彩人生,zh-TW
단사선악,但思善惡,zh-TW
단죄의 주먹,斷罪之拳,zh-TW
답을 기다리며,待解答,zh-TW
대나무 이케바나,斷竹插花作品,zh-TW
대형 필라인 공포증 탈출 실험,大菲林脫敏實驗,zh-TW
더 길어진 채찍,加長鞭刃絲線,zh-TW
더 셰이퍼,鍛椎者,zh-TW
데겐블레허의 배지,鐧證章,zh-TW
데슈치의 졸업 선물,黛絲特的畢業禮,zh-TW
델핀의 배지,戴菲恩證章,zh-TW
도로시의 배지,多蘿西證章,zh-TW
도망길의 응급 키트,逃亡路上的緊急小包,zh-TW
도베르만의 배지,杜賓證章,zh-TW
도서관,圖書館,zh-TW
독서 노트,讀書筆記,zh-TW
돈틀리스,一往無前,zh-TW
돌맹이,小石頭,zh-TW
동장군의 졸업 선물,冬將軍的畢業禮物,zh-TW
동화책,童話書,zh-TW
두 달의 호흡,雙月的呼吸,zh-TW
두껍고 무거운 경전,厚重的經卷,zh-TW
뒤늦은 기념,遲來的紀念,zh-TW
뒷골목 방패,後街圓盾,zh-TW
듀나의 배지,堅雷證章,zh-TW
드러내지 않은 칼,藏鋒,zh-TW
드레서 유동체,梳妝流形,zh-TW
드론 스프레이 세트,無人機噴塗套裝,zh-TW
들판에서,在田野上,zh-TW
들판의 허수아비,田間嚇獸人,zh-TW
디아만테의 배지,折光證章,zh-TW
딥컬러의 배지,深海色證章,zh-TW
따스함이 있는 곳,暖意的歸宿,zh-TW
뜨개질,續針,zh-TW
뜨거운 눈,熱的雪,zh-TW
라 플루마의 배지,羽毛筆證章,zh-TW
라바 더 퍼거토리의 배지,炎獄炎熔證章,zh-TW
라이디언의 배지,Raidian證章,zh-TW
라이디언의 배지,電弧證章,zh-TW
라이디언의 특근 배지,電弧特勤證章,zh-TW
라이오스의 배지,萊歐斯證章,zh-TW
라플란드 더 데카덴차의 배지,荒蕪拉普蘭德證章,zh-TW
라플란드의 배지,拉普蘭德證章,zh-TW
락락의 배지,洛洛證章,zh-TW
레드의 배지,紅證章,zh-TW
레몬 맛 어린 시절,檸檬味的童年,zh-TW
레싱의 배지,止頌證章,zh-TW
레온하르트의 배지,萊恩哈特證章,zh-TW
레우스S 느와르 코르네의 배지,火龍S黑角證章,zh-TW
레이의 배지,萊伊證章,zh-TW
레이즈 더 썬더브링어의 배지,司霆驚蟄證章,zh-TW
레이즈의 배지,驚蟄證章,zh-TW
레코드키퍼의 배지,錄武官證章,zh-TW
레토의 배지,烈夏證章,zh-TW
로고스의 배지,邏各斯證章,zh-TW
로도스 아일랜드 제식검,羅德島制式劍,zh-TW
로드·샤프의 배지,領主·Sharp證章,zh-TW
로베르타의 배지,羅比菈塔證章,zh-TW
로빈의 배지,羅賓證章,zh-TW
로사의 배지,早露證章,zh-TW
로즈몬티스의 배지,迷迭香證章,zh-TW
로즈몬티스의 특별 한정 배지,迷迭香特限證章,zh-TW
로즈솔트의 배지,瑰鹽證章,zh-TW
로프의 배지,暗索證章,zh-TW
루나컵의 배지,子月證章,zh-TW
루멘의 배지,流明證章,zh-TW
루실라의 배지,海霓證章,zh-TW
루토나다의 배지,露托證章,zh-TW
르무엔의 배지,蕾繆安證章,zh-TW
리드 더 플레임 섀도우의 배지,焰影葦草證章,zh-TW
리드의 배지,葦草證章,zh-TW
리스캄의 배지,雷蛇證章,zh-TW
리의 배지,老鯉證章,zh-TW
린의 배지,林證章,zh-TW
링의 배지,令證章,zh-TW
마녀의 모자,女巫的帽子,zh-TW
마르실의 배지,瑪露希爾證章,zh-TW
마법과는 연이 없는 조리 기술,非魔法廚藝,zh-TW
마운틴의 배지,山證章,zh-TW
마음,心,zh-TW
마음속 평온함,寧心靜神,zh-TW
마음의 소리,心聲,zh-TW
마젤란의 배지,麥哲倫證章,zh-TW
마지막 한 줄,最後一行,zh-TW
마터호른의 배지,角峰證章,zh-TW
마토이마루의 배지,纏丸證章,zh-TW
막대기와 자루,棍棒與口袋,zh-TW
만트라의 배지,真言證章,zh-TW
말소 불가,無可抹消,zh-TW
맨티코어의 배지,獅蠍證章,zh-TW
맹약·서포터 오퍼레이터의 배지,盟約·輔助幹員證章,zh-TW
머드락의 배지,泥岩證章,zh-TW
머틀의 배지,桃金娘證章,zh-TW
먼 곳의 선물,遠方的禮物,zh-TW
멀베리의 배지,桑葚證章,zh-TW
멈추지 않는 율동,不歇律動,zh-TW
멋진 요리,佳餚,zh-TW
메이어의 배지,梅爾證章,zh-TW
메이의 배지,梅證章,zh-TW
메커니스트의 배지,Mechanist證章,zh-TW
메테오라이트의 배지,隕星證章,zh-TW
메테오의 배지,流星證章,zh-TW
멜라나이트의 배지,玫拉證章,zh-TW
모건의 배지,摩根證章,zh-TW
모듬 과일맛 의료 상자,什錦果味醫用箱,zh-TW
모래 침식,沙蝕,zh-TW
모래에 묻힌 것,吹盡狂沙,zh-TW
모범적인 사람,典範之人,zh-TW
모성애의 반영,母愛的倒影,zh-TW
모스티마의 배지,莫斯提馬證章,zh-TW
모처럼 맑은 정신,難得清醒,zh-TW
목동의 노래,牧人的歌,zh-TW
목탄화,木炭畫,zh-TW
몸가짐의 차이,身向雲泥,zh-TW
몽롱한 밤,朧夜微明,zh-TW
무기 클리닝 세트,槍刃清潔套裝,zh-TW
무스의 배지,慕斯證章,zh-TW
무슨 증명?,證明什麼？,zh-TW
무언의 약속,無言的約定,zh-TW
무에나의 배지,瑪恩納證章,zh-TW
무장의 갑주,武將甲胄,zh-TW
무제 화폭,無題長卷,zh-TW
무죄,無罪,zh-TW
무효한 출입 카드,缺角的權限,zh-TW
무흔,無跡,zh-TW
뮤엘시스의 배지,繆爾賽思證章,zh-TW
미니멀리스트의 배지,至簡證章,zh-TW
미래를 향한 등불,啟行未來的燈,zh-TW
미르의 배지,末藥證章,zh-TW
미보 제어 단말 XP,咪波控制終端XP,zh-TW
미스 크리스틴의 배지,Miss.Christine證章,zh-TW
미스 크리스틴의 펠트,克里斯汀小姐的毛氈,zh-TW
미스미 우이카의 배지,三角初華證章,zh-TW
미스테리 툴키트,神秘的道具包,zh-TW
미완성 시계,未組裝的鐘錶,zh-TW
미완성의 무공기록부,未完成的錄武簿,zh-TW
미완성의 아름다움,未竟之美,zh-TW
미저리의 배지,Misery證章,zh-TW
미즈키의 배지,水月證章,zh-TW
미즈키의 특별 한정 배지,水月特限證章,zh-TW
미틈의 배지,渡橋證章,zh-TW
민트의 배지,薄綠證章,zh-TW
바람과 함께,牽風,zh-TW
바람의 색깔,風的顏色,zh-TW
바르카리스의 배지,擺渡人證章,zh-TW
바비큐 식당 공식 쿠폰 도장,烤肉店官方優惠章,zh-TW
바싹 마른 검집,乾枯劍鞘,zh-TW
바이비크의 배지,柏喙證章,zh-TW
바이슨의 배지,拜松證章,zh-TW
바짝 마른 빵,很乾的麵包,zh-TW
반자동 스타일링 세트,半自動造型工具套組,zh-TW
발라크빈의 배지,凜視證章,zh-TW
밤의 노래,鶯歌,zh-TW
방랑자의 바닥짐,漫遊者的壓艙石,zh-TW
방치된 복싱 글러브,閒置的拳擊手套,zh-TW
방패용 촬영 모듈,盾用攝製模組,zh-TW
백파이프의 배지,風笛證章,zh-TW
버던트의 배지,維荻證章,zh-TW
버든비스트는 어디에?,何處尋馱？,zh-TW
버메일의 배지,紅雲證章,zh-TW
버블의 배지,泡泡證章,zh-TW
버블의 번쩍이는 필살검,泡泡閃光必殺劍,zh-TW
벌컨의 배지,火神證章,zh-TW
베나의 배지,貝娜證章,zh-TW
베이스라인의 배지,深律證章,zh-TW
베테랑 만국 전달자의 커스텀 망토,資深萬國信使訂製斗篷,zh-TW
베토치키의 배지,折椏證章,zh-TW
벤델라의 배지,刺玫證章,zh-TW
별과 잠벌레,星星與瞌睡蟲,zh-TW
보빙의 배지,波卜證章,zh-TW
봉인된 칼날,沉鋒之束,zh-TW
봉제 사과,布藝蘋果,zh-TW
부패의 전승,朽壞傳承,zh-TW
불모지의 이상한 공구 세트,惡地奇異工具套組,zh-TW
불피스폴리아의 배지,忍冬證章,zh-TW
붉은 용에게 주는 화관,贈予紅龍的花冠,zh-TW
브라이오피타의 배지,蒼苔證章,zh-TW
브로카의 배지,布洛卡證章,zh-TW
브리즈의 배지,微風證章,zh-TW
브리지드의 배지,水燈心證章,zh-TW
블랙나이트의 배지,夜半證章,zh-TW
블레미샤인의 배지,瑕光證章,zh-TW
블레이즈 디 이그나이팅 스파크의 배지,燭煌證章,zh-TW
블레이즈의 배지,煌證章,zh-TW
블루베리와 다크초콜릿,藍莓與黑巧,zh-TW
블루포이즌의 배지,藍毒證章,zh-TW
비가 오나 맑으나,晴雨,zh-TW
비그나의 배지,紅豆證章,zh-TW
비나 빅토리아의 배지,維娜·維多利亞證章,zh-TW
비르투오사의 배지,塑心證章,zh-TW
비밀 작전용 공구 가방,隱秘行動工具包,zh-TW
비비아나의 배지,薇薇安娜證章,zh-TW
비스트 모양의 바둑통,獸形棋盒,zh-TW
비옥한 땅의 전망,沃土的願景,zh-TW
비즈왁스의 배지,蜜蠟證章,zh-TW
비질의 배지,伺夜證章,zh-TW
비헌터의 배지,獵蜂證章,zh-TW
빈스토크의 배지,豆苗證章,zh-TW
빙염,冰焰,zh-TW
빙원의 그림자,冰原的影子,zh-TW
빠르고 무딘 칼날,刺棱鈍刃,zh-TW
뿔 '케어' 키트,角部“護理”套組,zh-TW
사가의 배지,嵯峨證章,zh-TW
사계절의 낙엽,落葉四季,zh-TW
사냥용 칼,獵刀,zh-TW
사도,使徒,zh-TW
사도의 약속,使者之約,zh-TW
사리아의 배지,塞雷婭證章,zh-TW
사미 불멸의 심장,薩米的不滅心臟碎片,zh-TW
사일라흐의 배지,琴柳證章,zh-TW
사일런스 더 패러디그매틱의 배지,淬羽赫默證章,zh-TW
사일런스의 배지,赫默證章,zh-TW
사제의 축복,司祭的祝福,zh-TW
사회복지학 중고 교재,社工課程二手教材,zh-TW
사회적 기대 전술배낭,社會期望背包,zh-TW
산크타 믹사파라토의 배지,信仰攪拌機證章,zh-TW
산탈라의 배지,寒檀證章,zh-TW
살카즈 나이프,薩卡茲的刀,zh-TW
삼면의 금화,三面的金幣,zh-TW
새 친구를 위한 웰컴 키트,新朋友聖城生活套組,zh-TW
새 터전,新家園,zh-TW
새로운 기점,新起點,zh-TW
새로운 삶,新的生活,zh-TW
새로운 시작,新的開始,zh-TW
새로운 친구들,睦的新朋友,zh-TW
새비지의 배지,暴行證章,zh-TW
샌드레코너의 배지,衡沙證章,zh-TW
생명의 덧없음,生命的短暫,zh-TW
생소하고 머나먼 세상,遙遠陌生的世界,zh-TW
생존자,生還的人與物,zh-TW
샤마르의 배지,巫戀證章,zh-TW
샤이닝의 배지,閃靈證章,zh-TW
샤프의 배지,Sharp證章,zh-TW
샬렘의 배지,暮落證章,zh-TW
서퍼의 배지,尋瀾證章,zh-TW
선약,仙藥,zh-TW
성장의 발자취,成長的足跡,zh-TW
성주의 모험,城主的冒險,zh-TW
세사의 배지,懾砂證章,zh-TW
센시의 배지,先西證章,zh-TW
셈여림표,強弱法,zh-TW
소금과 모래,鹽與沙,zh-TW
소라의 배지,空證章,zh-TW
소리내지 않는 자,不發聲者,zh-TW
솔로 여행 세트,獨自旅行套裝,zh-TW
쇼의 배지,阿消證章,zh-TW
수르트의 배지,史爾特爾證章,zh-TW
수리검,手裡劍,zh-TW
수상한 전단지,可疑的宣傳頁,zh-TW
수상한 팔레트,詭異的調色盤,zh-TW
수수로의 배지,蘇蘇洛證章,zh-TW
수재의 장서,才女的藏書,zh-TW
수제 등산지팡이,自製登山杖,zh-TW
수호의 길,守護的道路,zh-TW
순동 단안망원경,純銅單筒望遠鏡,zh-TW
숴,朔,zh-TW
쉐라의 배지,耶拉證章,zh-TW
슈바르츠의 배지,黑證章,zh-TW
슈의 배지,黍證章,zh-TW
슈퍼 스프레이 페인트 세트,超級噴漆套裝,zh-TW
스네구로치카의 배지,冬時證章,zh-TW
스노우볼,雪花球,zh-TW
스노우상트의 배지,雪雉證章,zh-TW
스노우상트의 보물 저금통,雪雉的寶貝存錢罐,zh-TW
스노우헌터의 배지,雪獵證章,zh-TW
스와이어 디 엘리건트 위트의 배지,琳瑯詩懷雅證章,zh-TW
스와이어 디 엘리건트 위트의 특별 한정 배지,琳瑯詩懷雅特限證章,zh-TW
스와이어 용문 미식 가이드,詩懷雅的龍門美食指南,zh-TW
스와이어의 배지,詩懷雅證章,zh-TW
스즈란의 배지,鈴蘭證章,zh-TW
스카디 더 커럽팅 하트의 배지,濁心斯卡蒂證章,zh-TW
스카디의 배지,斯卡蒂證章,zh-TW
스카이파이어의 배지,天火證章,zh-TW
스캐빈저의 배지,清道夫證章,zh-TW
스터닝 스토리지,震撼存儲,zh-TW
스테인리스의 배지,白鐵證章,zh-TW
스톰아이의 배지,Stormeye證章,zh-TW
스펙터 디 언체인드의 배지,歸溟幽靈鯊證章,zh-TW
스펙터의 배지,幽靈鯊證章,zh-TW
스푸리아의 배지,空構證章,zh-TW
슬기로움,七竅玲瓏,zh-TW
시간 제정에 관해,欽天司時,zh-TW
시간의 흔적,時間的痕跡,zh-TW
시계 수리 세트,鐘錶修理套組,zh-TW
시는 짧고 꿈은 길다,詩短夢長,zh-TW
시데로카의 배지,鑄鐵證章,zh-TW
시드래곤 개량형,仿生海龍改型,zh-TW
시들어버린 배,易枯萎的航船,zh-TW
시들지 않는 모밭,不謝的苗圃,zh-TW
시라유키의 배지,白雪證章,zh-TW
시라쿠사 입문 의식,敘拉古式入門禮,zh-TW
시멘트의 배지,洋灰證章,zh-TW
시빌라이트 에테르나의 배지,魔王證章,zh-TW
시의 배지,夕證章,zh-TW
시의 특별 한정 배지,夕特限證章,zh-TW
시즈의 배지,推進之王證章,zh-TW
시해의 칼,弒君刃,zh-TW
식후 시간,餐後好時光,zh-TW
신형 바이오닉 프로토타입,新型仿生原型,zh-TW
신형 전기 설비 기술 프로토타입,新型電控設備技術原型,zh-TW
실론의 배지,錫蘭證章,zh-TW
실버애쉬의 배지,銀灰證章,zh-TW
실행 가능한 환상,可執行的幻想,zh-TW
실험용 반중력 모듈,實驗用反重力模組,zh-TW
싱주의 배지,行箸證章,zh-TW
쏜즈 더 로드스타의 배지,引星棘刺證章,zh-TW
쏜즈의 배지,棘刺證章,zh-TW
씬의 배지,稀音證章,zh-TW
아렌의 배지,芳汀證章,zh-TW
아렌의 책,芳汀之書,zh-TW
아로마의 배지,阿羅瑪證章,zh-TW
아르모니의 배지,和弦證章,zh-TW
아르케토의 배지,空弦證章,zh-TW
아르케토의 특별 한정 배지,空弦特限證章,zh-TW
아몬드의 배지,杏仁證章,zh-TW
아미야의 배지,阿米婭證章,zh-TW
아미야의 배지 (가드),阿米婭證章（近衛）,zh-TW
아미야의 배지 (메딕),阿米婭證章（醫療）,zh-TW
아버지의 로브,父親的袍子,zh-TW
아스베스토스 vs 쌍두의 글룸핀서,石棉大戰雙頭鉗獸,zh-TW
아스베스토스의 배지,石棉證章,zh-TW
아스카론의 눈,阿斯卡綸的眼睛,zh-TW
아스카론의 배지,阿斯卡綸證章,zh-TW
아스테시아의 배지,星極證章,zh-TW
아스트젠 더 라이트체이서의 배지,溯光星源證章,zh-TW
아스트젠의 배지,星源證章,zh-TW
아오스타의 배지,奧斯塔證章,zh-TW
아의 배지,阿證章,zh-TW
아이들,孩子們,zh-TW
아이리스의 배지,愛麗絲證章,zh-TW
아이린의 배지,艾麗妮證章,zh-TW
아이린의 특별 한정 배지,艾麗妮特限證章,zh-TW
아츠 유닛 관리 세트,法杖保養套裝,zh-TW
아카후유의 배지,赤冬證章,zh-TW
아코르트의 배지,協律證章,zh-TW
안드레아나의 배지,安哲拉證章,zh-TW
안젤리나의 배지,安潔莉娜證章,zh-TW
안젤리나의 특별 한정 배지,安潔莉娜特限證章,zh-TW
알라나의 배지,阿蘭娜證章,zh-TW
암담한 정의,正義黯淡,zh-TW
압생트의 배지,苦艾證章,zh-TW
애쉬락의 배지,灰毫證章,zh-TW
애시드드롭의 배지,酸糖證章,zh-TW
애완동물 대회 1위,寵物大賽第一名,zh-TW
야외 답사 세트,野外考察套裝,zh-TW
야전 저격 세트,野戰狙擊套裝,zh-TW
야하타 우미리의 배지,八幡海鈴證章,zh-TW
약속,誓言,zh-TW
어둠에서부터 빛까지,自晦及明,zh-TW
어린 보리,年輕的麥子,zh-TW
어린 송곳니,幼狼的牙齒,zh-TW
어머니의 스카프,母親的領巾,zh-TW
어스스피릿의 배지,地靈證章,zh-TW
어찌 밤이 길다 하리,豈苦夜長,zh-TW
언더플로우의 배지,深巡證章,zh-TW
에게의 키스,愛琴之吻,zh-TW
에단의 배지,伊桑證章,zh-TW
에라토의 배지,埃拉托證章,zh-TW
에메랄드빛 여명,水藍色黎明,zh-TW
에벤홀츠의 배지,黑鍵證章,zh-TW
에스텔의 배지,艾絲黛爾證章,zh-TW
에이야퍄들라 더 크비트 아스카의 배지,純燼艾雅法拉證章,zh-TW
에이야퍄들라의 배지,艾雅法拉證章,zh-TW
에이어스카르페의 배지,斷崖證章,zh-TW
에이프릴의 배지,四月證章,zh-TW
에프이터의 배지,食鐵獸證章,zh-TW
엑시아 더 뉴 커버넌트의 배지,新約能天使證章,zh-TW
엑시아의 걸작,能天使的傑作,zh-TW
엑시아의 배지,能天使證章,zh-TW
엔지니어들,工程師們,zh-TW
엔텔레키아의 배지,隱德來希證章,zh-TW
엘리시움의 배지,極境證章,zh-TW
엠브리엘의 배지,安比爾證章,zh-TW
여가 시간,閒暇時分,zh-TW
열화 메모리,熱成形記憶,zh-TW
영혼의 교감,靈魂共鳴,zh-TW
예비용 랜스 세트,長槍替補套裝,zh-TW
예측 불가능한 별자리표,未卜星圖,zh-TW
옛 시절,往昔時光,zh-TW
옛날의 재현,舊日重現,zh-TW
오다의 배지,奧達證章,zh-TW
오래된 나날과 새로운 옷,舊日新裝,zh-TW
오래된 면도칼,老剃刀,zh-TW
오래된 물건,舊物,zh-TW
오래된 배낭,舊背包,zh-TW
오로라의 배지,極光證章,zh-TW
오리지널 피킹 툴,原版開鎖工具,zh-TW
오리지늄 주사위 수납함,源石骰子收納盒,zh-TW
오버트레이닝,額外訓練,zh-TW
오올헤약의 배지,霍爾海雅證章,zh-TW
오올헤약의 특별 한정 배지,霍爾海雅特限證章,zh-TW
와이후의 배지,槐琥證章,zh-TW
와일드메인의 배지,野鬃證章,zh-TW
와카바 무츠미의 배지,若葉睦證章,zh-TW
와파린의 배지,華法琳證章,zh-TW
완칭의 배지,萬頃證章,zh-TW
왕권의 금화,王權金幣,zh-TW
왕의 배지,望證章,zh-TW
외골격 장비,外骨骼裝備,zh-TW
외과 의료 세트,外科醫療套組,zh-TW
외근용 개인 보급 팩,外勤私人補給包,zh-TW
외드레르의 배지,赫德雷證章,zh-TW
외출 필수 세트,出門必備套裝,zh-TW
용병의 자루,傭兵的行囊,zh-TW
우당탕탕 서바이벌 챌린지 3 온라인,鬧鬧生存挑戰3 連線版,zh-TW
우요우의 배지,烏有證章,zh-TW
우정 만세,友誼萬歲,zh-TW
우타게의 배지,宴證章,zh-TW
울페나이트의 배지,鉬鉛證章,zh-TW
울피아누스의 배지,烏爾比安證章,zh-TW
울피아누스의 옷장,烏爾比安的衣櫥,zh-TW
워미의 배지,溫米證章,zh-TW
웰메이드 셔츠,做工優良的襯衣,zh-TW
웰컴 투 펭귄 로지스틱스,歡迎光臨，企鵝物流,zh-TW
위대한 로큰롤,偉大的搖滾,zh-TW
위디의 배지,溫蒂證章,zh-TW
위셔델의 배지,維什戴爾證章,zh-TW
위스퍼레인의 배지,絮雨證章,zh-TW
위슬래시의 배지,鞭刃證章,zh-TW
위의 배지,餘證章,zh-TW
윈드스쿠트의 배지,騁風證章,zh-TW
윈드차임스의 배지,鐸鈴證章,zh-TW
윈드플릿의 배지,掠風證章,zh-TW
유넥티스의 배지,森蚺證章,zh-TW
유넥티스의 특별 한정 배지,森蚺特限證章,zh-TW
유텐지 냐무의 배지,祐天寺若麥證章,zh-TW
융합,同熔,zh-TW
음악가의 여정,音樂家的旅程,zh-TW
음악이론 해설자,樂理闡釋者,zh-TW
응급 비축,應急儲備,zh-TW
의,義,zh-TW
의료 환경 분석 장치,醫療環境分析裝置,zh-TW
의미 범주 백과사전,語義範式百科,zh-TW
의불자치,醫不自治,zh-TW
의사,醫者,zh-TW
의사의 지시,請遵醫囑,zh-TW
의식감,儀式感,zh-TW
이그제큐터 디 엑스 포에데레의 배지,聖約送葬人證章,zh-TW
이그제큐터의 배지,送葬人證章,zh-TW
이네스의 배지,伊內絲證章,zh-TW
이동식 보금자리,移動的窩,zh-TW
이동식 보조 베터리,移動電箱,zh-TW
이동식 오르골,移動音樂盒,zh-TW
이를 악물고,咬緊牙關,zh-TW
이름 없는 군번줄,無名的身份牌,zh-TW
이름 짓지 않은 드론,未命名的無人機,zh-TW
이별의 맛,贈別之味,zh-TW
이스티나의 배지,真理證章,zh-TW
이야기의 결말,故事的結局,zh-TW
이중 신분,雙重身分,zh-TW
이중성의 발톱 미용 세트,美爪套裝二象性,zh-TW
이프리트의 배지,伊芙利特證章,zh-TW
인간백미,人間百味,zh-TW
인기 캐릭터 스티커,人氣角色貼紙,zh-TW
인드라의 배지,因陀羅證章,zh-TW
인디고의 배지,深靛證章,zh-TW
인사이더의 배지,隱現證章,zh-TW
인포서의 배지,見行者證章,zh-TW
일념,一念,zh-TW
임기응변,靈機一動,zh-TW
자물쇠와 열쇠의 집,鎖與匙之家,zh-TW
자연의 포용,自然的包容,zh-TW
"자유, 양파링과 나",自由、洋蔥圈和我,zh-TW
자유의 대가,自由的代價,zh-TW
작고 못생긴 것,小小的醜東西,zh-TW
작은 씨앗,小小的種子,zh-TW
잠들지 못하는 밤,終夜無寐,zh-TW
장갑탄 전술 파우치,破牆榴彈戰術收納包,zh-TW
장밋빛 이야기집,玫瑰色故事集,zh-TW
장인들의 메아리,工匠團的迴響,zh-TW
재키의 배지,傑克證章,zh-TW
재판관의 보급,審判官口糧,zh-TW
전술 방패 보수용 오일,戰術盾牌維護油,zh-TW
전승과 개척,傳承與開拓,zh-TW
전용 식기,專屬餐具,zh-TW
전자기 조절 장치,電磁調節器,zh-TW
전투화,作戰靴,zh-TW
점괘의 의미,占卜的意義,zh-TW
점술가 여행 세트,占卜師旅行套裝,zh-TW
정과 의,情與義,zh-TW
정글에서 온 전리품,密林擷萃,zh-TW
정보원 자료 파일,情報人員資料夾,zh-TW
정상 정복,凌絕頂,zh-TW
정제 강철 나이프 세트,精鋼刀具套組,zh-TW
제3의 힘,第三種力量,zh-TW
제시카 더 리버레이티드의 배지,滌火潔西卡證章,zh-TW
제시카의 배지,潔西卡證章,zh-TW
제시카의 주문서,潔西卡的訂單,zh-TW
제어 가능한 모멘텀,可控動量,zh-TW
제이의 배지,孑證章,zh-TW
제창,齊唱,zh-TW
조상 발사기,祖宗發射器,zh-TW
조율해야 할 분노,待調弦的怒火,zh-TW
졸업설계,畢業設計,zh-TW
좌락의 배지,左樂證章,zh-TW
주마마 공구 상자,祖瑪瑪的工具箱,zh-TW
주인 없는 유산,未處理的遺產,zh-TW
중력 교정 모듈,重力校準模組,zh-TW
중추신경 탐지 모듈,中樞神經探測模組,zh-TW
쥐의 배지,矩證章,zh-TW
지금까지,一路以來,zh-TW
지나간 시간,時光不再,zh-TW
지난 날의 불완전한 꿈,往日殘夢,zh-TW
지마의 배지,凜冬證章,zh-TW
지상 여행 기념 램프,地上巡旅紀念燈,zh-TW
지에윈의 배지,截雲證章,zh-TW
지지 않는 깃발,不落,zh-TW
지촉인의 기록,秉燭人的記錄,zh-TW
직접 만든 상촉 핫소스,尚蜀風味自製辣醬,zh-TW
질서의 성'구',秩序聖“球”,zh-TW
집수 장치,集水裝置,zh-TW
집정관의 손거울,執政官手鏡,zh-TW
집중력 유지 장치,注意力保持裝置,zh-TW
집행자의 휴대 가방,執行者隨身包,zh-TW
착지 후,落地之後,zh-TW
찬란하고 화려한 사투,華貴璀璨的死鬥,zh-TW
처마 밑에서 비를 듣다,簷下聽雨,zh-TW
천분의 일의 마음,千分之一的心,zh-TW
천지통명,天地通明,zh-TW
첨단 테르밋 유닛,尖端鋁熱單元,zh-TW
첫 경기 지원 세트,首戰支援套組,zh-TW
첫 승낙,初諾,zh-TW
체르니의 배지,車爾尼證章,zh-TW
체스트넛의 배지,褐果證章,zh-TW
첸 더 던스트릭의 배지,赤刃明霄陳證章,zh-TW
첸 더 홀룽데이의 배지,假日威龍陳證章,zh-TW
첸의 배지,陳證章,zh-TW
초강력 야구 세트,超強棒球套裝,zh-TW
초보 탐정 선물 세트,新手偵探禮包,zh-TW
총기 정비 세트,槍支調試工具組,zh-TW
총웨의 배지,重岳證章,zh-TW
최초의 기쁨,最初的驚喜,zh-TW
축축한 대검 케이스,潮濕的劍袋,zh-TW
춤추는 달빛,跳舞的月光,zh-TW
츠키노기의 배지,月禾證章,zh-TW
치우바이의 배지,仇白證章,zh-TW
친구들의 선물,友人們的贈禮,zh-TW
칠책의 배지,奇爾查克證章,zh-TW
침묵 속에 닳아버린 날들,被摩挲的日子,zh-TW
카넬리안의 배지,卡涅利安證章,zh-TW
카니팔라트의 배지,雪絨證章,zh-TW
카제마루의 배지,風丸證章,zh-TW
카프카의 배지,卡夫卡證章,zh-TW
칸타빌레의 배지,曉歌證章,zh-TW
칼집 속 사람,鞘中人,zh-TW
캐서린의 배지,凱瑟琳證章,zh-TW
캐슬브레이커 탄창,破城矛彈夾,zh-TW
캔디 박스,糖果盒,zh-TW
커스터마이징 방화복,客製化防火服,zh-TW
커스텀 석궁 부품 세트,定製弩配件套裝,zh-TW
커터의 배지,刻刀證章,zh-TW
커피 소재의 신경 활성제,基於咖啡的神經活性劑,zh-TW
컨빅션의 배지,斷罪者證章,zh-TW
케스트럴의 배지,紅隼證章,zh-TW
케언의 배지,響石證章,zh-TW
케오베의 배지,刻俄柏證章,zh-TW
케이퍼의 배지,躍躍證章,zh-TW
켈시의 배지,凱爾希證章,zh-TW
켈시의 특별 한정 배지,凱爾希特限證章,zh-TW
코로세럼의 배지,蝕清證章,zh-TW
콜드샷의 배지,冰釀證章,zh-TW
쿠리어의 배지,訊使證章,zh-TW
쿠오라의 배지,蛇屠箱證章,zh-TW
쿠쿨칸의 시간 박물관,羽蛇的時間博物館,zh-TW
쿼츠의 배지,石英證章,zh-TW
퀘르쿠스의 배지,夏櫟證章,zh-TW
큐브 펜던트,魔方掛墜,zh-TW
크라운슬레이어의 배지,弒君者證章,zh-TW
크랩 전용 뷔페,鉗鉗自助餐,zh-TW
크루스 더 킨 글린트의 배지,寒芒克洛絲證章,zh-TW
크루아상의 배지,可頌證章,zh-TW
클리프하트의 배지,崖心證章,zh-TW
클릭의 배지,卡達證章,zh-TW
키라라의 배지,綺良證章,zh-TW
키린R 야토 배지,麒麟R夜刀證章,zh-TW
키아베의 배지,賈維證章,zh-TW
키치세이의 배지,吉星證章,zh-TW
킬러의 휴일,殺手也有假期,zh-TW
타자기 리본,打字機色帶,zh-TW
탄창과 색유리 창,彈匣與花窗,zh-TW
탐험가의 소장품,探索者的收藏,zh-TW
터치의 배지,Touch證章,zh-TW
털실 공,毛線球,zh-TW
테크노의 배지,特克諾證章,zh-TW
테킬라의 배지,龍舌蘭證章,zh-TW
텍사스 디 오메르토사의 배지,緘默德克薩斯證章,zh-TW
텍사스의 배지,德克薩斯證章,zh-TW
토가와 사키코의 배지,豐川祥子證章,zh-TW
토디폰스의 배지,熔泉證章,zh-TW
토미미의 배지,特米米證章,zh-TW
토터의 배지,鉛踝證章,zh-TW
투예의 배지,圖耶證章,zh-TW
튤립의 배지,鬱金香證章,zh-TW
트라고디아의 배지,酒神證章,zh-TW
트라고디아의 심장,酒神之心,zh-TW
트루스 오 데어,真心的話和想冒的險,zh-TW
티켓 보관첩,票根收納冊,zh-TW
티티의 배지,緹緹證章,zh-TW
티폰의 배지,提豐證章,zh-TW
틴맨의 배지,錫人證章,zh-TW
파이어워치의 배지,守林人證章,zh-TW
파이어휘슬의 배지,火哨證章,zh-TW
파인콘의 배지,松果證章,zh-TW
파죰카의 배지,鴻雪證章,zh-TW
파투스의 배지,遠牙證章,zh-TW
파편,碎片,zh-TW
파프리카의 배지,明椒證章,zh-TW
파피루스의 배지,莎草證章,zh-TW
팔라스의 배지,帕拉斯證章,zh-TW
패신저의 배지,異客證章,zh-TW
패신저의 특별 한정 배지,異客特限證章,zh-TW
팬으로부터 온 편지,支持者來信,zh-TW
팬텀의 배지,傀影證章,zh-TW
팬텀의 특별 한정 배지,傀影特限證章,zh-TW
팽 더 파이어 샤픈드의 배지,歷陣銳槍芬證章,zh-TW
퍼즐의 배지,謎圖證章,zh-TW
퍼퓨머 더 디스틸트의 배지,擷英調香師證章,zh-TW
퍼퓨머의 배지,調香師證章,zh-TW
페넌스의 배지,斥罪證章,zh-TW
페일 골드 헤어 펜던트,淡金墜飾,zh-TW
페페의 배지,佩佩證章,zh-TW
페페의 특별 한정 배지,佩佩特限證章,zh-TW
평범한 돌,凡石,zh-TW
포덴코의 배지,波登可證章,zh-TW
폰사이러스의 배지,青枳證章,zh-TW
폴더폰,翻蓋手機,zh-TW
폴리닉의 배지,亞葉證章,zh-TW
표준 컬러 차트,標準比色卡,zh-TW
푸딩의 배지,布丁證章,zh-TW
퓨어스트림의 배지,清流證章,zh-TW
프라마닉스 더 프레리타의 배지,聖聆初雪證章,zh-TW
프라마닉스의 배지,初雪證章,zh-TW
프란카의 배지,芙蘭卡證章,zh-TW
프로 드론 조작 모듈,專業無人機操作模組,zh-TW
프로급 개량 렌즈,專業級改良鏡頭,zh-TW
프로바이조의 배지,但書證章,zh-TW
프로방스의 배지,普羅旺斯證章,zh-TW
프로스트리프의 배지,霜葉證章,zh-TW
프틸롭시스의 배지,白面鴞證章,zh-TW
플래티넘의 배지,白金證章,zh-TW
플레임브링어의 배지,炎客證章,zh-TW
플레임테일의 배지,焰尾證章,zh-TW
플린트의 배지,燧石證章,zh-TW
피구리노의 배지,裁度證章,zh-TW
피누스 실베스트리스의 출발점,紅松的起點,zh-TW
피스의 배지,Pith證章,zh-TW
피아메타의 배지,菲亞梅塔證章,zh-TW
필라에의 배지,菲萊證章,zh-TW
필적,筆跡,zh-TW
하루 또 하루,日復一日,zh-TW
하루카의 배지,遙證章,zh-TW
하사받은 장난감,受賜玩物,zh-TW
하위 언어 기호 표시 시스템,副語言符號展示系統,zh-TW
하이디의 배지,海蒂證章,zh-TW
하이모어의 배지,海沫證章,zh-TW
하이버리의 낙인,海布里印記,zh-TW
하이파이 통신용 이어폰,高保真通訊耳機,zh-TW
한나의 탈구 재활 세트,漢娜的脫臼復位套裝,zh-TW
한정판 달력,限量版年曆,zh-TW
할아버지께,致祖父,zh-TW
항해,啟航,zh-TW
해럴드의 배지,哈洛德證章,zh-TW
해변 전투 세트,沙灘戰鬥套裝,zh-TW
핸드메이드 잭,自製千斤頂,zh-TW
행운,幸運,zh-TW
향기 나는 귀걸이,香薰耳墜,zh-TW
허니 파이 선물 세트,蜜糖餡餅禮包,zh-TW
허니베리의 배지,蜜莓證章,zh-TW
헌 옷,舊衣服,zh-TW
헤비레인의 배지,暴雨證章,zh-TW
헤이즈의 배지,夜煙證章,zh-TW
헬라그의 배지,赫拉格證章,zh-TW
헬리아의 빛,赫里亞之輝,zh-TW
협곡에서 온 필통,來自河谷的筆盒,zh-TW
협박자,威嚇者,zh-TW
형제,兄弟,zh-TW
호'톱'다마,好鋸多磨,zh-TW
호시구마 더 브리처의 배지,斬業星熊證章,zh-TW
호시구마의 배지,星熊證章,zh-TW
호신 부적,護身符,zh-TW
호신용 립스틱,防身口紅,zh-TW
혼돈의 진열,混沌陣列,zh-TW
혼의 배지,號角證章,zh-TW
홍미영춘권 비급,紅眉詠春拳譜,zh-TW
화살 테스트 상자,弩箭調試箱,zh-TW
화염 방지대책,阻燃處理方案,zh-TW
확인 대기 신청서,待確認的申請表,zh-TW
확인 완료,已知悉,zh-TW
황야의 작별 선물,荒野地的餞別禮,zh-TW
황야의 휴대용 각성제,荒野便攜提神劑,zh-TW
후임자에게,致繼任者,zh-TW
훈련용 꼬리 보호 세트,訓練用尾部防護套裝,zh-TW
훈련용 말뚝,訓練用木樁,zh-TW
훔의 배지,吽證章,zh-TW
훼손된 꼬리 교정기,損壞的尾尾佳,zh-TW
휴가 마지막 날,假期的最後一天,zh-TW
휴대용 레이더 보조 기기,便攜雷達的輔助器材,zh-TW
휴대용 범퍼,隨身保險桿,zh-TW
휴대용 전기 측정 장비,便攜測電設備,zh-TW
휴머스의 배지,休謨斯證章,zh-TW
흐릿한 촛불,幽明燭光,zh-TW
흙과 돌의 뿌리,土石的根系,zh-TW
히든 블레이드,無形，無情,zh-TW
히라 파울케어 키트,雪境羽獸護理套組,zh-TW
히비스커스 더 퓨리파이어의 배지,濯塵芙蓉證章,zh-TW
히아신스와 비수,風信子與匕首,zh-TW
