id,term,src_table
ActivityAvgLevel.10005.1,Act Five,ActivityAvgLevel.json
ActivityAvgLevel.10006.1,Act Six,ActivityAvgLevel.json
ActivityAvgLevel.10007.1,Act Seven,ActivityAvgLevel.json
ActivityAvgLevel.10008.1,Act Eight,ActivityAvgLevel.json
ActivityAvgLevel.10009.1,Act Nine,ActivityAvgLevel.json
ActivityAvgLevel.10010.1,Act Ten,ActivityAvgLevel.json
ActivityAvgLevel.10011.1,Epilogue,ActivityAvgLevel.json
ActivityIceCreamLevel.2011.1,Palm Beach,ActivityIceCreamLevel.json
ActivityIceCreamLevel.2013.1,Seabreeze Boardwalk,ActivityIceCreamLevel.json
ActivityIceCreamLevel.2015.1,Echoing Caves,ActivityIceCreamLevel.json
ActivityIceCreamLevel.2017.1,Heatwave Bay,ActivityIceCreamLevel.json
ActivityLevelsLevel.1000101.1,Summer Brawl Ⅰ,ActivityLevelsLevel.json
ActivityLevelsLevel.1000102.1,Summer Brawl Ⅱ,ActivityLevelsLevel.json
ActivityLevelsLevel.1000103.1,Summer Brawl Ⅲ,ActivityLevelsLevel.json
ActivityLevelsLevel.1000104.1,Summer Brawl Ⅳ,ActivityLevelsLevel.json
ActivityLevelsLevel.1000105.1,Summer Brawl Ⅴ,ActivityLevelsLevel.json
ActivityLevelsLevel.1000106.1,Summer Brawl Ⅵ,ActivityLevelsLevel.json
ActivityLevelsLevel.1000107.1,Summer Brawl Ⅶ,ActivityLevelsLevel.json
ActivityLevelsLevel.1000108.1,Hexhorn Whale (Normal),ActivityLevelsLevel.json
ActivityLevelsLevel.1000201.1,Treasure Raider Ⅰ,ActivityLevelsLevel.json
ActivityLevelsLevel.1000202.1,Treasure Raider Ⅱ,ActivityLevelsLevel.json
ActivityLevelsLevel.1000203.1,Treasure Raider Ⅲ,ActivityLevelsLevel.json
ActivityLevelsLevel.1000204.1,Hexhorn Whale (Hard),ActivityLevelsLevel.json
ActivityLevelsLevel.1001101.1,Summer Brawl Ⅰ,ActivityLevelsLevel.json
ActivityLevelsLevel.1001102.1,Summer Brawl Ⅱ,ActivityLevelsLevel.json
ActivityLevelsLevel.1001103.1,Summer Brawl Ⅲ,ActivityLevelsLevel.json
ActivityLevelsLevel.1001104.1,Summer Brawl Ⅳ,ActivityLevelsLevel.json
ActivityLevelsLevel.1001105.1,Summer Brawl Ⅴ,ActivityLevelsLevel.json
ActivityLevelsLevel.1001106.1,Summer Brawl Ⅵ,ActivityLevelsLevel.json
ActivityLevelsLevel.1001107.1,Summer Brawl Ⅶ,ActivityLevelsLevel.json
ActivityLevelsLevel.1001201.1,Treasure Raider Ⅰ,ActivityLevelsLevel.json
ActivityLevelsLevel.1001202.1,Treasure Raider Ⅱ,ActivityLevelsLevel.json
ActivityLevelsLevel.1001203.1,Treasure Raider Ⅲ,ActivityLevelsLevel.json
ActivityLevelsLevel.1010101.1,Operation Green Sweep Ⅰ,ActivityLevelsLevel.json
ActivityLevelsLevel.1010102.1,Operation Green Sweep Ⅱ,ActivityLevelsLevel.json
ActivityLevelsLevel.1010103.1,Operation Green Sweep Ⅲ,ActivityLevelsLevel.json
ActivityLevelsLevel.1010104.1,Operation Green Sweep Ⅳ,ActivityLevelsLevel.json
ActivityLevelsLevel.1010105.1,Operation Green Sweep Ⅴ,ActivityLevelsLevel.json
ActivityLevelsLevel.1010106.1,Operation Green Sweep Ⅵ,ActivityLevelsLevel.json
ActivityLevelsLevel.1010107.1,Operation Green Sweep Ⅶ,ActivityLevelsLevel.json
ActivityLevelsLevel.1010108.1,Logging Crab Assault (Normal),ActivityLevelsLevel.json
ActivityLevelsLevel.1010201.1,Mech Rampant Ⅰ,ActivityLevelsLevel.json
ActivityLevelsLevel.1010202.1,Mech Rampant Ⅱ,ActivityLevelsLevel.json
ActivityLevelsLevel.1010203.1,Mech Rampant Ⅲ,ActivityLevelsLevel.json
ActivityLevelsLevel.1010204.1,Logging Crab Assault (Hard),ActivityLevelsLevel.json
ActivityLevelsLevel.1020101.1,Dense Woods Hunt I,ActivityLevelsLevel.json
ActivityLevelsLevel.1020102.1,Dense Woods Hunt Ⅱ,ActivityLevelsLevel.json
ActivityLevelsLevel.1020103.1,Dense Woods Hunt Ⅲ,ActivityLevelsLevel.json
ActivityLevelsLevel.1020104.1,Dense Woods Hunt Ⅳ,ActivityLevelsLevel.json
ActivityLevelsLevel.1020105.1,Dense Woods Hunt V,ActivityLevelsLevel.json
ActivityLevelsLevel.1020106.1,Dense Woods Hunt Ⅵ,ActivityLevelsLevel.json
ActivityLevelsLevel.1020107.1,Dense Woods Hunt Ⅶ,ActivityLevelsLevel.json
ActivityLevelsLevel.1020108.1,Fluffy Knight (Normal),ActivityLevelsLevel.json
ActivityLevelsLevel.1020201.1,The Gloomy Forest I,ActivityLevelsLevel.json
ActivityLevelsLevel.1020202.1,The Gloomy Forest Ⅱ,ActivityLevelsLevel.json
ActivityLevelsLevel.1020203.1,The Gloomy Forest Ⅲ,ActivityLevelsLevel.json
ActivityLevelsLevel.1020204.1,Fluffy Knight (Hard),ActivityLevelsLevel.json
ActivityLevelsLevel.1030101.1,Greenhouse Inquiry I,ActivityLevelsLevel.json
ActivityLevelsLevel.1030102.1,Greenhouse Inquiry Ⅱ,ActivityLevelsLevel.json
ActivityLevelsLevel.1030103.1,Greenhouse Inquiry Ⅲ,ActivityLevelsLevel.json
ActivityLevelsLevel.1030104.1,Forbidden Fruit I,ActivityLevelsLevel.json
ActivityLevelsLevel.1030105.1,Forbidden Fruit Ⅱ,ActivityLevelsLevel.json
ActivityLevelsLevel.1030106.1,Forbidden Fruit Ⅲ,ActivityLevelsLevel.json
ActivityLevelsLevel.1030107.1,Forbidden Fruit Ⅳ,ActivityLevelsLevel.json
ActivityLevelsLevel.1030108.1,Deadly Magic I,ActivityLevelsLevel.json
ActivityLevelsLevel.1030201.1,Perilous Thorns I,ActivityLevelsLevel.json
ActivityLevelsLevel.1030202.1,Perilous Thorns Ⅱ,ActivityLevelsLevel.json
ActivityLevelsLevel.1030203.1,Perilous Thorns Ⅲ,ActivityLevelsLevel.json
ActivityLevelsLevel.1030204.1,Deadly Magic Ⅱ,ActivityLevelsLevel.json
ActivityLevelsLevel.1030301.1,Gilded Cage of Truth I,ActivityLevelsLevel.json
ActivityLevelsLevel.1030302.1,Gilded Cage of Truth Ⅱ,ActivityLevelsLevel.json
ActivityLevelsLevel.1030303.1,Gilded Cage of Truth Ⅲ,ActivityLevelsLevel.json
ActivityLevelsLevel.1030304.1,Deadly Magic Ⅲ,ActivityLevelsLevel.json
ActivityLevelsLevel.1040101.1,New Year's Opening I,ActivityLevelsLevel.json
ActivityLevelsLevel.1040102.1,New Year's Opening Ⅱ,ActivityLevelsLevel.json
ActivityLevelsLevel.1040103.1,New Year's Opening Ⅲ,ActivityLevelsLevel.json
ActivityLevelsLevel.1040104.1,Dog Patrol Squad I,ActivityLevelsLevel.json
ActivityLevelsLevel.1040105.1,Evelong Defense I,ActivityLevelsLevel.json
ActivityLevelsLevel.1040106.1,Evelong Defense Ⅱ,ActivityLevelsLevel.json
ActivityLevelsLevel.1040107.1,Dog Patrol Squad Ⅱ,ActivityLevelsLevel.json
ActivityLevelsLevel.1040108.1,Blessings Abound I,ActivityLevelsLevel.json
ActivityLevelsLevel.1040201.1,Lanterns and Crowds I,ActivityLevelsLevel.json
ActivityLevelsLevel.1040202.1,Lanterns and Crowds Ⅱ,ActivityLevelsLevel.json
ActivityLevelsLevel.1040203.1,Lanterns and Crowds Ⅲ,ActivityLevelsLevel.json
ActivityLevelsLevel.1040204.1,Dog Patrol Squad Ⅲ,ActivityLevelsLevel.json
ActivityLevelsLevel.1040205.1,Evelong Defense Ⅲ,ActivityLevelsLevel.json
ActivityLevelsLevel.1040206.1,Evelong Defense Ⅳ,ActivityLevelsLevel.json
ActivityLevelsLevel.1040207.1,Dog Patrol Squad Ⅳ,ActivityLevelsLevel.json
ActivityLevelsLevel.1040208.1,Blessings Abound Ⅱ,ActivityLevelsLevel.json
ActivityLevelsLevel.1040301.1,Lanterns and Crowds Ⅳ,ActivityLevelsLevel.json
ActivityLevelsLevel.1040302.1,Dog Patrol Squad Ⅴ,ActivityLevelsLevel.json
ActivityLevelsLevel.1040303.1,Dog Patrol Squad Ⅵ,ActivityLevelsLevel.json
ActivityLevelsLevel.1040304.1,Blessings Abound Ⅲ,ActivityLevelsLevel.json
ActivityLevelsLevel.1050101.1,Vanguard of War Ⅰ,ActivityLevelsLevel.json
ActivityLevelsLevel.1050102.1,Vanguard of War Ⅱ,ActivityLevelsLevel.json
ActivityLevelsLevel.1050103.1,Vanguard of War Ⅲ,ActivityLevelsLevel.json
ActivityLevelsLevel.1050104.1,The Forging of War Ⅰ,ActivityLevelsLevel.json
ActivityLevelsLevel.1050105.1,The Forging of War Ⅱ,ActivityLevelsLevel.json
ActivityLevelsLevel.1050106.1,The Reaping of Souls Ⅰ,ActivityLevelsLevel.json
ActivityLevelsLevel.1050107.1,Blades and Flames Ⅰ,ActivityLevelsLevel.json
ActivityLevelsLevel.1050108.1,Crimson Descent Ⅰ,ActivityLevelsLevel.json
ActivityLevelsLevel.1050201.1,Vanguard of War Ⅳ,ActivityLevelsLevel.json
ActivityLevelsLevel.1050202.1,Vanguard of War Ⅴ,ActivityLevelsLevel.json
ActivityLevelsLevel.1050203.1,Vanguard of War Ⅵ,ActivityLevelsLevel.json
ActivityLevelsLevel.1050204.1,The Forging of War Ⅲ,ActivityLevelsLevel.json
ActivityLevelsLevel.1050205.1,The Reaping of Souls Ⅱ,ActivityLevelsLevel.json
ActivityLevelsLevel.1050206.1,The Forging of War IV,ActivityLevelsLevel.json
ActivityLevelsLevel.1050207.1,Blades and Flames Ⅱ,ActivityLevelsLevel.json
ActivityLevelsLevel.1050208.1,Crimson Descent Ⅱ,ActivityLevelsLevel.json
ActivityLevelsLevel.1050301.1,The Reaping of Souls Ⅲ,ActivityLevelsLevel.json
ActivityLevelsLevel.1050302.1,The Forging of War V,ActivityLevelsLevel.json
ActivityLevelsLevel.1050303.1,Blades and Flames Ⅲ,ActivityLevelsLevel.json
ActivityLevelsLevel.1050304.1,Crimson Descent Ⅲ,ActivityLevelsLevel.json
ActivityLevelsLevel.1060101.1,Mail Scramble Ⅰ,ActivityLevelsLevel.json
ActivityLevelsLevel.1060102.1,Mail Scramble Ⅱ,ActivityLevelsLevel.json
ActivityLevelsLevel.1060103.1,Mail Scramble Ⅲ,ActivityLevelsLevel.json
ActivityLevelsLevel.1060104.1,Mail Scramble Ⅳ,ActivityLevelsLevel.json
ActivityLevelsLevel.1060105.1,Mail Scramble Ⅴ,ActivityLevelsLevel.json
ActivityLevelsLevel.1060106.1,Mail Scramble Ⅵ,ActivityLevelsLevel.json
ActivityLevelsLevel.1060107.1,Mail Scramble Ⅶ,ActivityLevelsLevel.json
ActivityLevelsLevel.1060108.1,Into the Nest Ⅰ,ActivityLevelsLevel.json
ActivityLevelsLevel.1060201.1,Route Clearance Ⅰ,ActivityLevelsLevel.json
ActivityLevelsLevel.1060202.1,Route Clearance Ⅱ,ActivityLevelsLevel.json
ActivityLevelsLevel.1060203.1,Route Clearance Ⅲ,ActivityLevelsLevel.json
ActivityLevelsLevel.1060204.1,Route Clearance Ⅳ,ActivityLevelsLevel.json
ActivityLevelsLevel.1060205.1,Route Clearance Ⅴ,ActivityLevelsLevel.json
ActivityLevelsLevel.1060206.1,Route Clearance VI,ActivityLevelsLevel.json
ActivityLevelsLevel.1060207.1,Route Clearance Ⅶ,ActivityLevelsLevel.json
ActivityLevelsLevel.1060208.1,Into the Nest Ⅱ,ActivityLevelsLevel.json
ActivityLevelsLevel.1060301.1,Courier's Creed Ⅰ,ActivityLevelsLevel.json
ActivityLevelsLevel.1060302.1,Courier's Creed Ⅱ,ActivityLevelsLevel.json
ActivityLevelsLevel.1060303.1,Courier's Creed Ⅲ,ActivityLevelsLevel.json
ActivityLevelsLevel.1060304.1,Screech of the Gale,ActivityLevelsLevel.json
ActivityLevelsLevel.1070101.1,A Dangerous Game Ⅰ,ActivityLevelsLevel.json
ActivityLevelsLevel.1070102.1,A Dangerous Game Ⅱ,ActivityLevelsLevel.json
ActivityLevelsLevel.1070103.1,A Dangerous Game Ⅲ,ActivityLevelsLevel.json
ActivityLevelsLevel.1070104.1,A Dangerous Game Ⅳ,ActivityLevelsLevel.json
ActivityLevelsLevel.1070105.1,A Dangerous Game Ⅴ,ActivityLevelsLevel.json
ActivityLevelsLevel.1070106.1,A Dangerous Game Ⅵ,ActivityLevelsLevel.json
ActivityLevelsLevel.1070107.1,A Dangerous Game Ⅶ,ActivityLevelsLevel.json
ActivityLevelsLevel.1070108.1,A Dangerous Game Ⅷ,ActivityLevelsLevel.json
ActivityLevelsLevel.1070109.1,A Dangerous Game Ⅸ,ActivityLevelsLevel.json
ActivityLevelsLevel.1070110.1,A Dangerous Game Ⅹ,ActivityLevelsLevel.json
ActivityLevelsLevel.1070111.1,A Dangerous Game Ⅺ,ActivityLevelsLevel.json
ActivityLevelsLevel.1070112.1,Here Comes the Boss Ⅰ,ActivityLevelsLevel.json
ActivityLevelsLevel.1070201.1,Warm-Up Has Just Begun Ⅰ,ActivityLevelsLevel.json
ActivityLevelsLevel.1070202.1,Warm-Up Has Just Begun Ⅱ,ActivityLevelsLevel.json
ActivityLevelsLevel.1070203.1,Warm-Up Has Just Begun Ⅲ,ActivityLevelsLevel.json
ActivityLevelsLevel.1070204.1,Warm-Up Has Just Begun Ⅳ,ActivityLevelsLevel.json
ActivityLevelsLevel.1070205.1,Warm-Up Has Just Begun Ⅴ,ActivityLevelsLevel.json
ActivityLevelsLevel.1070206.1,Warm-Up Has Just Begun Ⅵ,ActivityLevelsLevel.json
ActivityLevelsLevel.1070207.1,Warm-Up Has Just Begun Ⅶ,ActivityLevelsLevel.json
ActivityLevelsLevel.1070208.1,Here Comes the Boss Ⅱ,ActivityLevelsLevel.json
ActivityLevelsLevel.1070301.1,Time to Get Serious Ⅰ,ActivityLevelsLevel.json
ActivityLevelsLevel.1070302.1,Time to Get Serious Ⅱ,ActivityLevelsLevel.json
ActivityLevelsLevel.1070303.1,Time to Get Serious Ⅲ,ActivityLevelsLevel.json
ActivityLevelsLevel.1070304.1,Here Comes the Boss Ⅲ,ActivityLevelsLevel.json
ActivityLevelsLevel.1080101.1,Tech Showdown Ⅰ,ActivityLevelsLevel.json
ActivityLevelsLevel.1080102.1,Tech Showdown Ⅱ,ActivityLevelsLevel.json
ActivityLevelsLevel.1080103.1,Tech Showdown Ⅲ,ActivityLevelsLevel.json
ActivityLevelsLevel.1080104.1,Tech Showdown Ⅳ,ActivityLevelsLevel.json
ActivityLevelsLevel.1080105.1,Tech Showdown Ⅴ,ActivityLevelsLevel.json
ActivityLevelsLevel.1080106.1,Tech Showdown Ⅵ,ActivityLevelsLevel.json
ActivityLevelsLevel.1080107.1,Tech Showdown Ⅶ,ActivityLevelsLevel.json
ActivityLevelsLevel.1080108.1,Tech Showdown Ⅷ,ActivityLevelsLevel.json
ActivityLevelsLevel.1080109.1,Tech Showdown Ⅸ,ActivityLevelsLevel.json
ActivityLevelsLevel.1080110.1,Tech Showdown Ⅹ,ActivityLevelsLevel.json
ActivityLevelsLevel.1080111.1,Tech Showdown Ⅺ,ActivityLevelsLevel.json
ActivityLevelsLevel.1080112.1,"Uh-oh, the Hound's Here Ⅰ",ActivityLevelsLevel.json
ActivityLevelsLevel.1080201.1,The Imperial Guards Close In Ⅰ,ActivityLevelsLevel.json
ActivityLevelsLevel.1080202.1,The Imperial Guards Close In Ⅱ,ActivityLevelsLevel.json
ActivityLevelsLevel.1080203.1,The Imperial Guards Close In Ⅲ,ActivityLevelsLevel.json
ActivityLevelsLevel.1080204.1,The Imperial Guards Close In Ⅳ,ActivityLevelsLevel.json
ActivityLevelsLevel.1080205.1,The Imperial Guards Close In Ⅴ,ActivityLevelsLevel.json
ActivityLevelsLevel.1080206.1,The Imperial Guards Close In Ⅵ,ActivityLevelsLevel.json
ActivityLevelsLevel.1080207.1,The Imperial Guards Close In Ⅶ,ActivityLevelsLevel.json
ActivityLevelsLevel.1080208.1,"Uh-oh, the Hound's Here Ⅱ",ActivityLevelsLevel.json
ActivityLevelsLevel.1080301.1,Escape Ride Rolls Out Ⅰ,ActivityLevelsLevel.json
ActivityLevelsLevel.1080302.1,Escape Ride Rolls Out Ⅱ,ActivityLevelsLevel.json
ActivityLevelsLevel.1080303.1,Escape Ride Rolls Out Ⅲ,ActivityLevelsLevel.json
ActivityLevelsLevel.1080304.1,Wrench vs. Sword,ActivityLevelsLevel.json
ActivityLevelsLevel.1090101.1,Dark Trial Ⅰ,ActivityLevelsLevel.json
ActivityLevelsLevel.1090102.1,Dark Trial Ⅱ,ActivityLevelsLevel.json
ActivityLevelsLevel.1090103.1,Dark Trial Ⅲ,ActivityLevelsLevel.json
ActivityLevelsLevel.1090104.1,Dark Trial Ⅳ,ActivityLevelsLevel.json
ActivityLevelsLevel.1090105.1,Dark Trial Ⅴ,ActivityLevelsLevel.json
ActivityLevelsLevel.1090106.1,Dark Trial Ⅵ,ActivityLevelsLevel.json
ActivityLevelsLevel.1090107.1,Dark Trial Ⅶ,ActivityLevelsLevel.json
ActivityLevelsLevel.1090108.1,Dark Trial Ⅷ,ActivityLevelsLevel.json
ActivityLevelsLevel.1090109.1,Dark Trial Ⅸ,ActivityLevelsLevel.json
ActivityLevelsLevel.1090110.1,Dark Trial Ⅹ,ActivityLevelsLevel.json
ActivityLevelsLevel.1090111.1,Dark Trial Ⅺ,ActivityLevelsLevel.json
ActivityLevelsLevel.1090112.1,The Final Trial,ActivityLevelsLevel.json
ActivityLevelsLevel.1090201.1,Dark Challenge Ⅰ,ActivityLevelsLevel.json
ActivityLevelsLevel.1090202.1,Dark Challenge Ⅱ,ActivityLevelsLevel.json
ActivityLevelsLevel.1090203.1,Dark Challenge Ⅲ,ActivityLevelsLevel.json
ActivityLevelsLevel.1090204.1,Dark Challenge Ⅳ,ActivityLevelsLevel.json
ActivityLevelsLevel.1090205.1,Dark Challenge Ⅴ,ActivityLevelsLevel.json
ActivityLevelsLevel.1090206.1,Dark Challenge Ⅵ,ActivityLevelsLevel.json
ActivityLevelsLevel.1090207.1,Dark Challenge Ⅶ,ActivityLevelsLevel.json
ActivityLevelsLevel.1090208.1,The Final Challenge,ActivityLevelsLevel.json
ActivityLevelsLevel.1090301.1,Dark Purgatory Ⅰ,ActivityLevelsLevel.json
ActivityLevelsLevel.1090302.1,Dark Purgatory Ⅱ,ActivityLevelsLevel.json
ActivityLevelsLevel.1090303.1,Dark Purgatory Ⅲ,ActivityLevelsLevel.json
ActivityLevelsLevel.1090304.1,The Final Test,ActivityLevelsLevel.json
ActivityLevelsLevel.1100101.1,Another Rough Day Ⅰ,ActivityLevelsLevel.json
ActivityLevelsLevel.1100102.1,Another Rough Day Ⅱ,ActivityLevelsLevel.json
ActivityLevelsLevel.1100103.1,Another Rough Day Ⅲ,ActivityLevelsLevel.json
ActivityLevelsLevel.1100104.1,Another Rough Day Ⅳ,ActivityLevelsLevel.json
ActivityLevelsLevel.1100105.1,Another Rough Day Ⅴ,ActivityLevelsLevel.json
ActivityLevelsLevel.1100106.1,Another Rough Day Ⅵ,ActivityLevelsLevel.json
ActivityLevelsLevel.1100107.1,Another Rough Day Ⅶ,ActivityLevelsLevel.json
ActivityLevelsLevel.1100108.1,Another Rough Day Ⅷ,ActivityLevelsLevel.json
ActivityLevelsLevel.1100109.1,Another Rough Day Ⅸ,ActivityLevelsLevel.json
ActivityLevelsLevel.1100110.1,Another Rough Day Ⅹ,ActivityLevelsLevel.json
ActivityLevelsLevel.1100111.1,Another Rough Day Ⅺ,ActivityLevelsLevel.json
ActivityLevelsLevel.1100112.1,Fair Competition Ⅰ,ActivityLevelsLevel.json
ActivityLevelsLevel.1100201.1,Trouble After Trouble Ⅰ,ActivityLevelsLevel.json
ActivityLevelsLevel.1100202.1,Trouble After Trouble Ⅱ,ActivityLevelsLevel.json
ActivityLevelsLevel.1100203.1,Trouble After Trouble Ⅲ,ActivityLevelsLevel.json
ActivityLevelsLevel.1100204.1,Trouble After Trouble Ⅳ,ActivityLevelsLevel.json
ActivityLevelsLevel.1100205.1,Trouble After Trouble Ⅴ,ActivityLevelsLevel.json
ActivityLevelsLevel.1100206.1,Trouble After Trouble Ⅵ,ActivityLevelsLevel.json
ActivityLevelsLevel.1100207.1,Trouble After Trouble Ⅶ,ActivityLevelsLevel.json
ActivityLevelsLevel.1100208.1,Fair Competition Ⅱ,ActivityLevelsLevel.json
ActivityLevelsLevel.1100301.1,Someone Has to End This Ⅰ,ActivityLevelsLevel.json
ActivityLevelsLevel.1100302.1,Someone Has to End This Ⅱ,ActivityLevelsLevel.json
ActivityLevelsLevel.1100303.1,Someone Has to End This Ⅲ,ActivityLevelsLevel.json
ActivityLevelsLevel.1100304.1,Time to Reckon,ActivityLevelsLevel.json
ActivityLevelsLevel.1110101.1,Showcase of Growth Ⅰ,ActivityLevelsLevel.json
ActivityLevelsLevel.1110102.1,Showcase of Growth Ⅱ,ActivityLevelsLevel.json
ActivityLevelsLevel.1110103.1,Showcase of Growth Ⅲ,ActivityLevelsLevel.json
ActivityLevelsLevel.1110104.1,Showcase of Growth Ⅳ,ActivityLevelsLevel.json
ActivityLevelsLevel.1110105.1,Showcase of Growth Ⅴ,ActivityLevelsLevel.json
ActivityLevelsLevel.1110106.1,Showcase of Growth Ⅵ,ActivityLevelsLevel.json
ActivityLevelsLevel.1110107.1,Showcase of Growth Ⅶ,ActivityLevelsLevel.json
ActivityLevelsLevel.1110108.1,Two Against One? Ⅰ,ActivityLevelsLevel.json
ActivityLevelsLevel.1110109.1,Showcase of Growth Ⅷ,ActivityLevelsLevel.json
ActivityLevelsLevel.1110110.1,Showcase of Growth Ⅸ,ActivityLevelsLevel.json
ActivityLevelsLevel.1110111.1,Showcase of Growth Ⅹ,ActivityLevelsLevel.json
ActivityLevelsLevel.1110112.1,The Boss Is Up! Ⅰ,ActivityLevelsLevel.json
ActivityLevelsLevel.1110201.1,Show Some Grit Ⅰ,ActivityLevelsLevel.json
ActivityLevelsLevel.1110202.1,Show Some Grit Ⅱ,ActivityLevelsLevel.json
ActivityLevelsLevel.1110203.1,Show Some Grit Ⅲ,ActivityLevelsLevel.json
ActivityLevelsLevel.1110204.1,Two Against One? Ⅱ,ActivityLevelsLevel.json
ActivityLevelsLevel.1110205.1,Show Some Grit Ⅳ,ActivityLevelsLevel.json
ActivityLevelsLevel.1110206.1,Show Some Grit Ⅴ,ActivityLevelsLevel.json
ActivityLevelsLevel.1110207.1,Show Some Grit Ⅵ,ActivityLevelsLevel.json
ActivityLevelsLevel.1110208.1,The Boss Is Up! Ⅱ,ActivityLevelsLevel.json
ActivityLevelsLevel.1110301.1,Won't Give Up Easily Ⅰ,ActivityLevelsLevel.json
ActivityLevelsLevel.1110302.1,Won't Give Up Easily Ⅱ,ActivityLevelsLevel.json
ActivityLevelsLevel.1110303.1,Won't Give Up Easily Ⅲ,ActivityLevelsLevel.json
ActivityLevelsLevel.1110304.1,Three at Once?!,ActivityLevelsLevel.json
ActivityLevelsLevel.2010101.1,Snowish Eve Escapade I,ActivityLevelsLevel.json
ActivityLevelsLevel.2010102.1,Snowish Eve Escapade Ⅱ,ActivityLevelsLevel.json
ActivityLevelsLevel.2010103.1,Snowish Eve Escapade Ⅲ,ActivityLevelsLevel.json
ActivityLevelsLevel.2010104.1,Runaway Gift Cart I,ActivityLevelsLevel.json
ActivityLevelsLevel.2010105.1,Snowish Eve Escapade Ⅳ,ActivityLevelsLevel.json
ActivityLevelsLevel.2010106.1,Snowish Eve Escapade V,ActivityLevelsLevel.json
ActivityLevelsLevel.2010107.1,Snowish Eve Escapade Ⅵ,ActivityLevelsLevel.json
ActivityLevelsLevel.2010108.1,Carols & Odd Stove I,ActivityLevelsLevel.json
ActivityLevelsLevel.2010201.1,Carnival Prelude I,ActivityLevelsLevel.json
ActivityLevelsLevel.2010202.1,Runaway Gift Cart Ⅱ,ActivityLevelsLevel.json
ActivityLevelsLevel.2010203.1,Carnival Prelude Ⅱ,ActivityLevelsLevel.json
ActivityLevelsLevel.2010204.1,Carols & Odd Stove Ⅱ,ActivityLevelsLevel.json
ActivityLevelsLevel.2010301.1,Non-Stop Party I,ActivityLevelsLevel.json
ActivityLevelsLevel.2010302.1,Non-Stop Party Ⅱ,ActivityLevelsLevel.json
ActivityLevelsLevel.2010303.1,Runaway Gift Cart Ⅲ,ActivityLevelsLevel.json
ActivityLevelsLevel.2010304.1,Carols & Odd Stove Ⅲ,ActivityLevelsLevel.json
ActivityLevelsLevel.2020101.1,Deadly Invitation Ⅰ,ActivityLevelsLevel.json
ActivityLevelsLevel.2020102.1,Guests Gather Ⅰ,ActivityLevelsLevel.json
ActivityLevelsLevel.2020103.1,Guests Gather Ⅱ,ActivityLevelsLevel.json
ActivityLevelsLevel.2020104.1,Guests Gather Ⅲ,ActivityLevelsLevel.json
ActivityLevelsLevel.2020105.1,Shifted Seats Ⅰ,ActivityLevelsLevel.json
ActivityLevelsLevel.2020106.1,Sharpness Hidden Ⅰ,ActivityLevelsLevel.json
ActivityLevelsLevel.2020107.1,Sharpness Hidden Ⅱ,ActivityLevelsLevel.json
ActivityLevelsLevel.2020108.1,The Mastermind Ⅰ,ActivityLevelsLevel.json
ActivityLevelsLevel.2020109.1,Sharpness Hidden Ⅲ,ActivityLevelsLevel.json
ActivityLevelsLevel.2020110.1,Sharpness Hidden Ⅳ,ActivityLevelsLevel.json
ActivityLevelsLevel.2020111.1,Clamorous Revelry Ⅰ,ActivityLevelsLevel.json
ActivityLevelsLevel.2020112.1,Clamorous Revelry Ⅱ,ActivityLevelsLevel.json
ActivityLevelsLevel.2020201.1,Deadly Invitation Ⅱ,ActivityLevelsLevel.json
ActivityLevelsLevel.2020202.1,Guests Gather Ⅳ,ActivityLevelsLevel.json
ActivityLevelsLevel.2020203.1,Clamorous Revelry Ⅲ,ActivityLevelsLevel.json
ActivityLevelsLevel.2020204.1,Clamorous Revelry Ⅳ,ActivityLevelsLevel.json
ActivityLevelsLevel.2020205.1,Shifted Seats Ⅱ,ActivityLevelsLevel.json
ActivityLevelsLevel.2020206.1,Suspicious Move Ⅰ,ActivityLevelsLevel.json
ActivityLevelsLevel.2020207.1,Suspicious Move Ⅱ,ActivityLevelsLevel.json
ActivityLevelsLevel.2020208.1,The Mastermind Ⅱ,ActivityLevelsLevel.json
ActivityLevelsLevel.2020301.1,Sharpness Hidden Ⅴ,ActivityLevelsLevel.json
ActivityLevelsLevel.2020302.1,Shifted Seats Ⅲ,ActivityLevelsLevel.json
ActivityLevelsLevel.2020303.1,Suspicious Move Ⅲ,ActivityLevelsLevel.json
ActivityLevelsLevel.2020304.1,The Mastermind Ⅲ,ActivityLevelsLevel.json
ActivityLevelsLevel.2030101.1,Danger Zone! Ⅰ,ActivityLevelsLevel.json
ActivityLevelsLevel.2030102.1,Danger Zone! Ⅱ,ActivityLevelsLevel.json
ActivityLevelsLevel.2030103.1,Danger Zone! Ⅲ,ActivityLevelsLevel.json
ActivityLevelsLevel.2030104.1,Danger Zone! Ⅳ,ActivityLevelsLevel.json
ActivityLevelsLevel.2030105.1,Danger Zone! Ⅴ,ActivityLevelsLevel.json
ActivityLevelsLevel.2030106.1,Danger Zone! Ⅵ,ActivityLevelsLevel.json
ActivityLevelsLevel.2030107.1,Danger Zone! Ⅶ,ActivityLevelsLevel.json
ActivityLevelsLevel.2030108.1,Danger Zone! ⅤⅢ,ActivityLevelsLevel.json
ActivityLevelsLevel.2030109.1,Danger Zone! Ⅸ,ActivityLevelsLevel.json
ActivityLevelsLevel.2030110.1,Danger Zone! Ⅹ,ActivityLevelsLevel.json
ActivityLevelsLevel.2030111.1,Danger Zone! Ⅺ,ActivityLevelsLevel.json
ActivityLevelsLevel.2030112.1,"Leave, Hermit Crab Ⅰ",ActivityLevelsLevel.json
ActivityLevelsLevel.2030201.1,No Risky Stunts Ⅰ,ActivityLevelsLevel.json
ActivityLevelsLevel.2030202.1,No Risky Stunts Ⅱ,ActivityLevelsLevel.json
ActivityLevelsLevel.2030203.1,No Risky Stunts Ⅲ,ActivityLevelsLevel.json
ActivityLevelsLevel.2030204.1,No Risky Stunts Ⅳ,ActivityLevelsLevel.json
ActivityLevelsLevel.2030205.1,No Risky Stunts Ⅴ,ActivityLevelsLevel.json
ActivityLevelsLevel.2030206.1,No Risky Stunts Ⅵ,ActivityLevelsLevel.json
ActivityLevelsLevel.2030207.1,No Risky Stunts Ⅶ,ActivityLevelsLevel.json
ActivityLevelsLevel.2030208.1,"Leave, Hermit Crab Ⅱ",ActivityLevelsLevel.json
ActivityLevelsLevel.2030301.1,Lifeguard Watches Ⅰ,ActivityLevelsLevel.json
ActivityLevelsLevel.2030302.1,Lifeguard Watches Ⅱ,ActivityLevelsLevel.json
ActivityLevelsLevel.2030303.1,Lifeguard Watches Ⅲ,ActivityLevelsLevel.json
ActivityLevelsLevel.2030304.1,Chill Out,ActivityLevelsLevel.json
ActivityPenguinCardLevel.1011.1,Moment of Entry,ActivityPenguinCardLevel.json
ActivityPenguinCardLevel.1012.1,Ignis Mirror,ActivityPenguinCardLevel.json
ActivityPenguinCardLevel.1013.1,Aqua Mirror,ActivityPenguinCardLevel.json
ActivityPenguinCardLevel.1014.1,Ventus Mirror,ActivityPenguinCardLevel.json
ActivityPenguinCardLevel.1015.1,Ultimate Mirror,ActivityPenguinCardLevel.json
ActivityPenguinCardLevel.1022.1,Contract Mirror,ActivityPenguinCardLevel.json
ActivityPenguinCardLevel.1055.1,Transcendence Mirror,ActivityPenguinCardLevel.json
BreakOutLevel.301010111.1,Stardust Fantasy,BreakOutLevel.json
BreakOutLevel.301010112.1,Meteor Journey,BreakOutLevel.json
BreakOutLevel.301010121.1,Satellite Orbit,BreakOutLevel.json
BreakOutLevel.301010122.1,Planetary Exploration,BreakOutLevel.json
BreakOutLevel.301010131.1,Sun-Chasing Comet,BreakOutLevel.json
BreakOutLevel.301010132.1,Event Horizon,BreakOutLevel.json
BreakOutLevel.301010141.1,Stellar Storm,BreakOutLevel.json
BreakOutLevel.301010142.1,Abyssal Supernova,BreakOutLevel.json
BreakOutLevel.301020111.1,Nebula Dream,BreakOutLevel.json
BreakOutLevel.301020112.1,Stroll Under the Stars,BreakOutLevel.json
BreakOutLevel.301020121.1,Orbital Symphony,BreakOutLevel.json
BreakOutLevel.301020122.1,Halo Catcher,BreakOutLevel.json
BreakOutLevel.301020131.1,Lightyear Echoes,BreakOutLevel.json
BreakOutLevel.301020132.1,Gravitational Ripple,BreakOutLevel.json
BreakOutLevel.301020141.1,Tide of Dark Matter,BreakOutLevel.json
BreakOutLevel.301020142.1,Galactic Poem,BreakOutLevel.json
BreakOutLevel.301030111.1,Stars in Motion,BreakOutLevel.json
BreakOutLevel.301030112.1,Stellar Wander,BreakOutLevel.json
BreakOutLevel.301030121.1,Crystal Siege,BreakOutLevel.json
BreakOutLevel.301030122.1,Fiery Meteor,BreakOutLevel.json
BreakOutLevel.301030131.1,Twin Star Attraction,BreakOutLevel.json
BreakOutLevel.301030132.1,Curve Catcher,BreakOutLevel.json
BreakOutLevel.301030141.1,Realm of Chaos,BreakOutLevel.json
BreakOutLevel.301030142.1,Galactic Saga,BreakOutLevel.json
Chapter.1.1,Chapter One,Chapter.json
Chapter.2.1,Chapter Two,Chapter.json
Chapter.3.1,Trekker Exclusive Story,Chapter.json
CookieLevel.1001.1,Exact Copy Ⅰ,CookieLevel.json
CookieLevel.1002.1,Exact Copy Ⅱ,CookieLevel.json
CookieLevel.1003.1,Exact Copy Ⅲ,CookieLevel.json
CookieLevel.1004.1,Sweet Delight Ⅰ,CookieLevel.json
CookieLevel.1005.1,Sweet Delight Ⅱ,CookieLevel.json
CookieLevel.1006.1,Fun Rhythm Ⅰ,CookieLevel.json
CookieLevel.1007.1,Fun Rhythm Ⅱ,CookieLevel.json
CookieLevel.1008.1,Cuirkie Workshop,CookieLevel.json
CookieLevel.1011.1,Basic Recipe Ⅰ,CookieLevel.json
CookieLevel.1012.1,Basic Recipe Ⅱ,CookieLevel.json
CookieLevel.1013.1,Basic Recipe Ⅲ,CookieLevel.json
CookieLevel.1014.1,Exotic Fusion Ⅰ,CookieLevel.json
CookieLevel.1015.1,Exotic Fusion Ⅱ,CookieLevel.json
CookieLevel.1016.1,Fun Creation Ⅰ,CookieLevel.json
CookieLevel.1017.1,Fun Creation Ⅱ,CookieLevel.json
CookieLevel.1018.1,Secret Recipe,CookieLevel.json
CookieLevel.1021.1,Sweet Reunion I,CookieLevel.json
CookieLevel.1022.1,Sweet Reunion Ⅱ,CookieLevel.json
CookieLevel.1023.1,Sweet Reunion Ⅲ,CookieLevel.json
CookieLevel.1024.1,Flowing Fortune I,CookieLevel.json
CookieLevel.1025.1,Flowing Fortune Ⅱ,CookieLevel.json
CookieLevel.1026.1,Peak After Peak I,CookieLevel.json
CookieLevel.1027.1,Peak After Peak Ⅱ,CookieLevel.json
CookieLevel.1028.1,Power Unleashed,CookieLevel.json
CookieLevel.1031.1,Basic Cartoning Ⅰ,CookieLevel.json
CookieLevel.1032.1,Basic Cartoning Ⅱ,CookieLevel.json
CookieLevel.1033.1,Basic Cartoning Ⅲ,CookieLevel.json
CookieLevel.1034.1,Intricate Cartoning Ⅰ,CookieLevel.json
CookieLevel.1035.1,Intricate Cartoning Ⅱ,CookieLevel.json
CookieLevel.1036.1,Flash of Genius Ⅰ,CookieLevel.json
CookieLevel.1037.1,Flash of Genius Ⅱ,CookieLevel.json
CookieLevel.1038.1,Loose Creative,CookieLevel.json
CookieLevel.1041.1,Gentle Brew Ⅰ,CookieLevel.json
CookieLevel.1042.1,Gentle Brew Ⅱ,CookieLevel.json
CookieLevel.1043.1,Gentle Brew Ⅲ,CookieLevel.json
CookieLevel.1044.1,High Pouring Ⅰ,CookieLevel.json
CookieLevel.1045.1,High Pouring Ⅱ,CookieLevel.json
CookieLevel.1046.1,Boiling Beats Ⅰ,CookieLevel.json
CookieLevel.1047.1,Boiling Beats Ⅱ,CookieLevel.json
CookieLevel.1048.1,Tea's Elegance,CookieLevel.json
DailyInstance.1000.1,Penguin-monium,DailyInstance.json
DailyInstanceType.Common.1,Bounty Rush,DailyInstanceType.json
GoldenSpyLevel.110101.1,Silent Tread,GoldenSpyLevel.json
GoldenSpyLevel.110102.1,Koi Alert,GoldenSpyLevel.json
GoldenSpyLevel.110201.1,Stealth in Lantern Shadows,GoldenSpyLevel.json
GoldenSpyLevel.110202.1,Behind the Screen,GoldenSpyLevel.json
GoldenSpyLevel.110301.1,Secret Letter,GoldenSpyLevel.json
GoldenSpyLevel.110302.1,Hidden Gem,GoldenSpyLevel.json
GoldenSpyLevel.110401.1,Light and Disguise,GoldenSpyLevel.json
GoldenSpyLevel.120101.1,Market Recon,GoldenSpyLevel.json
GoldenSpyLevel.120102.1,Early Infiltration,GoldenSpyLevel.json
GoldenSpyLevel.120201.1,Intel assessment,GoldenSpyLevel.json
GoldenSpyLevel.120202.1,Briefing Conclusion,GoldenSpyLevel.json
GoldenSpyLevel.120301.1,Target Confirmation,GoldenSpyLevel.json
GoldenSpyLevel.120302.1,Simulated Drill,GoldenSpyLevel.json
GoldenSpyLevel.120401.1,Dust to Dust,GoldenSpyLevel.json
GoldenSpyLevelGroup.101.1,Gloomy Garden,GoldenSpyLevelGroup.json
GoldenSpyLevelGroup.102.1,Shadowed Foyer,GoldenSpyLevelGroup.json
GoldenSpyLevelGroup.103.1,Silent Guest Room,GoldenSpyLevelGroup.json
GoldenSpyLevelGroup.104.1,Banquet Night,GoldenSpyLevelGroup.json
GoldenSpyLevelGroup.201.1,Intel Gathering,GoldenSpyLevelGroup.json
GoldenSpyLevelGroup.202.1,Plan Making,GoldenSpyLevelGroup.json
GoldenSpyLevelGroup.203.1,Combat Drill,GoldenSpyLevelGroup.json
GoldenSpyLevelGroup.204.1,Mine Raid,GoldenSpyLevelGroup.json
InfinityTower.1.1,Infinite Arena,InfinityTower.json
InfinityTower.2.1,Thrilling Beat,InfinityTower.json
InfinityTower.3.1,Shake The Floor,InfinityTower.json
InfinityTower.4.1,Sinister Ritual,InfinityTower.json
InfinityTower.5.1,Flames and Beats,InfinityTower.json
InfinityTower.6.1,Elegance and Flow,InfinityTower.json
InfinityTower.7.1,Upbeat Party,InfinityTower.json
InfinityTowerAffix.10011.1,Gift of Light I,InfinityTowerAffix.json
InfinityTowerAffix.10012.1,Gift of Light Ⅱ,InfinityTowerAffix.json
InfinityTowerAffix.10013.1,Gift of Light Ⅲ,InfinityTowerAffix.json
InfinityTowerAffix.10021.1,Flux Transfer I,InfinityTowerAffix.json
InfinityTowerAffix.10022.1,Flux Transfer Ⅱ,InfinityTowerAffix.json
InfinityTowerAffix.10023.1,Flux Transfer Ⅲ,InfinityTowerAffix.json
InfinityTowerAffix.10031.1,Splendor Empowerment I,InfinityTowerAffix.json
InfinityTowerAffix.10032.1,Splendor Empowerment Ⅲ,InfinityTowerAffix.json
InfinityTowerAffix.10033.1,Splendor Empowerment Ⅳ,InfinityTowerAffix.json
InfinityTowerAffix.10041.1,Prolonged Ardor I,InfinityTowerAffix.json
InfinityTowerAffix.10042.1,Prolonged Ardor Ⅱ,InfinityTowerAffix.json
InfinityTowerAffix.10043.1,Prolonged Ardor Ⅲ,InfinityTowerAffix.json
InfinityTowerAffix.10051.1,Mana Loss I,InfinityTowerAffix.json
InfinityTowerAffix.10052.1,Mana Loss Ⅱ,InfinityTowerAffix.json
InfinityTowerAffix.10053.1,Mana Loss Ⅲ,InfinityTowerAffix.json
InfinityTowerAffix.10061.1,Veteran Ploys I,InfinityTowerAffix.json
InfinityTowerAffix.10062.1,Veteran Ploys Ⅱ,InfinityTowerAffix.json
InfinityTowerAffix.10063.1,Veteran Ploys Ⅲ,InfinityTowerAffix.json
InfinityTowerAffix.10071.1,War Dance of Greed I,InfinityTowerAffix.json
InfinityTowerAffix.10072.1,War Dance of Greed Ⅱ,InfinityTowerAffix.json
InfinityTowerAffix.10073.1,War Dance of Greed Ⅲ,InfinityTowerAffix.json
InfinityTowerAffix.10081.1,Stamina Loss I,InfinityTowerAffix.json
InfinityTowerAffix.10082.1,Stamina Loss Ⅱ,InfinityTowerAffix.json
InfinityTowerAffix.10083.1,Stamina Loss Ⅲ,InfinityTowerAffix.json
InfinityTowerAffix.10091.1,War Dance of Revitalization I,InfinityTowerAffix.json
InfinityTowerAffix.10092.1,War Dance of Revitalization Ⅱ,InfinityTowerAffix.json
InfinityTowerAffix.10093.1,War Dance of Revitalization Ⅲ,InfinityTowerAffix.json
InfinityTowerAffix.10101.1,Shielded Smash I,InfinityTowerAffix.json
InfinityTowerAffix.10102.1,Shielded Smash Ⅱ,InfinityTowerAffix.json
InfinityTowerAffix.10103.1,Shielded Smash Ⅲ,InfinityTowerAffix.json
InfinityTowerAffix.10111.1,Formless Strength I,InfinityTowerAffix.json
InfinityTowerAffix.10112.1,Formless Strength Ⅱ,InfinityTowerAffix.json
InfinityTowerAffix.10113.1,Formless Strength Ⅲ,InfinityTowerAffix.json
InfinityTowerAffix.10121.1,Battle Fervor I,InfinityTowerAffix.json
InfinityTowerAffix.10122.1,Battle Fervor Ⅱ,InfinityTowerAffix.json
InfinityTowerAffix.10123.1,Battle Fervor Ⅲ,InfinityTowerAffix.json
InfinityTowerAffix.10131.1,Calmed Venue I,InfinityTowerAffix.json
InfinityTowerAffix.10132.1,Calmed Venue Ⅱ,InfinityTowerAffix.json
InfinityTowerAffix.10133.1,Calmed Venue Ⅲ,InfinityTowerAffix.json
InfinityTowerAffix.10141.1,Protection of Grace I,InfinityTowerAffix.json
InfinityTowerAffix.10142.1,Protection of Grace Ⅲ,InfinityTowerAffix.json
InfinityTowerAffix.10143.1,Protection of Grace Ⅳ,InfinityTowerAffix.json
InfinityTowerAffix.10151.1,Relentless Pursuit I,InfinityTowerAffix.json
InfinityTowerAffix.10152.1,Relentless Pursuit Ⅱ,InfinityTowerAffix.json
InfinityTowerAffix.10153.1,Relentless Pursuit Ⅲ,InfinityTowerAffix.json
InfinityTowerAffix.10161.1,Abnormal Excitement I,InfinityTowerAffix.json
InfinityTowerAffix.10162.1,Abnormal Excitement Ⅱ,InfinityTowerAffix.json
InfinityTowerAffix.10163.1,Abnormal Excitement Ⅲ,InfinityTowerAffix.json
InfinityTowerAffix.10171.1,Cornered Beast I,InfinityTowerAffix.json
InfinityTowerAffix.10172.1,Cornered Beast Ⅱ,InfinityTowerAffix.json
InfinityTowerAffix.10173.1,Cornered Beast Ⅲ,InfinityTowerAffix.json
InfinityTowerAffix.10181.1,Vitality Overflow I,InfinityTowerAffix.json
InfinityTowerAffix.10182.1,Vitality Overflow Ⅱ,InfinityTowerAffix.json
InfinityTowerAffix.10183.1,Vitality Overflow Ⅲ,InfinityTowerAffix.json
InfinityTowerAffix.10191.1,Hardcore Arena,InfinityTowerAffix.json
InfinityTowerAffix.10201.1,Echo of Darkness I,InfinityTowerAffix.json
InfinityTowerAffix.10202.1,Echo of Darkness Ⅱ,InfinityTowerAffix.json
InfinityTowerAffix.10203.1,Echo of Darkness Ⅲ,InfinityTowerAffix.json
InfinityTowerAffix.10211.1,Darkness Surging I,InfinityTowerAffix.json
InfinityTowerAffix.10212.1,Darkness Surging Ⅱ,InfinityTowerAffix.json
InfinityTowerAffix.10213.1,Darkness Surging Ⅲ,InfinityTowerAffix.json
InfinityTowerAffix.10221.1,Small Force I,InfinityTowerAffix.json
InfinityTowerAffix.10222.1,Small Force Ⅱ,InfinityTowerAffix.json
InfinityTowerAffix.10223.1,Small Force Ⅲ,InfinityTowerAffix.json
InfinityTowerAffix.10231.1,Icing On Top I,InfinityTowerAffix.json
InfinityTowerAffix.10232.1,Icing On Top Ⅱ,InfinityTowerAffix.json
InfinityTowerAffix.10233.1,Icing On Top Ⅲ,InfinityTowerAffix.json
InfinityTowerAffix.10241.1,Mark Trance I,InfinityTowerAffix.json
InfinityTowerAffix.10242.1,Mark Trance Ⅱ,InfinityTowerAffix.json
InfinityTowerAffix.10243.1,Mark Trance Ⅲ,InfinityTowerAffix.json
InfinityTowerAffix.10251.1,Magic Magazine I,InfinityTowerAffix.json
InfinityTowerAffix.10252.1,Magic Magazine Ⅱ,InfinityTowerAffix.json
InfinityTowerAffix.10253.1,Magic Magazine Ⅲ,InfinityTowerAffix.json
InfinityTowerAffix.10261.1,Heightened Morale I,InfinityTowerAffix.json
InfinityTowerAffix.10262.1,Heightened Morale Ⅱ,InfinityTowerAffix.json
InfinityTowerAffix.10263.1,Heightened Morale Ⅲ,InfinityTowerAffix.json
InfinityTowerAffix.10291.1,Curse Counterattack I,InfinityTowerAffix.json
InfinityTowerAffix.10292.1,Curse Counterattack Ⅱ,InfinityTowerAffix.json
InfinityTowerAffix.10293.1,Curse Counterattack Ⅲ,InfinityTowerAffix.json
InfinityTowerAffix.10301.1,Watergliding Delight I,InfinityTowerAffix.json
InfinityTowerAffix.10302.1,Watergliding Delight Ⅱ,InfinityTowerAffix.json
InfinityTowerAffix.10303.1,Watergliding Delight Ⅲ,InfinityTowerAffix.json
InfinityTowerAffix.10311.1,Aquatic Swiftness I,InfinityTowerAffix.json
InfinityTowerAffix.10312.1,Aquatic Swiftness Ⅱ,InfinityTowerAffix.json
InfinityTowerAffix.10313.1,Aquatic Swiftness Ⅲ,InfinityTowerAffix.json
InfinityTowerAffix.10321.1,Quenching Flame I,InfinityTowerAffix.json
InfinityTowerAffix.10322.1,Quenching Flame Ⅱ,InfinityTowerAffix.json
InfinityTowerAffix.10323.1,Quenching Flame Ⅲ,InfinityTowerAffix.json
InfinityTowerAffix.10331.1,Strobe of Inferno I,InfinityTowerAffix.json
InfinityTowerAffix.10332.1,Strobe of Inferno Ⅱ,InfinityTowerAffix.json
InfinityTowerAffix.10333.1,Strobe of Inferno Ⅲ,InfinityTowerAffix.json
InfinityTowerAffix.10341.1,Solid Earth I,InfinityTowerAffix.json
InfinityTowerAffix.10342.1,Solid Earth Ⅱ,InfinityTowerAffix.json
InfinityTowerAffix.10343.1,Solid Earth Ⅲ,InfinityTowerAffix.json
InfinityTowerAffix.10351.1,Mantle of Joy I,InfinityTowerAffix.json
InfinityTowerAffix.10352.1,Mantle of Joy Ⅱ,InfinityTowerAffix.json
InfinityTowerAffix.10353.1,Mantle of Joy Ⅲ,InfinityTowerAffix.json
InfinityTowerAffix.10361.1,Lively Wind I,InfinityTowerAffix.json
InfinityTowerAffix.10362.1,Lively Wind Ⅱ,InfinityTowerAffix.json
InfinityTowerAffix.10363.1,Lively Wind Ⅲ,InfinityTowerAffix.json
InfinityTowerAffix.10371.1,Rising Wind I,InfinityTowerAffix.json
InfinityTowerAffix.10372.1,Rising Wind Ⅱ,InfinityTowerAffix.json
InfinityTowerAffix.10373.1,Rising Wind Ⅲ,InfinityTowerAffix.json
InfinityTowerAffix.9001.1,Spiritual Exoskeleton I,InfinityTowerAffix.json
InfinityTowerAffix.9002.1,Spiritual Exoskeleton Ⅱ,InfinityTowerAffix.json
InfinityTowerAffix.9003.1,Spiritual Exoskeleton Ⅲ,InfinityTowerAffix.json
InfinityTowerAffix.9988.1,Ready for Battle I,InfinityTowerAffix.json
InfinityTowerAffix.9990.1,Ready for Battle Ⅲ,InfinityTowerAffix.json
InfinityTowerAffix.9991.1,Ready for Battle Ⅱ,InfinityTowerAffix.json
InfinityTowerAffix.9992.1,Ready for Battle Ⅳ,InfinityTowerAffix.json
InfinityTowerAffix.9994.1,Looming Danger I,InfinityTowerAffix.json
InfinityTowerAffix.9995.1,Looming Danger Ⅱ,InfinityTowerAffix.json
InfinityTowerAffix.9996.1,Looming Danger Ⅲ,InfinityTowerAffix.json
InfinityTowerAffix.9997.1,Living Carapace,InfinityTowerAffix.json
InfinityTowerAffix.9998.1,Indoor Typhoon,InfinityTowerAffix.json
InfinityTowerAffix.9999.1,Ready for Battle Ⅴ,InfinityTowerAffix.json
InfinityTowerDifficulty.1100.1,[Infinite Arena] Difficulty 1,InfinityTowerDifficulty.json
InfinityTowerDifficulty.1101.1,[Infinite Arena] Difficulty 2,InfinityTowerDifficulty.json
InfinityTowerDifficulty.1102.1,[Infinite Arena] Difficulty 3,InfinityTowerDifficulty.json
InfinityTowerDifficulty.1103.1,[Infinite Arena] Difficulty 4,InfinityTowerDifficulty.json
InfinityTowerDifficulty.1104.1,[Infinite Arena] Difficulty 5,InfinityTowerDifficulty.json
InfinityTowerDifficulty.1105.1,[Infinite Arena] Difficulty 6,InfinityTowerDifficulty.json
InfinityTowerDifficulty.1106.1,[Infinite Arena] Difficulty 7,InfinityTowerDifficulty.json
InfinityTowerDifficulty.1107.1,[Infinite Arena] Difficulty 8,InfinityTowerDifficulty.json
InfinityTowerDifficulty.1108.1,[Infinite Arena] Difficulty 9,InfinityTowerDifficulty.json
InfinityTowerDifficulty.2100.1,[Flames and Beats] Difficulty 1,InfinityTowerDifficulty.json
InfinityTowerDifficulty.2101.1,[Flames and Beats] Difficulty 2,InfinityTowerDifficulty.json
InfinityTowerDifficulty.2102.1,[Flames and Beats] Difficulty 3,InfinityTowerDifficulty.json
InfinityTowerDifficulty.2103.1,[Flames and Beats] Difficulty 4,InfinityTowerDifficulty.json
InfinityTowerDifficulty.2104.1,[Flames and Beats] Difficulty 5,InfinityTowerDifficulty.json
InfinityTowerDifficulty.2105.1,[Flames and Beats] Difficulty 6,InfinityTowerDifficulty.json
InfinityTowerDifficulty.2106.1,[Flames and Beats] Difficulty 7,InfinityTowerDifficulty.json
InfinityTowerDifficulty.2107.1,[Flames and Beats] Difficulty 8,InfinityTowerDifficulty.json
InfinityTowerDifficulty.2108.1,[Flames and Beats] Difficulty 9,InfinityTowerDifficulty.json
InfinityTowerDifficulty.2109.1,[Flames and Beats] Difficulty 10,InfinityTowerDifficulty.json
InfinityTowerDifficulty.2110.1,[Flames and Beats] Difficulty 11,InfinityTowerDifficulty.json
InfinityTowerDifficulty.2111.1,[Flames and Beats] Difficulty 12,InfinityTowerDifficulty.json
InfinityTowerDifficulty.2112.1,[Flames and Beats] Difficulty 13,InfinityTowerDifficulty.json
InfinityTowerDifficulty.2113.1,[Flames and Beats] Difficulty 14,InfinityTowerDifficulty.json
InfinityTowerDifficulty.2114.1,[Flames and Beats] Difficulty 15,InfinityTowerDifficulty.json
InfinityTowerDifficulty.2115.1,[Flames and Beats] Difficulty 16,InfinityTowerDifficulty.json
InfinityTowerDifficulty.2116.1,[Flames and Beats] Difficulty 17,InfinityTowerDifficulty.json
InfinityTowerDifficulty.2117.1,[Flames and Beats] Difficulty 18,InfinityTowerDifficulty.json
InfinityTowerDifficulty.2118.1,[Flames and Beats] Difficulty 19,InfinityTowerDifficulty.json
InfinityTowerDifficulty.2119.1,[Flames and Beats] Difficulty 20,InfinityTowerDifficulty.json
InfinityTowerDifficulty.3100.1,[Thrilling Beat] Difficulty 1,InfinityTowerDifficulty.json
InfinityTowerDifficulty.3101.1,[Thrilling Beat] Difficulty 2,InfinityTowerDifficulty.json
InfinityTowerDifficulty.3102.1,[Thrilling Beat] Difficulty 3,InfinityTowerDifficulty.json
InfinityTowerDifficulty.3103.1,[Thrilling Beat] Difficulty 4,InfinityTowerDifficulty.json
InfinityTowerDifficulty.3104.1,[Thrilling Beat] Difficulty 5,InfinityTowerDifficulty.json
InfinityTowerDifficulty.3105.1,[Thrilling Beat] Difficulty 6,InfinityTowerDifficulty.json
InfinityTowerDifficulty.3106.1,[Thrilling Beat] Difficulty 7,InfinityTowerDifficulty.json
InfinityTowerDifficulty.3107.1,[Thrilling Beat] Difficulty 8,InfinityTowerDifficulty.json
InfinityTowerDifficulty.3108.1,[Thrilling Beat] Difficulty 9,InfinityTowerDifficulty.json
InfinityTowerDifficulty.3109.1,[Thrilling Beat] Difficulty 10,InfinityTowerDifficulty.json
InfinityTowerDifficulty.3110.1,[Thrilling Beat] Difficulty 11,InfinityTowerDifficulty.json
InfinityTowerDifficulty.3111.1,[Thrilling Beat] Difficulty 12,InfinityTowerDifficulty.json
InfinityTowerDifficulty.3112.1,[Thrilling Beat] Difficulty 13,InfinityTowerDifficulty.json
InfinityTowerDifficulty.3113.1,[Thrilling Beat] Difficulty 14,InfinityTowerDifficulty.json
InfinityTowerDifficulty.3114.1,[Thrilling Beat] Difficulty 15,InfinityTowerDifficulty.json
InfinityTowerDifficulty.3115.1,[Thrilling Beat] Difficulty 16,InfinityTowerDifficulty.json
InfinityTowerDifficulty.3116.1,[Thrilling Beat] Difficulty 17,InfinityTowerDifficulty.json
InfinityTowerDifficulty.3117.1,[Thrilling Beat] Difficulty 18,InfinityTowerDifficulty.json
InfinityTowerDifficulty.3118.1,[Thrilling Beat] Difficulty 19,InfinityTowerDifficulty.json
InfinityTowerDifficulty.3119.1,[Thrilling Beat] Difficulty 20,InfinityTowerDifficulty.json
InfinityTowerDifficulty.4100.1,[Elegance and Flow] Difficulty 1,InfinityTowerDifficulty.json
InfinityTowerDifficulty.4101.1,[Elegance and Flow] Difficulty 2,InfinityTowerDifficulty.json
InfinityTowerDifficulty.4102.1,[Elegance and Flow] Difficulty 3,InfinityTowerDifficulty.json
InfinityTowerDifficulty.4103.1,[Elegance and Flow] Difficulty 4,InfinityTowerDifficulty.json
InfinityTowerDifficulty.4104.1,[Elegance and Flow] Difficulty 5,InfinityTowerDifficulty.json
InfinityTowerDifficulty.4105.1,[Elegance and Flow] Difficulty 6,InfinityTowerDifficulty.json
InfinityTowerDifficulty.4106.1,[Elegance and Flow] Difficulty 7,InfinityTowerDifficulty.json
InfinityTowerDifficulty.4107.1,[Elegance and Flow] Difficulty 8,InfinityTowerDifficulty.json
InfinityTowerDifficulty.4108.1,[Elegance and Flow] Difficulty 9,InfinityTowerDifficulty.json
InfinityTowerDifficulty.4109.1,[Elegance and Flow] Difficulty 10,InfinityTowerDifficulty.json
InfinityTowerDifficulty.4110.1,[Elegance and Flow] Difficulty 11,InfinityTowerDifficulty.json
InfinityTowerDifficulty.4111.1,[Elegance and Flow] Difficulty 12,InfinityTowerDifficulty.json
InfinityTowerDifficulty.4112.1,[Elegance and Flow] Difficulty 13,InfinityTowerDifficulty.json
InfinityTowerDifficulty.4113.1,[Elegance and Flow] Difficulty 14,InfinityTowerDifficulty.json
InfinityTowerDifficulty.4114.1,[Elegance and Flow] Difficulty 15,InfinityTowerDifficulty.json
InfinityTowerDifficulty.4115.1,[Elegance and Flow] Difficulty 16,InfinityTowerDifficulty.json
InfinityTowerDifficulty.4116.1,[Elegance and Flow] Difficulty 17,InfinityTowerDifficulty.json
InfinityTowerDifficulty.4117.1,[Elegance and Flow] Difficulty 18,InfinityTowerDifficulty.json
InfinityTowerDifficulty.4118.1,[Elegance and Flow] Difficulty 19,InfinityTowerDifficulty.json
InfinityTowerDifficulty.4119.1,[Elegance and Flow] Difficulty 20,InfinityTowerDifficulty.json
InfinityTowerDifficulty.5100.1,[Shake The Floor] Difficulty 1,InfinityTowerDifficulty.json
InfinityTowerDifficulty.5101.1,[Shake The Floor] Difficulty 2,InfinityTowerDifficulty.json
InfinityTowerDifficulty.5102.1,[Shake The Floor] Difficulty 3,InfinityTowerDifficulty.json
InfinityTowerDifficulty.5103.1,[Shake The Floor] Difficulty 4,InfinityTowerDifficulty.json
InfinityTowerDifficulty.5104.1,[Shake The Floor] Difficulty 5,InfinityTowerDifficulty.json
InfinityTowerDifficulty.5105.1,[Shake The Floor] Difficulty 6,InfinityTowerDifficulty.json
InfinityTowerDifficulty.5106.1,[Shake The Floor] Difficulty 7,InfinityTowerDifficulty.json
InfinityTowerDifficulty.5107.1,[Shake The Floor] Difficulty 8,InfinityTowerDifficulty.json
InfinityTowerDifficulty.5108.1,[Shake The Floor] Difficulty 9,InfinityTowerDifficulty.json
InfinityTowerDifficulty.5109.1,[Shake The Floor] Difficulty 10,InfinityTowerDifficulty.json
InfinityTowerDifficulty.5110.1,[Shake The Floor] Difficulty 11,InfinityTowerDifficulty.json
InfinityTowerDifficulty.5111.1,[Shake The Floor] Difficulty 12,InfinityTowerDifficulty.json
InfinityTowerDifficulty.5112.1,[Shake The Floor] Difficulty 13,InfinityTowerDifficulty.json
InfinityTowerDifficulty.5113.1,[Shake The Floor] Difficulty 14,InfinityTowerDifficulty.json
InfinityTowerDifficulty.5114.1,[Shake The Floor] Difficulty 15,InfinityTowerDifficulty.json
InfinityTowerDifficulty.5115.1,[Shake The Floor] Difficulty 16,InfinityTowerDifficulty.json
InfinityTowerDifficulty.5116.1,[Shake The Floor] Difficulty 17,InfinityTowerDifficulty.json
InfinityTowerDifficulty.5117.1,[Shake The Floor] Difficulty 18,InfinityTowerDifficulty.json
InfinityTowerDifficulty.5118.1,[Shake The Floor] Difficulty 19,InfinityTowerDifficulty.json
InfinityTowerDifficulty.5119.1,[Shake The Floor] Difficulty 20,InfinityTowerDifficulty.json
InfinityTowerDifficulty.6100.1,[Sinister Ritual] Difficulty 1,InfinityTowerDifficulty.json
InfinityTowerDifficulty.6101.1,[Sinister Ritual] Difficulty 2,InfinityTowerDifficulty.json
InfinityTowerDifficulty.6102.1,[Sinister Ritual] Difficulty 3,InfinityTowerDifficulty.json
InfinityTowerDifficulty.6103.1,[Sinister Ritual] Difficulty 4,InfinityTowerDifficulty.json
InfinityTowerDifficulty.6104.1,[Sinister Ritual] Difficulty 5,InfinityTowerDifficulty.json
InfinityTowerDifficulty.6105.1,[Sinister Ritual] Difficulty 6,InfinityTowerDifficulty.json
InfinityTowerDifficulty.6106.1,[Sinister Ritual] Difficulty 7,InfinityTowerDifficulty.json
InfinityTowerDifficulty.6107.1,[Sinister Ritual] Difficulty 8,InfinityTowerDifficulty.json
InfinityTowerDifficulty.6108.1,[Sinister Ritual] Difficulty 9,InfinityTowerDifficulty.json
InfinityTowerDifficulty.6109.1,[Sinister Ritual] Difficulty 10,InfinityTowerDifficulty.json
InfinityTowerDifficulty.6110.1,[Sinister Ritual] Difficulty 11,InfinityTowerDifficulty.json
InfinityTowerDifficulty.6111.1,[Sinister Ritual] Difficulty 12,InfinityTowerDifficulty.json
InfinityTowerDifficulty.6112.1,[Sinister Ritual] Difficulty 13,InfinityTowerDifficulty.json
InfinityTowerDifficulty.6113.1,[Sinister Ritual] Difficulty 14,InfinityTowerDifficulty.json
InfinityTowerDifficulty.6114.1,[Sinister Ritual] Difficulty 15,InfinityTowerDifficulty.json
InfinityTowerDifficulty.6115.1,[Sinister Ritual] Difficulty 16,InfinityTowerDifficulty.json
InfinityTowerDifficulty.6116.1,[Sinister Ritual] Difficulty 17,InfinityTowerDifficulty.json
InfinityTowerDifficulty.6117.1,[Sinister Ritual] Difficulty 18,InfinityTowerDifficulty.json
InfinityTowerDifficulty.6118.1,[Sinister Ritual] Difficulty 19,InfinityTowerDifficulty.json
InfinityTowerDifficulty.6119.1,[Sinister Ritual] Difficulty 20,InfinityTowerDifficulty.json
InfinityTowerDifficulty.7100.1,[Upbeat Party] Difficulty 1,InfinityTowerDifficulty.json
InfinityTowerDifficulty.7101.1,[Upbeat Party] Difficulty 2,InfinityTowerDifficulty.json
InfinityTowerDifficulty.7102.1,[Upbeat Party] Difficulty 3,InfinityTowerDifficulty.json
InfinityTowerDifficulty.7103.1,[Upbeat Party] Difficulty 4,InfinityTowerDifficulty.json
InfinityTowerDifficulty.7104.1,[Upbeat Party] Difficulty 5,InfinityTowerDifficulty.json
InfinityTowerDifficulty.7105.1,[Upbeat Party] Difficulty 6,InfinityTowerDifficulty.json
InfinityTowerDifficulty.7106.1,[Upbeat Party] Difficulty 7,InfinityTowerDifficulty.json
InfinityTowerDifficulty.7107.1,[Upbeat Party] Difficulty 8,InfinityTowerDifficulty.json
InfinityTowerDifficulty.7108.1,[Upbeat Party] Difficulty 9,InfinityTowerDifficulty.json
InfinityTowerDifficulty.7109.1,[Upbeat Party] Difficulty 10,InfinityTowerDifficulty.json
InfinityTowerDifficulty.7110.1,[Upbeat Party] Difficulty 11,InfinityTowerDifficulty.json
InfinityTowerDifficulty.7111.1,[Upbeat Party] Difficulty 12,InfinityTowerDifficulty.json
InfinityTowerDifficulty.7112.1,[Upbeat Party] Difficulty 13,InfinityTowerDifficulty.json
InfinityTowerDifficulty.7113.1,[Upbeat Party] Difficulty 14,InfinityTowerDifficulty.json
InfinityTowerDifficulty.7114.1,[Upbeat Party] Difficulty 15,InfinityTowerDifficulty.json
InfinityTowerDifficulty.7115.1,[Upbeat Party] Difficulty 16,InfinityTowerDifficulty.json
InfinityTowerDifficulty.7116.1,[Upbeat Party] Difficulty 17,InfinityTowerDifficulty.json
InfinityTowerDifficulty.7117.1,[Upbeat Party] Difficulty 18,InfinityTowerDifficulty.json
InfinityTowerDifficulty.7118.1,[Upbeat Party] Difficulty 19,InfinityTowerDifficulty.json
InfinityTowerDifficulty.7119.1,[Upbeat Party] Difficulty 20,InfinityTowerDifficulty.json
JointDrillAffix.10001.1,Symphony: Sigh,JointDrillAffix.json
JointDrillAffix.10002.1,Symphony: Recitation,JointDrillAffix.json
JointDrillAffix.10003.1,Codex's Protection,JointDrillAffix.json
JointDrillAffix.10004.1,Symphony: Fear Resonance,JointDrillAffix.json
JointDrillAffix.10005.1,Requiem Aria,JointDrillAffix.json
JointDrillAffix.10006.1,Nightmare Finale,JointDrillAffix.json
JointDrillAffix.10007.1,Waltz: Chorus,JointDrillAffix.json
JointDrillAffix.10008.1,Waltz: Echo,JointDrillAffix.json
JointDrillAffix.10009.1,Waltz: Malice Shroud,JointDrillAffix.json
JointDrillAffix.10010.1,Lord's Law: Assimilation Decay,JointDrillAffix.json
JointDrillAffix.10011.1,Lord's Law: Isomeric Amplification,JointDrillAffix.json
JointDrillAffix.10012.1,Dominion,JointDrillAffix.json
JointDrillAffix.10013.1,Apocalyptic Twilight,JointDrillAffix.json
JointDrillAffix.10014.1,Omen of Ruin,JointDrillAffix.json
JointDrillAffix.10015.1,Flickering Lanterns,JointDrillAffix.json
JointDrillAffix.10016.1,Offensive Shift: Direct,JointDrillAffix.json
JointDrillAffix.10017.1,Offensive Shift: Arc,JointDrillAffix.json
JointDrillAffix.10031.1,Cycle of Creation,JointDrillAffix.json
JointDrillAffix.10032.1,Arcane Energy Interception,JointDrillAffix.json
JointDrillAffix.10033.1,Free-Floating Core,JointDrillAffix.json
JointDrillAffix.10034.1,Royal Guard Puppet,JointDrillAffix.json
JointDrillAffix.10035.1,Arcane Collapse,JointDrillAffix.json
JointDrillAffix.10036.1,Puppet Blade Dance,JointDrillAffix.json
JointDrillAffix.10037.1,Arcane Surge,JointDrillAffix.json
JointDrillAffix.10038.1,Arcane Barrier,JointDrillAffix.json
JointDrillLevel.1001.1,Symphony,JointDrillLevel.json
JointDrillLevel.1005.1,Waltz,JointDrillLevel.json
JointDrillLevel.1015.1,Eye of Ashes,JointDrillLevel.json
JointDrill_2_Level.1.1,Operation Thunderbolt,JointDrill_2_Level.json
JointDrill_2_Level.11.1,Fortress of Despair,JointDrill_2_Level.json
JointDrill_2_Level.21.1,Siege Tactics,JointDrill_2_Level.json
PenguinCardEndlessLevel.101.1,Starting chips provided by the Assistant -20%,PenguinCardEndlessLevel.json
PenguinCardEndlessLevel.102.1,"When flipping cards, there is a 20% chance to draw a [Petrified Card] that doesn't count as any element, up to 2 times.",PenguinCardEndlessLevel.json
PenguinCardEndlessLevel.103.1,Lowers the level of 1 random Fatebound Stellar Card by 1.,PenguinCardEndlessLevel.json
PenguinCardEndlessLevel.104.1,Upgrades cost 30% more .,PenguinCardEndlessLevel.json
PenguinCardEndlessLevel.105.1,-1 Deal,PenguinCardEndlessLevel.json
PenguinCardEndlessLevel.107.1,Lowers the level of 2 random Fatebound Stellar Cards by 1.,PenguinCardEndlessLevel.json
PenguinCardEndlessLevel.110.1,You only get one retry.,PenguinCardEndlessLevel.json
PenguinCardEndlessLevel.111.1,Lowers the level of 2 random Fatebound Stellar Cards by 2.,PenguinCardEndlessLevel.json
PenguinCardEndlessLevel.114.1,Lowers the level of 4 random Fatebound Stellar Cards by 1.,PenguinCardEndlessLevel.json
PenguinCardFloor.102.1,Increases the drop rate of this turn.,PenguinCardFloor.json
PenguinCardFloor.104.1,Increases the drop rate of this run.,PenguinCardFloor.json
PenguinCardFloor.201.1,Welcome to the Fatebound Stellar Deck.,PenguinCardFloor.json
PenguinCardFloor.202.1,Choose paths within your means.,PenguinCardFloor.json
PenguinCardFloor.204.1,"Aim for 1,000,000 points, my Tyrant!",PenguinCardFloor.json
PenguinCardFloor.505.1,All acquired cleared when entering a new difficulty.,PenguinCardFloor.json
RegionBossAffix.600901.1,Lightbulb Deploy,RegionBossAffix.json
RegionBossAffix.600902.1,Hooking Crawler,RegionBossAffix.json
RegionBossAffix.600903.1,Laser Charge,RegionBossAffix.json
RegionBossAffix.600904.1,Spinning Windmill,RegionBossAffix.json
RegionBossAffix.600905.1,Ground Lightning,RegionBossAffix.json
RegionBossAffix.601001.1,Stretch and Slam,RegionBossAffix.json
RegionBossAffix.601002.1,Stretch and Sweep,RegionBossAffix.json
RegionBossAffix.601003.1,Rapid Leapstrike,RegionBossAffix.json
RegionBossAffix.601004.1,Rolling Charge,RegionBossAffix.json
RegionBossAffix.601005.1,Rolling Chase,RegionBossAffix.json
RegionBossAffix.601101.1,Basic Rhythm,RegionBossAffix.json
RegionBossAffix.601102.1,Crescendo Rhythm,RegionBossAffix.json
RegionBossAffix.601103.1,Teleport,RegionBossAffix.json
RegionBossAffix.601104.1,Repeated Performance,RegionBossAffix.json
RegionBossAffix.601105.1,Slide,RegionBossAffix.json
RegionBossLevel.6009101.1,Evernight Emberflies,RegionBossLevel.json
RegionBossLevel.6010101.1,Count of the Duloos,RegionBossLevel.json
RegionBossLevel.6011101.1,Grotesque Dancer,RegionBossLevel.json
SoldierEventBattlePool.10101.1,Easy Challenge,SoldierEventBattlePool.json
SoldierEventBattlePool.10102.1,Hard Challenge,SoldierEventBattlePool.json
SoldierEventBattlePool.10103.1,Epic Challenge,SoldierEventBattlePool.json
SoldierEventBattlePool.10104.1,Dire Challenge,SoldierEventBattlePool.json
StarTowerGroup.1.1,Currents and Shadows,StarTowerGroup.json
StarTowerGroup.2.1,Dust and Flames,StarTowerGroup.json
StarTowerGroup.3.1,Storm and Thunder,StarTowerGroup.json
StarTowerGroup.4.1,Misstep On One,StarTowerGroup.json
StarTowerGrowthGroup.1.1,Monolith Research: I,StarTowerGrowthGroup.json
StarTowerGrowthGroup.2.1,Monolith Research: Ⅱ,StarTowerGrowthGroup.json
StarTowerGrowthGroup.3.1,Monolith Research: Ⅲ,StarTowerGrowthGroup.json
StarTowerGrowthGroup.4.1,Monolith Research: Ⅳ,StarTowerGrowthGroup.json
StoryChapter.1.1,Chapter 01,StoryChapter.json
StoryChapter.2.1,Chapter 02,StoryChapter.json
StoryChapter.3.1,Chapter 03,StoryChapter.json
StoryChapter.4.1,Chapter 04,StoryChapter.json
StoryChapter.5.1,Chapter 05,StoryChapter.json
StoryChapter.6.1,Chapter 06,StoryChapter.json
StoryChapter.7.1,Special Chapter,StoryChapter.json
StoryChapter.8.1,Chapter 7,StoryChapter.json
StoryChapter.9.1,Chapter 8,StoryChapter.json
StorySetChapter.1001.1,#01,StorySetChapter.json
StorySetChapter.1002.1,#02,StorySetChapter.json
StorySetChapter.1003.1,#03,StorySetChapter.json
StorySetChapter.1004.1,#04,StorySetChapter.json
StorySetChapter.1005.1,#05,StorySetChapter.json
StorySetChapter.1006.1,#06,StorySetChapter.json
StorySetChapter.1007.1,#07,StorySetChapter.json
StorySetChapter.1008.1,#08,StorySetChapter.json
StorySetChapter.1009.1,#09,StorySetChapter.json
StorySetChapter.1010.1,#10,StorySetChapter.json
StorySetChapter.1011.1,#11,StorySetChapter.json
StorySetChapter.1012.1,#12,StorySetChapter.json
StorySetChapter.1013.1,#13,StorySetChapter.json
StorySetChapter.1014.1,#14,StorySetChapter.json
StorySetChapter.1015.1,#15,StorySetChapter.json
StorySetChapter.1016.1,#16,StorySetChapter.json
StorySetChapter.1017.1,#17,StorySetChapter.json
StorySetSection.100101.1,Act One,StorySetSection.json
StorySetSection.100102.1,Act Two,StorySetSection.json
StorySetSection.100103.1,Act Three,StorySetSection.json
StorySetSection.100204.1,Act Four,StorySetSection.json
TowerDefenseLevel.1101.1,Defense Tutorial Ⅰ,TowerDefenseLevel.json
TowerDefenseLevel.1102.1,Defense Tutorial Ⅱ,TowerDefenseLevel.json
TowerDefenseLevel.1103.1,Guardian in the Forest Ⅰ,TowerDefenseLevel.json
TowerDefenseLevel.1104.1,Guardian in the Forest Ⅱ,TowerDefenseLevel.json
TowerDefenseLevel.1105.1,Guardian in the Forest Ⅲ,TowerDefenseLevel.json
TowerDefenseLevel.1106.1,Demonic Invasion Ⅰ,TowerDefenseLevel.json
TowerDefenseLevel.1107.1,Demonic Invasion Ⅱ,TowerDefenseLevel.json
TowerDefenseLevel.1108.1,Demonic Invasion: Hunt Ⅰ,TowerDefenseLevel.json
TowerDefenseLevel.1109.1,Demonic Invasion: Hunt Ⅱ,TowerDefenseLevel.json
TowerDefenseLevel.1203.1,Channel Clearance Ⅰ,TowerDefenseLevel.json
TowerDefenseLevel.1204.1,Channel Clearance Ⅱ,TowerDefenseLevel.json
TowerDefenseLevel.1205.1,Channel Clearance Ⅲ,TowerDefenseLevel.json
TowerDefenseLevel.1206.1,Channel Clearance Ⅳ,TowerDefenseLevel.json
TowerDefenseLevel.1207.1,Dark River Clash Ⅰ,TowerDefenseLevel.json
TowerDefenseLevel.1208.1,Dark River Clash Ⅱ,TowerDefenseLevel.json
TowerDefenseLevel.1209.1,Dark River Clash Ⅲ,TowerDefenseLevel.json
TowerDefenseLevel.1210.1,Dark River Clash Ⅳ,TowerDefenseLevel.json
TowerDefenseLevel.1301.1,Defense Tutorial Ⅰ,TowerDefenseLevel.json
TowerDefenseLevel.1302.1,Defense Tutorial Ⅱ,TowerDefenseLevel.json
TowerDefenseLevel.1303.1,Tactical Retrospect I,TowerDefenseLevel.json
TowerDefenseLevel.1304.1,Tactical Retrospect Ⅱ,TowerDefenseLevel.json
TowerDefenseLevel.1305.1,Verdant Veil Ⅰ,TowerDefenseLevel.json
TowerDefenseLevel.1306.1,Verdant Veil Ⅱ,TowerDefenseLevel.json
TowerDefenseLevel.1307.1,Tangled Ingress Ⅰ,TowerDefenseLevel.json
TowerDefenseLevel.1308.1,Tangled Ingress Ⅱ,TowerDefenseLevel.json
TowerDefenseLevel.1309.1,Rippling Reeds Ⅰ,TowerDefenseLevel.json
TowerDefenseLevel.1310.1,Rippling Reeds Ⅱ,TowerDefenseLevel.json
TowerDefenseLevel.1403.1,Scorching Desert Ⅰ,TowerDefenseLevel.json
TowerDefenseLevel.1404.1,Scorching Desert Ⅱ,TowerDefenseLevel.json
TowerDefenseLevel.1405.1,Scorching Desert Ⅲ,TowerDefenseLevel.json
TowerDefenseLevel.1406.1,Scorching Desert Ⅳ,TowerDefenseLevel.json
TowerDefenseLevel.1407.1,Dry Riverbed Ⅰ,TowerDefenseLevel.json
TowerDefenseLevel.1408.1,Dry Riverbed Ⅱ,TowerDefenseLevel.json
TowerDefenseLevel.1409.1,Blazing Showdown Ⅰ,TowerDefenseLevel.json
TowerDefenseLevel.1410.1,Blazing Showdown Ⅱ,TowerDefenseLevel.json
TravelerDuelBossLevel.100100.1,Cat-stle Siege,TravelerDuelBossLevel.json
TravelerDuelBossLevel.200100.1,Maid For You,TravelerDuelBossLevel.json
TravelerDuelBossLevel.300100.1,War in the Backpack,TravelerDuelBossLevel.json
TravelerDuelChallengeAffix.100.1,Semi-auto Fire,TravelerDuelChallengeAffix.json
TravelerDuelChallengeAffix.100201.1,Sunflower Ties,TravelerDuelChallengeAffix.json
TravelerDuelChallengeAffix.100202.1,Shrouded Moon: Meteor,TravelerDuelChallengeAffix.json
TravelerDuelChallengeAffix.100203.1,Shrouded Moon: Gale,TravelerDuelChallengeAffix.json
TravelerDuelChallengeAffix.100204.1,Entwined Gale,TravelerDuelChallengeAffix.json
TravelerDuelChallengeAffix.100205.1,Shadow Dance: Leaf Storm,TravelerDuelChallengeAffix.json
TravelerDuelChallengeAffix.100206.1,Shadow Dance: Dream Wanderer,TravelerDuelChallengeAffix.json
TravelerDuelChallengeAffix.101.1,Beam Sniper,TravelerDuelChallengeAffix.json
TravelerDuelChallengeAffix.102.1,All Out,TravelerDuelChallengeAffix.json
TravelerDuelChallengeAffix.103.1,Secondary Beam,TravelerDuelChallengeAffix.json
TravelerDuelChallengeAffix.110.1,Full-auto Fire,TravelerDuelChallengeAffix.json
TravelerDuelChallengeAffix.114.1,Barrage Amplification,TravelerDuelChallengeAffix.json
TravelerDuelChallengeAffix.115.1,Eye of the Demon Lord,TravelerDuelChallengeAffix.json
TravelerDuelChallengeAffix.116.1,ATK Increase: Lesser,TravelerDuelChallengeAffix.json
TravelerDuelChallengeAffix.117.1,ATK Increase: Medium,TravelerDuelChallengeAffix.json
TravelerDuelChallengeAffix.118.1,ATK Increase: Greater,TravelerDuelChallengeAffix.json
TravelerDuelChallengeAffix.119.1,HP Increase: Lesser,TravelerDuelChallengeAffix.json
TravelerDuelChallengeAffix.120.1,HP Increase: Medium,TravelerDuelChallengeAffix.json
TravelerDuelChallengeAffix.121.1,HP Increase: Greater,TravelerDuelChallengeAffix.json
TravelerDuelChallengeAffix.122.1,Weaken: Lesser,TravelerDuelChallengeAffix.json
TravelerDuelChallengeAffix.123.1,Weaken: Medium,TravelerDuelChallengeAffix.json
TravelerDuelChallengeAffix.124.1,Weaken: Greater,TravelerDuelChallengeAffix.json
TravelerDuelChallengeAffix.125.1,Hamstring: Lesser,TravelerDuelChallengeAffix.json
TravelerDuelChallengeAffix.126.1,Hamstring: Medium,TravelerDuelChallengeAffix.json
TravelerDuelChallengeAffix.127.1,Hamstring: Greater,TravelerDuelChallengeAffix.json
TravelerDuelChallengeAffix.128.1,Slow Cooldown: Lesser,TravelerDuelChallengeAffix.json
TravelerDuelChallengeAffix.129.1,Slow Cooldown: Medium,TravelerDuelChallengeAffix.json
TravelerDuelChallengeAffix.130.1,Slow Cooldown: Greater,TravelerDuelChallengeAffix.json
TravelerDuelChallengeAffix.131.1,Battle Enraged: Lesser,TravelerDuelChallengeAffix.json
TravelerDuelChallengeAffix.132.1,Battle Enraged: Medium,TravelerDuelChallengeAffix.json
TravelerDuelChallengeAffix.133.1,Battle Enraged: Greater,TravelerDuelChallengeAffix.json
TravelerDuelChallengeAffix.200.1,Aerial Twin Blade,TravelerDuelChallengeAffix.json
TravelerDuelChallengeAffix.200201.1,Omni-Blade: Execution,TravelerDuelChallengeAffix.json
TravelerDuelChallengeAffix.200202.1,Cosmic: Rhapsody,TravelerDuelChallengeAffix.json
TravelerDuelChallengeAffix.200203.1,Light Hunter,TravelerDuelChallengeAffix.json
TravelerDuelChallengeAffix.200204.1,Sustain Mode,TravelerDuelChallengeAffix.json
TravelerDuelChallengeAffix.200205.1,Eco Mode,TravelerDuelChallengeAffix.json
TravelerDuelChallengeAffix.200206.1,Warm-up Mode,TravelerDuelChallengeAffix.json
TravelerDuelChallengeAffix.201.1,Shadow Flying Blade,TravelerDuelChallengeAffix.json
TravelerDuelChallengeAffix.202.1,Shrouded Moon,TravelerDuelChallengeAffix.json
TravelerDuelChallengeAffix.203.1,Shadow Dance: Wither,TravelerDuelChallengeAffix.json
TravelerDuelChallengeAffix.29020101.1,DMG Increase: Lesser,TravelerDuelChallengeAffix.json
TravelerDuelChallengeAffix.29020102.1,DMG Increase: Medium,TravelerDuelChallengeAffix.json
TravelerDuelChallengeAffix.29020103.1,DMG Increase: Greater,TravelerDuelChallengeAffix.json
TravelerDuelChallengeAffix.29020301.1,Shield: Lesser,TravelerDuelChallengeAffix.json
TravelerDuelChallengeAffix.29020302.1,Shield: Medium,TravelerDuelChallengeAffix.json
TravelerDuelChallengeAffix.29020303.1,Shield: Greater,TravelerDuelChallengeAffix.json
TravelerDuelChallengeAffix.29020401.1,Protection of Wind,TravelerDuelChallengeAffix.json
TravelerDuelChallengeAffix.29020501.1,Crippling Blow,TravelerDuelChallengeAffix.json
TravelerDuelChallengeAffix.29020601.1,Dodge Debuff,TravelerDuelChallengeAffix.json
TravelerDuelChallengeAffix.29020701.1,Mark Fade,TravelerDuelChallengeAffix.json
TravelerDuelChallengeAffix.29020702.1,Auto Attack Nerf,TravelerDuelChallengeAffix.json
TravelerDuelChallengeAffix.29020703.1,Skill Nerf,TravelerDuelChallengeAffix.json
TravelerDuelChallengeAffix.29020801.1,Skill Vulnerability,TravelerDuelChallengeAffix.json
TravelerDuelChallengeAffix.29020901.1,Main Trekker Delay,TravelerDuelChallengeAffix.json
TravelerDuelChallengeAffix.29020902.1,Main Trekker Delay: Greater,TravelerDuelChallengeAffix.json
TravelerDuelChallengeAffix.29021001.1,Blood Thirst,TravelerDuelChallengeAffix.json
TravelerDuelChallengeAffix.29021101.1,Life Drain,TravelerDuelChallengeAffix.json
TravelerDuelChallengeAffix.29021102.1,Life Drain: Greater,TravelerDuelChallengeAffix.json
TravelerDuelChallengeAffix.29021201.1,Crit Rate Adjustment,TravelerDuelChallengeAffix.json
TravelerDuelChallengeAffix.29021301.1,Support Degen,TravelerDuelChallengeAffix.json
TravelerDuelChallengeAffix.29021302.1,Support Degen: Greater,TravelerDuelChallengeAffix.json
TravelerDuelChallengeAffix.29021401.1,Charge & Ultimate,TravelerDuelChallengeAffix.json
TravelerDuelChallengeAffix.29021501.1,Ultimate Degen,TravelerDuelChallengeAffix.json
TravelerDuelChallengeAffix.29021502.1,Ultimate Degen: Greater,TravelerDuelChallengeAffix.json
TravelerDuelChallengeAffix.29030201.1,Degen: Lesser,TravelerDuelChallengeAffix.json
TravelerDuelChallengeAffix.29030202.1,Degen: Medium,TravelerDuelChallengeAffix.json
TravelerDuelChallengeAffix.29030203.1,Degen: Greater,TravelerDuelChallengeAffix.json
TravelerDuelChallengeAffix.29030401.1,Battle Trance,TravelerDuelChallengeAffix.json
TravelerDuelChallengeAffix.29030501.1,Energy Overdraft,TravelerDuelChallengeAffix.json
TravelerDuelChallengeAffix.29030502.1,Energy Overdraft: Greater,TravelerDuelChallengeAffix.json
TravelerDuelChallengeAffix.29030601.1,Mana Burn,TravelerDuelChallengeAffix.json
TravelerDuelChallengeAffix.29030602.1,Mana Burn: Greater,TravelerDuelChallengeAffix.json
TravelerDuelChallengeAffix.29030701.1,Cursed Counter,TravelerDuelChallengeAffix.json
TravelerDuelChallengeAffix.29030801.1,Perilous Evade,TravelerDuelChallengeAffix.json
TravelerDuelChallengeAffix.29030901.1,Minion Downgrade,TravelerDuelChallengeAffix.json
TravelerDuelChallengeAffix.29030903.1,Ultimate Downgrade,TravelerDuelChallengeAffix.json
TravelerDuelChallengeAffix.29031001.1,Cognitive Glitch,TravelerDuelChallengeAffix.json
TravelerDuelChallengeAffix.29031101.1,Fair-Weather Fighter,TravelerDuelChallengeAffix.json
TravelerDuelChallengeAffix.29031102.1,Fair-Weather Fighter: Greater,TravelerDuelChallengeAffix.json
TravelerDuelChallengeAffix.29031201.1,Crit Tuning: DMG,TravelerDuelChallengeAffix.json
TravelerDuelChallengeAffix.29031202.1,Crit Tuning: Rate,TravelerDuelChallengeAffix.json
TravelerDuelChallengeAffix.29031301.1,Spotlight Thief,TravelerDuelChallengeAffix.json
TravelerDuelChallengeAffix.29031401.1,Holy Avenger: Lesser,TravelerDuelChallengeAffix.json
TravelerDuelChallengeAffix.29031402.1,Holy Avenger: Medium,TravelerDuelChallengeAffix.json
TravelerDuelChallengeAffix.29031403.1,Holy Avenger: Greater,TravelerDuelChallengeAffix.json
TravelerDuelChallengeAffix.29031501.1,Quick Cycle,TravelerDuelChallengeAffix.json
TravelerDuelChallengeAffix.29031601.1,Victorious Pursuit,TravelerDuelChallengeAffix.json
TravelerDuelChallengeAffix.29031602.1,Victorious Pursuit: Greater,TravelerDuelChallengeAffix.json
TravelerDuelChallengeAffix.29031701.1,Radiant Carapace: Lesser,TravelerDuelChallengeAffix.json
TravelerDuelChallengeAffix.29031702.1,Radiant Carapace: Medium,TravelerDuelChallengeAffix.json
TravelerDuelChallengeAffix.29031703.1,Radiant Carapace: Greater,TravelerDuelChallengeAffix.json
TravelerDuelChallengeAffix.29031801.1,Pain into Power,TravelerDuelChallengeAffix.json
TravelerDuelChallengeAffix.29031901.1,Blade Hunger,TravelerDuelChallengeAffix.json
TravelerDuelChallengeAffix.29031902.1,Risky Mend,TravelerDuelChallengeAffix.json
TravelerDuelChallengeAffix.29040201.1,Sluggish: Lesser,TravelerDuelChallengeAffix.json
TravelerDuelChallengeAffix.29040202.1,Sluggish: Medium,TravelerDuelChallengeAffix.json
TravelerDuelChallengeAffix.29040203.1,Sluggish: Greater,TravelerDuelChallengeAffix.json
TravelerDuelChallengeAffix.29040401.1,Co-op Combat,TravelerDuelChallengeAffix.json
TravelerDuelChallengeAffix.29040402.1,Solo Combat,TravelerDuelChallengeAffix.json
TravelerDuelChallengeAffix.29040501.1,Battle Fatigue,TravelerDuelChallengeAffix.json
TravelerDuelChallengeAffix.29040601.1,Battle Enraged,TravelerDuelChallengeAffix.json
TravelerDuelChallengeAffix.29040701.1,Disrupted Rhythm,TravelerDuelChallengeAffix.json
TravelerDuelChallengeAffix.29040702.1,Disrupted Rhythm: Greater,TravelerDuelChallengeAffix.json
TravelerDuelChallengeAffix.29040801.1,Cost of Evasion,TravelerDuelChallengeAffix.json
TravelerDuelChallengeAffix.29040901.1,Cost of Assault,TravelerDuelChallengeAffix.json
TravelerDuelChallengeAffix.29040902.1,Defensive Stand,TravelerDuelChallengeAffix.json
TravelerDuelChallengeAffix.29041001.1,Distraction Tactics,TravelerDuelChallengeAffix.json
TravelerDuelChallengeAffix.29041201.1,Demon's Body,TravelerDuelChallengeAffix.json
TravelerDuelChallengeAffix.29041202.1,Demon's Body: Greater,TravelerDuelChallengeAffix.json
TravelerDuelChallengeAffix.29041401.1,Deterioration: Lesser,TravelerDuelChallengeAffix.json
TravelerDuelChallengeAffix.29041402.1,Deterioration: Medium,TravelerDuelChallengeAffix.json
TravelerDuelChallengeAffix.29041403.1,Deterioration: Greater,TravelerDuelChallengeAffix.json
TravelerDuelChallengeAffix.29041501.1,Quick Cycle,TravelerDuelChallengeAffix.json
TravelerDuelChallengeAffix.29041601.1,Demon's Mark,TravelerDuelChallengeAffix.json
TravelerDuelChallengeAffix.29041602.1,Demon's Mark: Greater,TravelerDuelChallengeAffix.json
TravelerDuelChallengeAffix.29041701.1,Demon's Wrath: Lesser,TravelerDuelChallengeAffix.json
TravelerDuelChallengeAffix.29041702.1,Demon's Wrath: Medium,TravelerDuelChallengeAffix.json
TravelerDuelChallengeAffix.29041703.1,Demon's Wrath: Greater,TravelerDuelChallengeAffix.json
TravelerDuelChallengeAffix.29041901.1,Emergency Healing,TravelerDuelChallengeAffix.json
TravelerDuelChallengeAffix.29041902.1,Cost of Healing,TravelerDuelChallengeAffix.json
TravelerDuelChallengeAffix.400101.1,Full-auto Fire,TravelerDuelChallengeAffix.json
TravelerDuelChallengeAffix.400102.1,Dark Ray,TravelerDuelChallengeAffix.json
TravelerDuelChallengeAffix.400104.1,Secondary Beam,TravelerDuelChallengeAffix.json
TravelerDuelChallengeAffix.400105.1,Furious Kitty,TravelerDuelChallengeAffix.json
TravelerDuelChallengeAffix.400106.1,Eye of the Meow Lord,TravelerDuelChallengeAffix.json
TravelerDuelTarget.60000201.1,Dream-Chasing Gamer,TravelerDuelTarget.json
TravelerDuelTarget.60000202.1,Struggling Musician,TravelerDuelTarget.json
TravelerDuelTarget.60000203.1,Winter Swimming Veteran,TravelerDuelTarget.json
TravelerDuelTarget.60000204.1,Veteran Artisan,TravelerDuelTarget.json
TravelerDuelTarget.60000205.1,Heart-Reading Witch,TravelerDuelTarget.json
TravelerDuelTarget.60000206.1,Heat-Defying Maid,TravelerDuelTarget.json
TravelerDuelTarget.60000207.1,Ace Pilot,TravelerDuelTarget.json
TravelerDuelTarget.60000305.1,Sailstead Surveying Expert Leafia,TravelerDuelTarget.json
TravelerDuelTarget.60000306.1,AAA Professional Lifesaver,TravelerDuelTarget.json
TravelerDuelTarget.60000307.1,The Ultimate Dark Power Arrives!,TravelerDuelTarget.json
TutorialLevel.1.1,Basic Controls,TutorialLevel.json
TutorialLevel.2.1,Movement,TutorialLevel.json
TutorialLevel.3.1,Support Trekker,TutorialLevel.json
TutorialLevel.4.1,Marks,TutorialLevel.json
TutorialLevel.5.1,Elements,TutorialLevel.json
TutorialLevel.6.1,Enemy Resilience,TutorialLevel.json
TutorialLevel.7.1,Potential Selection,TutorialLevel.json
TutorialLevel.8.1,Runic Discs and Notes,TutorialLevel.json
VampireSurvivor.101.1,Port Defense,VampireSurvivor.json
VampireSurvivor.102.1,Port Defense Ⅱ,VampireSurvivor.json
VampireSurvivor.103.1,Port Defense Ⅲ,VampireSurvivor.json
VampireSurvivor.104.1,Port Defense Ⅳ,VampireSurvivor.json
VampireSurvivor.105.1,Port Defense V,VampireSurvivor.json
VampireSurvivor.106.1,Port Defense Ⅵ,VampireSurvivor.json
VampireSurvivor.107.1,Port Defense Ⅶ,VampireSurvivor.json
VampireSurvivor.201.1,Monster Surge,VampireSurvivor.json
VampireSurvivor.202.1,Monster Surge Ⅱ,VampireSurvivor.json
VampireSurvivor.203.1,Monster Surge Ⅲ,VampireSurvivor.json
VampireSurvivor.204.1,Monster Surge Ⅳ,VampireSurvivor.json
VampireSurvivor.205.1,Monster Surge V,VampireSurvivor.json
VampireSurvivor.206.1,Monster Surge Ⅵ,VampireSurvivor.json
VampireSurvivor.207.1,Monster Surge Ⅶ,VampireSurvivor.json
VampireSurvivor.301.1,Wrathbone Hunt Phase 1,VampireSurvivor.json
VampireSurvivor.302.1,Wrathbone Hunt Phase 2,VampireSurvivor.json
VampireSurvivor.303.1,Wrathbone Hunt Phase 3,VampireSurvivor.json
VampireSurvivor.304.1,Wrathbone Hunt Phase 4,VampireSurvivor.json
VampireSurvivor.305.1,Wrathbone Hunt Phase 5,VampireSurvivor.json
VampireSurvivor.306.1,Wrathbone Hunt Phase 6,VampireSurvivor.json
VampireSurvivor.307.1,Wrathbone Hunt Phase 7,VampireSurvivor.json
VampireSurvivor.308.1,Wrathbone Hunt Phase 8,VampireSurvivor.json
VampireSurvivor.309.1,Wrathbone Hunt Phase 9,VampireSurvivor.json
VampireSurvivor.310.1,Wrathbone Hunt Phase 10,VampireSurvivor.json
VampireSurvivor.311.1,Wrathbone Hunt Phase 11,VampireSurvivor.json
VampireSurvivor.312.1,Wrathbone Hunt Phase 12,VampireSurvivor.json
VampireSurvivor.313.1,Wrathbone Hunt Phase 13,VampireSurvivor.json
VampireSurvivor.314.1,Wrathbone Hunt Phase 14,VampireSurvivor.json
VampireSurvivor.315.1,Wrathbone Hunt Phase 15,VampireSurvivor.json
WeekBossAffix.620111.1,Lashing Vines,WeekBossAffix.json
WeekBossAffix.620112.1,Sharp Spikes,WeekBossAffix.json
WeekBossAffix.620113.1,Miasma Garden,WeekBossAffix.json
WeekBossAffix.620114.1,Sowing,WeekBossAffix.json
WeekBossAffix.620115.1,Flower Bud,WeekBossAffix.json
WeekBossAffix.620211.1,Charge,WeekBossAffix.json
WeekBossAffix.620212.1,Tusk Attack,WeekBossAffix.json
WeekBossAffix.620213.1,Savage Crash,WeekBossAffix.json
WeekBossAffix.620214.1,Lightning Crash,WeekBossAffix.json
WeekBossAffix.620215.1,Wild Rush,WeekBossAffix.json
WeekBossAffix.620311.1,Laser Sweep,WeekBossAffix.json
WeekBossAffix.620312.1,Rocket Punch,WeekBossAffix.json
WeekBossAffix.620313.1,Tracking Laser,WeekBossAffix.json
WeekBossAffix.620314.1,Ground Sweeper,WeekBossAffix.json
WeekBossAffix.620315.1,Declaration of Destruction,WeekBossAffix.json
WeekBossAffix.620411.1,Lashing Thorns,WeekBossAffix.json
WeekBossAffix.620412.1,Falling Blossoms,WeekBossAffix.json
WeekBossAffix.620413.1,Pollen Mist,WeekBossAffix.json
WeekBossAffix.620414.1,Blossom Whirlwind,WeekBossAffix.json
WeekBossAffix.620415.1,Fatal Flowering,WeekBossAffix.json
WeekBossAffix.620512.1,Peck Dive,WeekBossAffix.json
WeekBossAffix.620513.1,Light Beam,WeekBossAffix.json
WeekBossAffix.620514.1,Tail Power,WeekBossAffix.json
WeekBossAffix.620515.1,Total Bombardment,WeekBossAffix.json
WeekBossAffix.620611.1,Water Bubble Breath,WeekBossAffix.json
WeekBossAffix.620612.1,Summon Bubbles,WeekBossAffix.json
WeekBossAffix.620613.1,Gobble Charge,WeekBossAffix.json
WeekBossAffix.620614.1,Plop Bomb,WeekBossAffix.json
WeekBossAffix.620615.1,Violent Undercurrent,WeekBossAffix.json
WeekBossLevel.6201101.1,Garden of Parasite,WeekBossLevel.json
WeekBossLevel.6202101.1,Spirit of Brutality,WeekBossLevel.json
WeekBossLevel.6203101.1,Spellbound Golem,WeekBossLevel.json
WeekBossLevel.6204101.1,Lithe Beauty,WeekBossLevel.json
WeekBossLevel.6205101.1,Blade of Jade,WeekBossLevel.json
WeekBossLevel.6206101.1,Gobble Hexhorn Whale,WeekBossLevel.json
