source,target,tgt_lng
强音·主调,Fortissimo: Main Theme,en-US
フォルティシモ,Fortissimo: Main Theme,en-US
포르테·멜로디,Fortissimo: Main Theme,en-US
強音·主調,Fortissimo: Main Theme,en-US
强音·和声,Fortissimo: Harmony,en-US
フォルテ･コード,Fortissimo: Harmony,en-US
포르테·하모니,Fortissimo: Harmony,en-US
強音·和聲,Fortissimo: Harmony,en-US
律动·主调,Cadence: Main Theme,en-US
ジョコーソ,Cadence: Main Theme,en-US
리듬·멜로디,Cadence: Main Theme,en-US
律動·主調,Cadence: Main Theme,en-US
律动·和声,Cadence: Harmony,en-US
ジョコーソ･コード,Cadence: Harmony,en-US
리듬·하모니,Cadence: Harmony,en-US
律動·和聲,Cadence: Harmony,en-US
高潮·主调,Crescendo: Main Theme,en-US
クレッシェンド,Crescendo: Main Theme,en-US
클라이막스·멜로디,Crescendo: Main Theme,en-US
高潮·主調,Crescendo: Main Theme,en-US
高潮·和声,Crescendo: Harmony,en-US
クレッシェンド･コード,Crescendo: Harmony,en-US
클라이막스·하모니,Crescendo: Harmony,en-US
高潮·和聲,Crescendo: Harmony,en-US
谐奏·主调,Harmonics: Main Theme,en-US
エネルジコ,Harmonics: Main Theme,en-US
화음·멜로디,Harmonics: Main Theme,en-US
協奏·主調,Harmonics: Main Theme,en-US
谐奏·和声,Harmonics: Harmony,en-US
エネルジコ･コード,Harmonics: Harmony,en-US
화음·하모니,Harmonics: Harmony,en-US
協奏·和聲,Harmonics: Harmony,en-US
盛宴欢愉,Feasts and Revelry,en-US
グランドフェスタ,Feasts and Revelry,en-US
성찬의 환희,Feasts and Revelry,en-US
盛宴歡愉,Feasts and Revelry,en-US
喧哗勇力,Cry of the Valor,en-US
ランブルフォース,Cry of the Valor,en-US
소란의 용기,Cry of the Valor,en-US
喧嘩勇力,Cry of the Valor,en-US
极乐忘我,In Ecstasy,en-US
ヘブンリーブリス,In Ecstasy,en-US
무아지경,In Ecstasy,en-US
極樂忘我,In Ecstasy,en-US
情热如火,Passion Ablaze,en-US
ブレイジングハート,Passion Ablaze,en-US
불 같은 열정,Passion Ablaze,en-US
情熱如火,Passion Ablaze,en-US
光启吉兆,Radiant Omen,en-US
ブレッシングレイ,Radiant Omen,en-US
빛의 길조,Radiant Omen,en-US
光啟吉兆,Radiant Omen,en-US
乘风而起,Rise with Zephyr,en-US
スカイライザー,Rise with Zephyr,en-US
바람을 타고 비상,Rise with Zephyr,en-US
乘風而起,Rise with Zephyr,en-US
涌水泡沫,Bubbling Torrent,en-US
オーバーフロー,Bubbling Torrent,en-US
솟구치는 물거품,Bubbling Torrent,en-US
湧水泡沫,Bubbling Torrent,en-US
黯灭余音,Echoes of Eclipse,en-US
ロストレクイエム,Echoes of Eclipse,en-US
검은 소멸의 잔음,Echoes of Eclipse,en-US
黯滅餘音,Echoes of Eclipse,en-US
坚韧意志,Will of Steel,en-US
巌の意志,Will of Steel,en-US
강인한 의지,Will of Steel,en-US
堅韌意志,Will of Steel,en-US
柠柚好奇,Zesty Curiosity,en-US
爽やかな香り,Zesty Curiosity,en-US
레몬과 유자의 호기심,Zesty Curiosity,en-US
檸柚好奇,Zesty Curiosity,en-US
季节波形,Seasonal Waves,en-US
四季折々,Seasonal Waves,en-US
일렁이는 계절,Seasonal Waves,en-US
季節波形,Seasonal Waves,en-US
摇滚派对,Rock Party,en-US
ヒートソウル,Rock Party,en-US
로큰롤 파티,Rock Party,en-US
搖滾派對,Rock Party,en-US
热情双月,Ardent Twin Moons,en-US
ルナティックパッション,Ardent Twin Moons,en-US
뜨거운 트윈 문,Ardent Twin Moons,en-US
熱情雙月,Ardent Twin Moons,en-US
嘭嘭光芒,Glimmer Bubbles,en-US
ポンポンスパーク,Glimmer Bubbles,en-US
펑펑 광채,Glimmer Bubbles,en-US
安眠之光,Light Lullaby,en-US
スイートドリーム,Light Lullaby,en-US
숙면의 빛,Light Lullaby,en-US
翠色梦彩,Emerald Dreamscape,en-US
夢のまにまに,Emerald Dreamscape,en-US
취옥색 꿈결,Emerald Dreamscape,en-US
翠色夢彩,Emerald Dreamscape,en-US
顺风旅程,Tailwind Journey,en-US
風とともに,Tailwind Journey,en-US
순풍의 여정,Tailwind Journey,en-US
順風旅程,Tailwind Journey,en-US
梦幻泡影,Dreamlike Illusion,en-US
スパークルレイン,Dreamlike Illusion,en-US
몽환의 거품,Dreamlike Illusion,en-US
夢幻泡影,Dreamlike Illusion,en-US
蒸汽清香,Aromatic Steam,en-US
ヴェイパーブレス,Aromatic Steam,en-US
훈연의 향기,Aromatic Steam,en-US
暗夜节拍,Nocturne Beat,en-US
ダークナイトビート,Nocturne Beat,en-US
어둠의 리듬,Nocturne Beat,en-US
暗夜節拍,Nocturne Beat,en-US
星空畅想,Starry Reverie,en-US
スターリービジョン,Starry Reverie,en-US
별하늘의 상상,Starry Reverie,en-US
星空暢想,Starry Reverie,en-US
树影斑驳,Dappled Shade,en-US
茜色の絨毯,Dappled Shade,en-US
숲그늘의 잔영,Dappled Shade,en-US
樹影斑駁,Dappled Shade,en-US
千锤百炼,Forged to Perfection,en-US
鍛造の極み,Forged to Perfection,en-US
천 번의 담금질,Forged to Perfection,en-US
千錘百鍊,Forged to Perfection,en-US
花香依旧,Lingering Fragrance,en-US
ブルームメモリー,Lingering Fragrance,en-US
영원한 꽃향기,Lingering Fragrance,en-US
花香依舊,Lingering Fragrance,en-US
盛怒绽放,Fury in Bloom,en-US
紅焔の花,Fury in Bloom,en-US
분노의 만개,Fury in Bloom,en-US
盛怒綻放,Fury in Bloom,en-US
转转光芒,Twirl of Light,en-US
ぐるぐるキラット,Twirl of Light,en-US
빙빙 광채,Twirl of Light,en-US
轉轉光芒,Twirl of Light,en-US
劲爽开盖,Fizz and Pop,en-US
プルタブオープン,Fizz and Pop,en-US
경쾌한 개봉,Fizz and Pop,en-US
勁爽開蓋,Fizz and Pop,en-US
浮影落尘,Ephemeral Shadowfall,en-US
逆巻く影,Ephemeral Shadowfall,en-US
그림자와 먼지,Ephemeral Shadowfall,en-US
浮影落塵,Ephemeral Shadowfall,en-US
刻奇恐惧,Kitschphobia,en-US
迫りくる恐怖,Kitschphobia,en-US
기괴한 공포,Kitschphobia,en-US
刻奇恐懼,Kitschphobia,en-US
魅镜闪烁,A Refraction of Mirage,en-US
すべてを見通す鏡,A Refraction of Mirage,en-US
빛나는 매혹의 거울,A Refraction of Mirage,en-US
魅鏡閃爍,A Refraction of Mirage,en-US
提灯祝祷,Benediction Under Lantern,en-US
虚実をあばく灯火,Benediction Under Lantern,en-US
등불 기원,Benediction Under Lantern,en-US
提燈祝禱,Benediction Under Lantern,en-US
天使祈愿,Angel's Prayer,en-US
儚き願い,Angel's Prayer,en-US
천사의 기도,Angel's Prayer,en-US
天使祈願,Angel's Prayer,en-US
假日呼唤,Call of Holiday,en-US
リラックスタイム,Call of Holiday,en-US
휴일의 부름,Call of Holiday,en-US
假日呼喚,Call of Holiday,en-US
诱惑之蜜,Forbidden Nectar,en-US
エンチャントハニー,Forbidden Nectar,en-US
유혹의 꿀,Forbidden Nectar,en-US
誘惑之蜜,Forbidden Nectar,en-US
营业技巧,Business Tips,en-US
営業スマイル,Business Tips,en-US
영업 기술,Business Tips,en-US
營業技巧,Business Tips,en-US
猫神降歌,Meowing Cat God,en-US
在りし日の記憶,Meowing Cat God,en-US
고양이 신 레퀴엠,Meowing Cat God,en-US
貓神降歌,Meowing Cat God,en-US
空与花与诗,"Sky, Flowers, Poem",en-US
空と花の詩,"Sky, Flowers, Poem",en-US
"하늘, 꽃 그리고 시","Sky, Flowers, Poem",en-US
空與花與詩,"Sky, Flowers, Poem",en-US
你与我相似,Seed Alike,en-US
似たもの同士,Seed Alike,en-US
날 닮은 너,Seed Alike,en-US
你與我相似,Seed Alike,en-US
仙踪良梦,Wisteria Dream,en-US
ミルク色の夢,Wisteria Dream,en-US
요정들의 꿈,Wisteria Dream,en-US
仙蹤良夢,Wisteria Dream,en-US
晴之花,Sunlit Blossom,en-US
晴天の彩花,Sunlit Blossom,en-US
맑은 하늘의 꽃,Sunlit Blossom,en-US
魔女的秋千,Witch's Swing,en-US
魔女の秘薬,Witch's Swing,en-US
마녀의 그네,Witch's Swing,en-US
魔女的鞦韆,Witch's Swing,en-US
午夜，堕天使,Midnight Mayhem,en-US
真夜中の堕天使,Midnight Mayhem,en-US
자정의 타락 천사,Midnight Mayhem,en-US
午夜，墮天使,Midnight Mayhem,en-US
飞越青空,Soaring Blue,en-US
青空を越えて,Soaring Blue,en-US
푸른 하늘 너머로,Soaring Blue,en-US
飛越青空,Soaring Blue,en-US
“空白”的序章,New Star Prelude,en-US
『空白』の序章,New Star Prelude,en-US
‘공백’의 프롤로그,New Star Prelude,en-US
「空白」的序章,New Star Prelude,en-US
沐光祷告,Prayer Beneath Light,en-US
清浄なる祈り,Prayer Beneath Light,en-US
깨끗한 기도,Prayer Beneath Light,en-US
沐光禱告,Prayer Beneath Light,en-US
夏日午后的雨,Summer Afternoon Rain,en-US
昼下がりの雨,Summer Afternoon Rain,en-US
여름날 오후의 비,Summer Afternoon Rain,en-US
夏日午後的雨,Summer Afternoon Rain,en-US
狼贪虎视,Those with Ambition,en-US
見据える先に,Those with Ambition,en-US
야심에 찬 시선,Those with Ambition,en-US
狼貪虎視,Those with Ambition,en-US
远航蓝图,Voyage Blueprint,en-US
白紙の航海図,Voyage Blueprint,en-US
항해의 청사진,Voyage Blueprint,en-US
遠航藍圖,Voyage Blueprint,en-US
甜言蜜果,Sweet Times,en-US
甘く咲く時間,Sweet Times,en-US
달콤한 말의 열매,Sweet Times,en-US
鹿鸣,Deer's Song,en-US
鹿の声,Deer's Song,en-US
사슴의 울음,Deer's Song,en-US
鹿鳴,Deer's Song,en-US
春日纪事,Chronicles of Spring,en-US
桜花爛漫,Chronicles of Spring,en-US
봄날의 기록,Chronicles of Spring,en-US
春日紀事,Chronicles of Spring,en-US
花火,Fireworks,en-US
ハナビ,Fireworks,en-US
불꽃,Fireworks,en-US
冰柠与红茶,Lemon & Black Tea,en-US
レモネードと紅茶,Lemon & Black Tea,en-US
레모네이드와 홍차,Lemon & Black Tea,en-US
冰檸與紅茶,Lemon & Black Tea,en-US
一发破的,"One Shot, One Down",en-US
一撃必中,"One Shot, One Down",en-US
원샷원킬,"One Shot, One Down",en-US
一發破的,"One Shot, One Down",en-US
闪光之时,Sparkling Moment,en-US
かけがえのない時間,Sparkling Moment,en-US
반짝이는 순간,Sparkling Moment,en-US
閃光之時,Sparkling Moment,en-US
因缘而聚,United by Fate,en-US
一期一会,United by Fate,en-US
인연의 만남,United by Fate,en-US
因緣而聚,United by Fate,en-US
午夜喵铃,The Meow,en-US
真夜中の鈴,The Meow,en-US
한밤의 고양이 방울,The Meow,en-US
午夜喵鈴,The Meow,en-US
涂鸦彩虹,Colors Pierce the Grey,en-US
虹を描こう,Colors Pierce the Grey,en-US
그래피티 무지개,Colors Pierce the Grey,en-US
塗鴉彩虹,Colors Pierce the Grey,en-US
一二三，跳！,"One, Two, Three, Jump!",en-US
地底の彼方へ！,"One, Two, Three, Jump!",en-US
"하나, 둘, 셋, 점프!","One, Two, Three, Jump!",en-US
潋滟故池水,Sword Against Stream,en-US
古池の水音,Sword Against Stream,en-US
반짝이는 옛 연못,Sword Against Stream,en-US
瀲灩故池水,Sword Against Stream,en-US
白日花园,Daylight Garden,en-US
白日の花園,Daylight Garden,en-US
대낮의 화원,Daylight Garden,en-US
白日花園,Daylight Garden,en-US
猫之珍藏,The Cat's Treasure,en-US
欲しかったもの,The Cat's Treasure,en-US
고양이의 보물,The Cat's Treasure,en-US
貓之祕寶,The Cat's Treasure,en-US
午后间隙,A Moment in the Afternoon,en-US
穴あきおサボり,A Moment in the Afternoon,en-US
오후의 틈새,A Moment in the Afternoon,en-US
午後間隙,A Moment in the Afternoon,en-US
刀与斧的铮鸣,The Clash of Blade and Axe,en-US
強者を求めて,The Clash of Blade and Axe,en-US
검과 도끼의 울음,The Clash of Blade and Axe,en-US
刀與斧的錚鳴,The Clash of Blade and Axe,en-US
真相☆梦工厂,Dream Factory of ☆Truth,en-US
真理の大釜,Dream Factory of ☆Truth,en-US
진실☆꿈 공장,Dream Factory of ☆Truth,en-US
真相☆夢工廠,Dream Factory of ☆Truth,en-US
与骨共舞,Dancing with the Bones,en-US
メメント×モリ,Dancing with the Bones,en-US
해골과의 춤사위,Dancing with the Bones,en-US
與骨共舞,Dancing with the Bones,en-US
迷途的朝圣者,The Lost Pilgrim,en-US
痛みは救済,The Lost Pilgrim,en-US
길 잃은 순례자,The Lost Pilgrim,en-US
迷途的朝聖者,The Lost Pilgrim,en-US
抓住传说,Claw the Claw,en-US
伝説のアラシ,Claw the Claw,en-US
전설을 잡아라,Claw the Claw,en-US
抓住傳說,Claw the Claw,en-US
波光漫游,Ripples of Nostalgia,en-US
波にゆられて,Ripples of Nostalgia,en-US
파도빛 유랑,Ripples of Nostalgia,en-US
夏日栖息地,Summer Sanctuary,en-US
夕涼み,Summer Sanctuary,en-US
여름 서식지,Summer Sanctuary,en-US
夏日棲息地,Summer Sanctuary,en-US
勇气之拳,Fist of Courage,en-US
迷いを断つ拳,Fist of Courage,en-US
용기의 주먹,Fist of Courage,en-US
勇氣之拳,Fist of Courage,en-US
启程的礼物,A Gift for the Journey,en-US
ジングルラール,A Gift for the Journey,en-US
여정의 선물,A Gift for the Journey,en-US
啟程的禮物,A Gift for the Journey,en-US
酒暖灯明时,"Wine Warm, Lamps Alight",en-US
友と囲む新春の灯火,"Wine Warm, Lamps Alight",en-US
술 익는 밤의 등불,"Wine Warm, Lamps Alight",en-US
酒暖燈明時,"Wine Warm, Lamps Alight",en-US
革新的萌芽,The Bud of Change,en-US
革命の萌芽,The Bud of Change,en-US
혁신의 씨앗,The Bud of Change,en-US
罗帷春染岁朝新,Veiled Dawn of Spring,en-US
帳の内の秘め事,Veiled Dawn of Spring,en-US
봄빛 드리운 새 아침,Veiled Dawn of Spring,en-US
羅帷春染歲朝新,Veiled Dawn of Spring,en-US
繁花幻梦,Petals of Blooming Mirage,en-US
千変万花,Petals of Blooming Mirage,en-US
꽃밭의 환영,Petals of Blooming Mirage,en-US
繁花幻夢,Petals of Blooming Mirage,en-US
冬夜后的黎明,Dawn After Winter,en-US
雪解け告げる黎明,Dawn After Winter,en-US
겨울밤 끝의 여명,Dawn After Winter,en-US
冬夜後的黎明,Dawn After Winter,en-US
信笺乘风而去,Delivered by the Breeze,en-US
風に舞う想い,Delivered by the Breeze,en-US
편지는 바람을 타고,Delivered by the Breeze,en-US
信箋乘風而去,Delivered by the Breeze,en-US
雪夜惊喜,Snowy Night Surprise,en-US
メリーサプライズ,Snowy Night Surprise,en-US
메리 서프라이즈,Snowy Night Surprise,en-US
雪夜驚喜,Snowy Night Surprise,en-US
星光的印记,Traces of Starlight,en-US
星光の道標,Traces of Starlight,en-US
Memory of Stella,Traces of Starlight,en-US
星光的印記,Traces of Starlight,en-US
夜宴谜影,Phantom of the Banquet,en-US
夜宴に踊る影,Phantom of the Banquet,en-US
연회장의 그림자,Phantom of the Banquet,en-US
夜宴謎影,Phantom of the Banquet,en-US
星之所向,Stellar Destination,en-US
惹かれ合う星,Stellar Destination,en-US
별이 향하는 곳,Stellar Destination,en-US
奇迹一触,Touch of Miracle,en-US
奇跡の創造,Touch of Miracle,en-US
기적의 손길,Touch of Miracle,en-US
奇跡一觸,Touch of Miracle,en-US
欢聚时刻,Joyful Gathering,en-US
団らんのひととき,Joyful Gathering,en-US
환희의 순간,Joyful Gathering,en-US
歡聚時刻,Joyful Gathering,en-US
微小的乐园,Little Paradise,en-US
私と君の楽園,Little Paradise,en-US
마이크로 원더랜드,Little Paradise,en-US
箱庭小樂園,Little Paradise,en-US
浮光掠影,Fleeting Glimmers,en-US
揺らめく光の向こう側,Fleeting Glimmers,en-US
수면 위의 빛과 그림자,Fleeting Glimmers,en-US
斑驳夏影,Dappled Sunlight,en-US
友との夏休み,Dappled Sunlight,en-US
일렁이는 여름의 잔영,Dappled Sunlight,en-US
斑駁夏影,Dappled Sunlight,en-US
伴我航行,Ride the Waves with Me,en-US
共に航る,Ride the Waves with Me,en-US
함께하는 항해,Ride the Waves with Me,en-US
夏日进行曲,Summer March,en-US
サマーマーチ,Summer March,en-US
여름 행진곡,Summer March,en-US
夏日進行曲,Summer March,en-US
飞吧，笼中鸟,"Fly, O Caged Bird",en-US
飛びたて、籠の鳥,"Fly, O Caged Bird",en-US
"날아라, 새장 속 새여","Fly, O Caged Bird",en-US
飛吧，籠中鳥,"Fly, O Caged Bird",en-US
荣誉时刻,Moment of Glory,en-US
栄光の瞬間,Moment of Glory,en-US
영광의 순간,Moment of Glory,en-US
榮耀時刻,Moment of Glory,en-US
空技能,!NONEED!,en-US
【No Need】,!NONEED!,en-US
비어있음,!NONEED!,en-US
橙光流转,Flowing Amber,en-US
桃色に染まる世界,Flowing Amber,en-US
빛의 흐름,Flowing Amber,en-US
橙光流轉,Flowing Amber,en-US
甜梦微醺,Drowsy Delights,en-US
淡い夢に酔いしれて,Drowsy Delights,en-US
나른하고 달콤한 꿈결,Drowsy Delights,en-US
甜夢微醺,Drowsy Delights,en-US
热浪余温,Lingering Heatwave,en-US
熱狂的ステージ,Lingering Heatwave,en-US
남은 온기,Lingering Heatwave,en-US
熱浪餘溫,Lingering Heatwave,en-US
双月共舞,Twin Moons' Waltz,en-US
予告状,Twin Moons' Waltz,en-US
두 달의 춤사위,Twin Moons' Waltz,en-US
雙月共舞,Twin Moons' Waltz,en-US
嘭嘭闪耀,Shining Burst,en-US
ポンポンシャイン,Shining Burst,en-US
펑펑 반짝임,Shining Burst,en-US
嘭嘭閃耀,Shining Burst,en-US
静谧之光,Tranquil Light,en-US
ヒールグロウ,Tranquil Light,en-US
고요함의 빛,Tranquil Light,en-US
靜謐之光,Tranquil Light,en-US
微风入夜,Evening Breeze,en-US
頬を撫でる夜風,Evening Breeze,en-US
밤으로 스미는 바람,Evening Breeze,en-US
微風入夜,Evening Breeze,en-US
同旅之绊,Companion's Bond,en-US
旅は道連れ,Companion's Bond,en-US
동행의 인연,Companion's Bond,en-US
同旅之絆,Companion's Bond,en-US
细雨如丝,Silken Raindrops,en-US
花を濡らす雫,Silken Raindrops,en-US
얇은 빗줄기,Silken Raindrops,en-US
細雨如絲,Silken Raindrops,en-US
仙风暖雾,Shroud of Mist,en-US
こっちにおいでよ,Shroud of Mist,en-US
신선한 바람,Shroud of Mist,en-US
仙風暖霧,Shroud of Mist,en-US
随拍起舞,Dancing Shadows,en-US
リズミカルステップ,Dancing Shadows,en-US
리듬의 몸짓,Dancing Shadows,en-US
隨拍起舞,Dancing Shadows,en-US
月下踢踏,Moonlit Taps,en-US
月下の迷い子,Moonlit Taps,en-US
달 아래의 발길,Moonlit Taps,en-US
暖心依偎,Snuggle Up,en-US
そこにある温もり,Snuggle Up,en-US
따스한 의지,Snuggle Up,en-US
引擎润滑,Engine Lubrication,en-US
メンテはバッチリ,Engine Lubrication,en-US
엔진 윤활,Engine Lubrication,en-US
引擎潤滑,Engine Lubrication,en-US
拂面轻风,Caressing Breeze,en-US
そよ風の便り,Caressing Breeze,en-US
뺨을 스치는 미풍,Caressing Breeze,en-US
拂面輕風,Caressing Breeze,en-US
蔷薇棘刺,Thorning Rose,en-US
深紅に染まる花びら,Thorning Rose,en-US
장미의 가시,Thorning Rose,en-US
薔薇棘刺,Thorning Rose,en-US
转转闪耀,Spinning Light,en-US
ぐるぐるピカピカ,Spinning Light,en-US
빙빙 섬광,Spinning Light,en-US
轉轉閃耀,Spinning Light,en-US
透心凉意,Chilling Coolness,en-US
最初のひと口,Chilling Coolness,en-US
마음 관통의 한기,Chilling Coolness,en-US
透心涼意,Chilling Coolness,en-US
浮梦轻散,Fleeting Dreams,en-US
朽ちゆく夢,Fleeting Dreams,en-US
떠도는 꿈,Fleeting Dreams,en-US
浮夢輕散,Fleeting Dreams,en-US
惊吓时刻,Startling Moment,en-US
どっきりタイム,Startling Moment,en-US
놀람의 순간,Startling Moment,en-US
驚嚇時刻,Startling Moment,en-US
骤风,Squall,en-US
天つ風,Squall,en-US
질풍,Squall,en-US
驟風,Squall,en-US
举火,Surge of Flame,en-US
潰えぬ蛍火,Surge of Flame,en-US
횃불,Surge of Flame,en-US
舉火,Surge of Flame,en-US
圣光,Holy Glow,en-US
眩い聖光,Holy Glow,en-US
성스러운 빛,Holy Glow,en-US
聖光,Holy Glow,en-US
甘露,Sweet Creek,en-US
水分補給,Sweet Creek,en-US
감로,Sweet Creek,en-US
魔境,Phantom Realm,en-US
這い寄る誘惑,Phantom Realm,en-US
마경,Phantom Realm,en-US
开播准备,Livestream Prep,en-US
配信準備,Livestream Prep,en-US
방송 준비,Livestream Prep,en-US
開播準備,Livestream Prep,en-US
猫神制裁,Cat God's Penalty,en-US
ネコ神の審判,Cat God's Penalty,en-US
고양이 신의 징계,Cat God's Penalty,en-US
貓神制裁,Cat God's Penalty,en-US
破灭的魔光,Destructive Aura,en-US
破滅への魔光,Destructive Aura,en-US
파멸의 마광,Destructive Aura,en-US
破滅的魔光,Destructive Aura,en-US
风花雪月,Snowpetal Storm,en-US
風花雪月,Snowpetal Storm,en-US
바람꽃 설월,Snowpetal Storm,en-US
怀心的芬芳,Fragrance of Heart,en-US
色褪せぬ香り,Fragrance of Heart,en-US
품속의 향기,Fragrance of Heart,en-US
心中的芬芳,Fragrance of Heart,en-US
命运爆发,Destiny Unleashed,en-US
フォトンバースト,Destiny Unleashed,en-US
운명의 폭발,Destiny Unleashed,en-US
命運爆發,Destiny Unleashed,en-US
自由意志,Free Will,en-US
ビッグバン,Free Will,en-US
자유의지,Free Will,en-US
淑慧本色,Graceful Essence,en-US
淑女の本懐,Graceful Essence,en-US
지혜 본색,Graceful Essence,en-US
优雅舞姿,Graceful Poise,en-US
秘密のお茶会,Graceful Poise,en-US
우아한 춤사위,Graceful Poise,en-US
優雅舞姿,Graceful Poise,en-US
笑颜与泪光,Tears of Joy,en-US
笑顔と涙,Tears of Joy,en-US
웃음과 눈물,Tears of Joy,en-US
笑顏與淚光,Tears of Joy,en-US
彷若昨日,Bygone Echoes,en-US
あの頃みたいに,Bygone Echoes,en-US
어제처럼,Bygone Echoes,en-US
鬼魅香氛,Spectral Fragrance,en-US
小悪魔スマイル,Spectral Fragrance,en-US
오묘한 향기,Spectral Fragrance,en-US
雁过留痕,Dark Trace,en-US
権謀術数,Dark Trace,en-US
기러기의 흔적,Dark Trace,en-US
雁過留痕,Dark Trace,en-US
决胜击打,Decisive Strike,en-US
勝負を決める一振り,Decisive Strike,en-US
승부의 일격,Decisive Strike,en-US
決勝擊打,Decisive Strike,en-US
辉光所及处,Reach of Radiance,en-US
光さす場所,Reach of Radiance,en-US
빛이 닿는 곳,Reach of Radiance,en-US
輝光所及處,Reach of Radiance,en-US
幸福气球,Balloon of Joy,en-US
サプライズバルーン,Balloon of Joy,en-US
행운의 풍선,Balloon of Joy,en-US
幸福氣球,Balloon of Joy,en-US
启航笛音,Horn of Departure,en-US
絶叫コースター,Horn of Departure,en-US
출항의 기적,Horn of Departure,en-US
啟航笛音,Horn of Departure,en-US
星途启程,Starlit Winds,en-US
星を目指して,Starlit Winds,en-US
별의 여정,Starlit Winds,en-US
星途啟程,Starlit Winds,en-US
乘风的祈愿,Windswept Prayer,en-US
願いを風に乗せて,Windswept Prayer,en-US
바람을 탄 기도,Windswept Prayer,en-US
乘風的祈願,Windswept Prayer,en-US
慈悲满溢,Light of Mercy,en-US
万物に捧ぐ慈愛,Light of Mercy,en-US
넘치는 자비,Light of Mercy,en-US
慈悲滿溢,Light of Mercy,en-US
圣光加护,Divine Protection,en-US
凛光の加護,Divine Protection,en-US
성스러운 빛의 가호,Divine Protection,en-US
聖光加護,Divine Protection,en-US
绽放的冰花,Frosted Blossom,en-US
花開く氷蕾,Frosted Blossom,en-US
만개한 얼음꽃,Frosted Blossom,en-US
綻放的冰花,Frosted Blossom,en-US
水舞蹈,Dancing Waters,en-US
水鏡の像花,Dancing Waters,en-US
물의 스텝,Dancing Waters,en-US
逐利的暗涌,Dark Reckoning,en-US
欲望の坩堝,Dark Reckoning,en-US
이익을 좇는 암류,Dark Reckoning,en-US
逐利的暗湧,Dark Reckoning,en-US
贪婪的追猎,Greedy Pursuit,en-US
覇道邁進,Greedy Pursuit,en-US
탐욕의 추격,Greedy Pursuit,en-US
貪婪的追獵,Greedy Pursuit,en-US
燎原的烈火,Raging Wildfire,en-US
沸き立つ探究心,Raging Wildfire,en-US
들판을 태우는 열화,Raging Wildfire,en-US
极致的冒险,Epic Adventure,en-US
あくなき好奇心,Epic Adventure,en-US
극한의 모험,Epic Adventure,en-US
極致的冒險,Epic Adventure,en-US
果语花香,Fruity & Fragrant,en-US
森の恵,Fruity & Fragrant,en-US
과일 꽃향기,Fruity & Fragrant,en-US
果語花香,Fruity & Fragrant,en-US
营养多汁又健康,Juicy & Healthy,en-US
しあわせな時間,Juicy & Healthy,en-US
영양 가득 웰빙,Juicy & Healthy,en-US
營養多汁又健康,Juicy & Healthy,en-US
流淌于梦的清风,Dreamflow Breeze,en-US
夢見心地のそよ風,Dreamflow Breeze,en-US
꿈을 스치는 산들바람,Dreamflow Breeze,en-US
流淌於夢的清風,Dreamflow Breeze,en-US
散落的芳香,Scattered Fragrance,en-US
香り立つ新緑,Scattered Fragrance,en-US
흩날린 향기,Scattered Fragrance,en-US
暖风融雪,Vernal Zephyr,en-US
春一番,Vernal Zephyr,en-US
눈을 녹이는 봄바람,Vernal Zephyr,en-US
暖風融雪,Vernal Zephyr,en-US
细雨润物,Vitalizing Rain,en-US
花吹雪,Vitalizing Rain,en-US
만물을 적시는 가랑비,Vitalizing Rain,en-US
細語潤物,Vitalizing Rain,en-US
拥入怀抱的暖意,Warmth in the Arms,en-US
受け継がれる熱意,Warmth in the Arms,en-US
품 안의 온기,Warmth in the Arms,en-US
擁入懷抱的暖意,Warmth in the Arms,en-US
洋溢的焰火,Fervent Flames,en-US
猛る炎,Fervent Flames,en-US
이글거리는 불꽃,Fervent Flames,en-US
潜移默化,Subtle Influence,en-US
秘めたる心,Subtle Influence,en-US
자연스러운 변화,Subtle Influence,en-US
潛移默化,Subtle Influence,en-US
绵远流长,Lasting Trends,en-US
どこふく風,Lasting Trends,en-US
끝없는 흐름,Lasting Trends,en-US
綿遠流長,Lasting Trends,en-US
破风铳弹,Windbreaking Shots,en-US
凶弾の射手,Windbreaking Shots,en-US
바람을 가르는 탄환,Windbreaking Shots,en-US
破風槍彈,Windbreaking Shots,en-US
热斗激奏,Battle Rhapsody,en-US
鉛玉の雨,Battle Rhapsody,en-US
결투의 폭주곡,Battle Rhapsody,en-US
熱鬥激奏,Battle Rhapsody,en-US
回忆的碎闪,Flashing Memories,en-US
ありふれた特別な時間,Flashing Memories,en-US
기억의 파편,Flashing Memories,en-US
回憶的碎閃,Flashing Memories,en-US
友情的闪光,Radiant Bonds,en-US
友情物語,Radiant Bonds,en-US
우정의 섬광,Radiant Bonds,en-US
友情的閃光,Radiant Bonds,en-US
坚固的三角,Unbreakable Trio,en-US
ワンフォーオール,Unbreakable Trio,en-US
튼튼한 삼각형,Unbreakable Trio,en-US
堅固的三角,Unbreakable Trio,en-US
同心的瞬间,Moment of Unity,en-US
オールフォーワン,Moment of Unity,en-US
동심의 순간,Moment of Unity,en-US
同心的瞬間,Moment of Unity,en-US
战栗之刻,Moment of Terror,en-US
戦慄の訪問者,Moment of Terror,en-US
전율의 순간,Moment of Terror,en-US
戰慄之刻,Moment of Terror,en-US
平凡之勇,Humble Courage,en-US
静かな足音,Humble Courage,en-US
평범한 용기,Humble Courage,en-US
街头精神,Street Spirit,en-US
アウトローのこだわり,Street Spirit,en-US
스트릿 스피릿,Street Spirit,en-US
街頭精神,Street Spirit,en-US
干完这票就跑,Hit and Run,en-US
青空に描くアーチスト,Hit and Run,en-US
끝나면 도망가자,Hit and Run,en-US
做完這票就閃人,Hit and Run,en-US
潇洒速降,Graceful Dive,en-US
軽やかな着地術,Graceful Dive,en-US
경쾌한 낙하,Graceful Dive,en-US
瀟灑速降,Graceful Dive,en-US
合作精神,Team Spirit,en-US
ファイト！協力！,Team Spirit,en-US
팀워크 정신,Team Spirit,en-US
泷舞溅跃,Splashing Moves,en-US
火照りを冷ます飛沫,Splashing Moves,en-US
넘실대는 물보라,Splashing Moves,en-US
瀧舞濺躍,Splashing Moves,en-US
明镜才可止水,Water Mirror,en-US
山紫水明,Water Mirror,en-US
"맑은 거울, 고요한 물결",Water Mirror,en-US
明鏡才可止水,Water Mirror,en-US
泼墨狂草,Wild Brushstrokes,en-US
墨乱狂走,Wild Brushstrokes,en-US
거친 먹빛,Wild Brushstrokes,en-US
潑墨狂草,Wild Brushstrokes,en-US
龙腾虎跃,Power Unleashed,en-US
飛龍天舞,Power Unleashed,en-US
용호질주,Power Unleashed,en-US
龍騰虎躍,Power Unleashed,en-US
芬芳幻象,Fragrant Illusion,en-US
香しき面影,Fragrant Illusion,en-US
향기의 환영,Fragrant Illusion,en-US
花间疏影,Swaying Petals,en-US
花影の狭間で,Swaying Petals,en-US
꽃 사이 그림자,Swaying Petals,en-US
花間疏影,Swaying Petals,en-US
喵神诅咒,Meowth's Curse,en-US
ネコ神の呪い,Meowth's Curse,en-US
야옹신의 저주,Meowth's Curse,en-US
喵神詛咒,Meowth's Curse,en-US
灭世烈焰,Doomfire,en-US
烈火滅世,Doomfire,en-US
종말의 불꽃,Doomfire,en-US
滅世烈焰,Doomfire,en-US
微光洒落,Falling Gleam,en-US
差し込む光,Falling Gleam,en-US
은은한 미광,Falling Gleam,en-US
微光灑落,Falling Gleam,en-US
惬意的红茶,Relaxing Tea,en-US
安らぎの紅茶,Relaxing Tea,en-US
편안한 홍차,Relaxing Tea,en-US
愜意的紅茶,Relaxing Tea,en-US
刃击水涌,Surging Slash,en-US
ほとばしる水刃,Surging Slash,en-US
물결 칼날,Surging Slash,en-US
刃擊水湧,Surging Slash,en-US
中意的劲敌,Preferred Enemy,en-US
好敵手,Preferred Enemy,en-US
마음 속 숙적,Preferred Enemy,en-US
中意的勁敵,Preferred Enemy,en-US
神秘负片,Veiled Negative,en-US
お宝ショット★,Veiled Negative,en-US
미스터리 필름,Veiled Negative,en-US
神祕負片,Veiled Negative,en-US
新闻大生产,News Spree,en-US
そのネタいただき★,News Spree,en-US
뉴스 대량 생산,News Spree,en-US
新聞生產爆發,News Spree,en-US
挖掘真理,Truth Digger,en-US
埋葬された真理,Truth Digger,en-US
진리 발굴,Truth Digger,en-US
埋葬过去,Buried Past,en-US
過去の遺物,Buried Past,en-US
묻혀진 과거,Buried Past,en-US
埋葬過去,Buried Past,en-US
铁与爱的怀抱,Iron Love Embrace,en-US
鉄の香り漂う愛情,Iron Love Embrace,en-US
철과 사랑의 포옹,Iron Love Embrace,en-US
鐵與愛的懷抱,Iron Love Embrace,en-US
私情满溢的禁锢,Prison of Passion,en-US
堕落の鎖,Prison of Passion,en-US
감정에 휘둘린 속박,Prison of Passion,en-US
私情滿溢的禁錮,Prison of Passion,en-US
幸运的抓夹,Lucky Clip,en-US
幸運を掴め,Lucky Clip,en-US
행운의 집게,Lucky Clip,en-US
幸運的抓夾,Lucky Clip,en-US
突破最高记录,Record Breaker,en-US
自分との戦い,Record Breaker,en-US
최고 기록 돌파,Record Breaker,en-US
突破最高紀錄,Record Breaker,en-US
粼粼共舞,Dance of Shimmers,en-US
ゆらめくプリズム,Dance of Shimmers,en-US
파문의 춤사위,Dance of Shimmers,en-US
临光微步,Gleaming Steps,en-US
照らす光のカーテン,Gleaming Steps,en-US
빛의 발걸음,Gleaming Steps,en-US
臨光微步,Gleaming Steps,en-US
一望无际的晴空,Azure Horizon,en-US
メルヘンなサンセット,Azure Horizon,en-US
광활한 푸른 하늘,Azure Horizon,en-US
一望無際的晴空,Azure Horizon,en-US
漫无止境的阳光,Infinite Sunshine,en-US
昼と夜の交わる時間,Infinite Sunshine,en-US
끝없는 햇빛,Infinite Sunshine,en-US
漫無止境的陽光,Infinite Sunshine,en-US
名为团长的热情,Passion of the Captain,en-US
燃え上がる情熱,Passion of the Captain,en-US
단장이라는 열정,Passion of the Captain,en-US
名為團長的熱情,Passion of the Captain,en-US
勇气之鼓舞,Inspiration of Courage,en-US
勇気を力に,Inspiration of Courage,en-US
용기의 격려,Inspiration of Courage,en-US
勇氣之鼓舞,Inspiration of Courage,en-US
礼炮齐鸣,Salutes Boomed,en-US
寒さをぶっ飛ばせ,Salutes Boomed,en-US
예포 발사,Salutes Boomed,en-US
禮炮齊鳴,Salutes Boomed,en-US
圣夜舞乐,Holy Night Revelry,en-US
鈴の音を響かせて,Holy Night Revelry,en-US
이브의 파티타임,Holy Night Revelry,en-US
聖夜舞樂,Holy Night Revelry,en-US
温润绵长,Eternal Pulse,en-US
まろやかな余韻,Eternal Pulse,en-US
부드럽고 따스한 여운,Eternal Pulse,en-US
溫潤綿長,Eternal Pulse,en-US
爽洌回甘,Bright Refrain,en-US
キレのある後味,Bright Refrain,en-US
청량하고 달콤한 끝맛,Bright Refrain,en-US
幕后统御,Shadow Mastermind,en-US
躍動する影,Shadow Mastermind,en-US
배후의 지배자,Shadow Mastermind,en-US
幕後統御,Shadow Mastermind,en-US
野心蔓延,Growing Ambition,en-US
夜を彩る星々,Growing Ambition,en-US
넘치는 야망,Growing Ambition,en-US
此谓灵丹妙药,The Sovereign Elixir,en-US
妙薬の効能,The Sovereign Elixir,en-US
신묘한 영약,The Sovereign Elixir,en-US
此謂靈丹妙藥,The Sovereign Elixir,en-US
春华亦需滋养,Blossom's Requiring,en-US
好奇心の誘惑,Blossom's Requiring,en-US
봄빛 아래 보살핌,Blossom's Requiring,en-US
春華亦需滋養,Blossom's Requiring,en-US
落瓣烟消,Fading Petals,en-US
花の嵐,Fading Petals,en-US
지는 꽃과 사라지는 연기,Fading Petals,en-US
落瓣煙消,Fading Petals,en-US
浮月蜃景,Lunar Mirage,en-US
戦場の花,Lunar Mirage,en-US
떠오르는 달의 신기루,Lunar Mirage,en-US
踏雪无痕,Weightless Tread,en-US
ホワイトアウト,Weightless Tread,en-US
흔적 없는 발걸음,Weightless Tread,en-US
踏雪無痕,Weightless Tread,en-US
夜雪无声,Silent Descent,en-US
アイスバーン,Silent Descent,en-US
고요한 눈 오는 밤,Silent Descent,en-US
夜雪無聲,Silent Descent,en-US
词句融为思念,Words into Longing,en-US
言の葉、想いに溶けて,Words into Longing,en-US
그리움의 시,Words into Longing,en-US
詞句融為思念,Words into Longing,en-US
字字皆是长情,Words of Endless Devotion,en-US
文字に秘めた想い,Words of Endless Devotion,en-US
글에 맺힌 진심,Words of Endless Devotion,en-US
字字皆是長情,Words of Endless Devotion,en-US
薯条国度,Kingdom of Fries,en-US
ポテトキングダム,Kingdom of Fries,en-US
감튀 나라,Kingdom of Fries,en-US
薯條國度,Kingdom of Fries,en-US
香脆欢愉,Crispy Crunch,en-US
聖なる夜に,Crispy Crunch,en-US
해피 크리스피,Crispy Crunch,en-US
香脆歡愉,Crispy Crunch,en-US
踏上星途,Starlight Journey,en-US
星の旅路,Starlight Journey,en-US
별의 여정,Starlight Journey,en-US
记忆共鸣,Memory Resonance,en-US
記憶の共鳴,Memory Resonance,en-US
기억 공명,Memory Resonance,en-US
記憶共鳴,Memory Resonance,en-US
黯影同律,Umbral Harmony,en-US
宴の秘め事,Umbral Harmony,en-US
그림자의 공명,Umbral Harmony,en-US
幕后祝酒,A Toast Behind the Scenes,en-US
黒幕の祝杯,A Toast Behind the Scenes,en-US
무대 뒤 축배,A Toast Behind the Scenes,en-US
幕後祝酒,A Toast Behind the Scenes,en-US
开始「对话」,Start Conversation,en-US
星空のロマン,Start Conversation,en-US
「대화」 시작,Start Conversation,en-US
開始「對話」,Start Conversation,en-US
彼此理解,Mutual Understanding,en-US
一条の光,Mutual Understanding,en-US
서로의 이해,Mutual Understanding,en-US
幻想星穹,Sky of Fantasy,en-US
星空のおとぎ話,Sky of Fantasy,en-US
환상의 별하늘,Sky of Fantasy,en-US
建造蓝图,Construction Blueprint,en-US
天才の設計図,Construction Blueprint,en-US
제작 설계도,Construction Blueprint,en-US
建造藍圖,Construction Blueprint,en-US
喵神凯旋,Meowth's Triumph,en-US
ネコ神の凱旋,Meowth's Triumph,en-US
야옹신의 승리,Meowth's Triumph,en-US
喵神凱旋,Meowth's Triumph,en-US
黑暗庆典,Dark Ceremony,en-US
漆黒の式典,Dark Ceremony,en-US
암흑의 축제,Dark Ceremony,en-US
黑暗慶典,Dark Ceremony,en-US
发条华尔兹,Clockwork Waltz,en-US
ネジ巻きワルツ,Clockwork Waltz,en-US
태엽 인형의 왈츠,Clockwork Waltz,en-US
發條華爾滋,Clockwork Waltz,en-US
交响乐盒,Symphony Box,en-US
友情のメモリア,Symphony Box,en-US
교향곡 오르골,Symphony Box,en-US
交響樂盒,Symphony Box,en-US
碧海回音,Azure Echo,en-US
蒼海のプリズム,Azure Echo,en-US
푸른 바다의 메아리,Azure Echo,en-US
白沙映日,Sun-Kissed Sands,en-US
陽光照らす白浜,Sun-Kissed Sands,en-US
하얀 모래에 비친 햇빛,Sun-Kissed Sands,en-US
夏日私语,Summer Time Whispers,en-US
流水のささやき,Summer Time Whispers,en-US
여름의 귓속말,Summer Time Whispers,en-US
夏日私語,Summer Time Whispers,en-US
夏屿轻歌,Summer Isle Song,en-US
島のハミング,Summer Isle Song,en-US
가벼운 여름의 노래,Summer Isle Song,en-US
夏嶼輕歌,Summer Isle Song,en-US
踏浪而行,Wave Riding,en-US
ライドウェーブ,Wave Riding,en-US
파도를 따라,Wave Riding,en-US
独自远航,Solo Voyage,en-US
ヴォヤージュ,Solo Voyage,en-US
홀로 나선 먼 바다,Solo Voyage,en-US
獨自遠航,Solo Voyage,en-US
欢腾激浪,Joyful Wave,en-US
ライジングサージ,Joyful Wave,en-US
환희의 격랑,Joyful Wave,en-US
歡騰激浪,Joyful Wave,en-US
热情不减,Undying Passion,en-US
ホワイトキャップ,Undying Passion,en-US
식지 않는 열정,Undying Passion,en-US
熱情不減,Undying Passion,en-US
梦想之翼,Wings of Dream,en-US
夢の翼,Wings of Dream,en-US
꿈의 날개,Wings of Dream,en-US
夢想之翼,Wings of Dream,en-US
未来之声,Voice of the Future,en-US
未来への飛翔,Voice of the Future,en-US
미래의 소리,Voice of the Future,en-US
未來之聲,Voice of the Future,en-US
光辉道路,Path of Radiance,en-US
祝福の追い風,Path of Radiance,en-US
빛의 길,Path of Radiance,en-US
光輝道路,Path of Radiance,en-US
远大前途,Bright Prospects,en-US
輝かしい未来,Bright Prospects,en-US
원대한 앞길,Bright Prospects,en-US
遠大前程,Bright Prospects,en-US
共振鸣火,Pulsing Cinder,en-US
散火の舞,Pulsing Cinder,en-US
공진의 번쩍임,Pulsing Cinder,en-US
共振鳴火,Pulsing Cinder,en-US
优势火力,Dominant Firepower,en-US
超火力,Dominant Firepower,en-US
압도적인 화력,Dominant Firepower,en-US
優勢火力,Dominant Firepower,en-US
圣盾强护,Aegis Protection,en-US
聖盾の守護,Aegis Protection,en-US
신성 방패의 보호,Aegis Protection,en-US
聖盾強護,Aegis Protection,en-US
正义调停,Aegis Intervention,en-US
正義の調停,Aegis Intervention,en-US
정의의 중재,Aegis Intervention,en-US
正義調停,Aegis Intervention,en-US
凛霜道标,Frozen Path,en-US
氷の道標,Frozen Path,en-US
서리의 길잡이,Frozen Path,en-US
凜霜道標,Frozen Path,en-US
坚冰涌阵,Glacial Eruption,en-US
氷河の躍動,Glacial Eruption,en-US
얼음 요새 붕괴,Glacial Eruption,en-US
堅冰湧陣,Glacial Eruption,en-US
迅风闪,Sonic Slash,en-US
破岩斬,Sonic Slash,en-US
신풍섬,Sonic Slash,en-US
迅風閃,Sonic Slash,en-US
风闪破,Windflash Break,en-US
風閃破,Windflash Break,en-US
칼바람 섬광,Windflash Break,en-US
残影幻爆,Phantom Blast,en-US
かげおに,Phantom Blast,en-US
잔영의 폭발,Phantom Blast,en-US
殘影幻爆,Phantom Blast,en-US
耀星追猎,Starflare Pursuit,en-US
アバランチ・スラッシュ,Starflare Pursuit,en-US
성휘 사냥,Starflare Pursuit,en-US
耀星追獵,Starflare Pursuit,en-US
风云无常,Erratic Weather,en-US
風雲無常,Erratic Weather,en-US
변화무쌍,Erratic Weather,en-US
尘风之星,Dustwind Star,en-US
塵風の星,Dustwind Star,en-US
모랫바람의 별,Dustwind Star,en-US
塵風之星,Dustwind Star,en-US
冰锋舞,Freezing Swirl,en-US
氷鋒斧踏,Freezing Swirl,en-US
얼음 칼날의 춤,Freezing Swirl,en-US
冰鋒舞,Freezing Swirl,en-US
霜华绽,Frost Bloom,en-US
霜華乱咲,Frost Bloom,en-US
서리꽃 만개,Frost Bloom,en-US
霜華綻,Frost Bloom,en-US
浪潮,Rising Tide,en-US
フーリアマリス,Rising Tide,en-US
거센 파도,Rising Tide,en-US
飞花,Flying Blossoms,en-US
フロスアクア,Flying Blossoms,en-US
낙화,Flying Blossoms,en-US
飛花,Flying Blossoms,en-US
霖雨·追击,Rain Call: Volley Chase,en-US
パペットキャンペーン,Rain Call: Volley Chase,en-US
장마·추격,Rain Call: Volley Chase,en-US
霖雨·追擊,Rain Call: Volley Chase,en-US
绽蓝之夜,Azure Night,en-US
速達サービス,Azure Night,en-US
푸른 빛의 밤,Azure Night,en-US
綻藍之夜,Azure Night,en-US
爆星连打,Starbreaker Barrage,en-US
勝！爆星の連撃,Starbreaker Barrage,en-US
성운 콤보,Starbreaker Barrage,en-US
爆星連打,Starbreaker Barrage,en-US
浪扫尘星,Tidal Sweep,en-US
義！煌星の激流,Tidal Sweep,en-US
파도 속 별가루,Tidal Sweep,en-US
浪掃塵星,Tidal Sweep,en-US
疾风绽放,Blooming Draught,en-US
烈華の風刃,Blooming Draught,en-US
질풍의 만개,Blooming Draught,en-US
疾風綻放,Blooming Draught,en-US
落英缤纷,Bouquet Blast,en-US
散華の夢,Bouquet Blast,en-US
꽃잎의 춤사위,Bouquet Blast,en-US
落英繽紛,Bouquet Blast,en-US
炎能灌注,Ignis Infusion,en-US
フレイムアッパー,Ignis Infusion,en-US
불꽃 주입,Ignis Infusion,en-US
疾步冲拳,Eruption Punch,en-US
ストレートフレア,Eruption Punch,en-US
질주의 펀치,Eruption Punch,en-US
疾步衝拳,Eruption Punch,en-US
兔子派重速切换,Rabbit Pie Tempo Switch,en-US
ラボラビチェンジ,Rabbit Pie Tempo Switch,en-US
라보라비 모드 전환,Rabbit Pie Tempo Switch,en-US
兔子派重速切換,Rabbit Pie Tempo Switch,en-US
兔兔追踪炮,Homing Bunny Volley,en-US
サポラビジャベリン,Homing Bunny Volley,en-US
토끼 추적포,Homing Bunny Volley,en-US
兔兔追蹤砲,Homing Bunny Volley,en-US
风车连舞,Whirling Onslaught,en-US
ウィンドミル,Whirling Onslaught,en-US
풍차의 춤,Whirling Onslaught,en-US
風車連舞,Whirling Onslaught,en-US
风车蹦极,Rolling Bungee,en-US
ラッシュブレード,Rolling Bungee,en-US
풍차 역격,Rolling Bungee,en-US
風車彈跳,Rolling Bungee,en-US
瞬瀑,Water Surge,en-US
連段滝,Water Surge,en-US
순폭,Water Surge,en-US
泷闪,Torrent Flash,en-US
流閃,Torrent Flash,en-US
여울빛,Torrent Flash,en-US
瀧閃,Torrent Flash,en-US
即刻处刑,Immediate Execution,en-US
執行：断頭の円匙,Immediate Execution,en-US
즉시 처형,Immediate Execution,en-US
即刻處刑,Immediate Execution,en-US
棘罪地狱,Thorned Inferno,en-US
磔刑：緋色の鎖,Thorned Inferno,en-US
가시 지옥,Thorned Inferno,en-US
棘罪地獄,Thorned Inferno,en-US
雷域滞空,Aerial Suspension,en-US
あたしの庭,Aerial Suspension,en-US
번개 영역 부유,Aerial Suspension,en-US
雷域滯空,Aerial Suspension,en-US
电链镭射,Arc Chain Laser,en-US
ライトエギング,Arc Chain Laser,en-US
전격 사슬,Arc Chain Laser,en-US
電鏈雷射,Arc Chain Laser,en-US
圣汐狂潮,Divine Deluge,en-US
レーザーウェイヴ,Divine Deluge,en-US
성스러운 격류,Divine Deluge,en-US
聖汐狂潮,Divine Deluge,en-US
碧波轮奏,Surfing Rondo,en-US
ナミノリラビッツ,Surfing Rondo,en-US
푸른 물결의 론도,Surfing Rondo,en-US
碧波輪奏,Surfing Rondo,en-US
一击全倒,Clean Sweep,en-US
幸運のたまご,Clean Sweep,en-US
원샷 올킬,Clean Sweep,en-US
一擊全倒,Clean Sweep,en-US
布偶冲锋,Plushie Charge,en-US
ぬいぐるみ突撃,Plushie Charge,en-US
인형의 돌격,Plushie Charge,en-US
布偶衝鋒,Plushie Charge,en-US
水花飞溅,Flying Droplets,en-US
飛び散る水しぶき,Flying Droplets,en-US
비산하는 물꽃,Flying Droplets,en-US
水花飛濺,Flying Droplets,en-US
音波泡沫,Sonic Bubble,en-US
ソニックバブル,Sonic Bubble,en-US
음파 물거품,Sonic Bubble,en-US
痛击血仇,Grudge Revenge,en-US
リベンジショット,Grudge Revenge,en-US
피의 복수,Grudge Revenge,en-US
痛擊血仇,Grudge Revenge,en-US
鼠鼠投掷,Shrew Toss,en-US
マウススロー,Shrew Toss,en-US
찍찍 투척,Shrew Toss,en-US
鼠鼠投擲,Shrew Toss,en-US
啃咬法术,Biting Hex,en-US
バイトスペル,Biting Hex,en-US
물어뜯기 주문,Biting Hex,en-US
啃咬法術,Biting Hex,en-US
鼠鼠盟约,Shrew Pact,en-US
マウスコベナント,Shrew Pact,en-US
찍찍 맹약,Shrew Pact,en-US
鼠鼠盟約,Shrew Pact,en-US
猪突猛进,Boar Rush,en-US
猪突猛進,Boar Rush,en-US
저돌적인 맹진,Boar Rush,en-US
勇往直前,Boar Rush,en-US
猛进之牙,Charging Fang,en-US
ラッシュファング,Charging Fang,en-US
돌진하는 이빨,Charging Fang,en-US
猛進之牙,Charging Fang,en-US
狂风席卷,Sweeping Storm,en-US
ストームスイープ,Sweeping Storm,en-US
광풍의 석권,Sweeping Storm,en-US
狂風席捲,Sweeping Storm,en-US
青岚加护,Verdant Aegis,en-US
青嵐の加護,Verdant Aegis,en-US
푸른 바람의 가호,Verdant Aegis,en-US
青嵐加護,Verdant Aegis,en-US
嘭嘭弹,Bam Bam Bomb,en-US
ポンポンバレット,Bam Bam Bomb,en-US
펑펑탄,Bam Bam Bomb,en-US
砰砰彈,Bam Bam Bomb,en-US
嘭嘭疗愈,Bam Bam Cure,en-US
ポンポンヒール,Bam Bam Cure,en-US
펑펑 요법,Bam Bam Cure,en-US
砰砰療癒,Bam Bam Cure,en-US
猫之馈赠,Feline Gift,en-US
キャットギフト,Feline Gift,en-US
고양이의 선물,Feline Gift,en-US
貓之饋贈,Feline Gift,en-US
猫之振奋,Feline Inspiration,en-US
キャットレイズ,Feline Inspiration,en-US
고양이의 격려,Feline Inspiration,en-US
貓之振奮,Feline Inspiration,en-US
跳扑,Pounce,en-US
リープアタック,Pounce,en-US
급습,Pounce,en-US
跳撲,Pounce,en-US
狼嚎,Wolf Howl,en-US
ウルフハウル,Wolf Howl,en-US
야수의 포효,Wolf Howl,en-US
阳春本垒打,Solo Home Run,en-US
ソロホームラン,Solo Home Run,en-US
장외 홈런,Solo Home Run,en-US
陽春全壘打,Solo Home Run,en-US
代打本垒打,Pinch-hit Homer,en-US
代打ホームラン,Pinch-hit Homer,en-US
대타 홈런,Pinch-hit Homer,en-US
代打全壘打,Pinch-hit Homer,en-US
投石,Stone Toss,en-US
ストーンスロー,Stone Toss,en-US
투석,Stone Toss,en-US
抛弹,Bomb Toss,en-US
ボムスロー,Bomb Toss,en-US
총알 투척,Bomb Toss,en-US
拋彈,Bomb Toss,en-US
疾风横扫,Cyclone Kick,en-US
ウィンドスウィープ,Cyclone Kick,en-US
질풍의 휩쓸기,Cyclone Kick,en-US
疾風橫掃,Cyclone Kick,en-US
裂地飞沙,Sandblast Slam,en-US
アースクエイク,Sandblast Slam,en-US
대지 파괴,Sandblast Slam,en-US
裂地飛沙,Sandblast Slam,en-US
火箭来袭,Rocket Launch,en-US
ロケットストライク,Rocket Launch,en-US
로켓의 습격,Rocket Launch,en-US
火箭來襲,Rocket Launch,en-US
环爆援护,Explosive Cover,en-US
サラウンドバースト,Explosive Cover,en-US
고리 폭발 지원,Explosive Cover,en-US
環爆援護,Explosive Cover,en-US
抖擞精神,Pump Up,en-US
スピリットアップ,Pump Up,en-US
정신 번쩍,Pump Up,en-US
抖擻精神,Pump Up,en-US
连续爪击,Rending Combo,en-US
連続ひっかき,Rending Combo,en-US
연속 할퀴기,Rending Combo,en-US
連續爪擊,Rending Combo,en-US
剑盾猛攻,Vanguard Strike,en-US
シールドコンボ,Vanguard Strike,en-US
검과 방패의 맹공,Vanguard Strike,en-US
劍盾猛攻,Vanguard Strike,en-US
持盾暴冲,Shield Charge,en-US
シールドチャージ,Shield Charge,en-US
돌격 방패 치기,Shield Charge,en-US
持盾爆衝,Shield Charge,en-US
圣盾庇护,Divine Ward,en-US
ホーリーシールド,Divine Ward,en-US
신성 방패의 가호,Divine Ward,en-US
聖盾庇護,Divine Ward,en-US
裁决重斧,Final Judgment,en-US
ジャッジアクス,Final Judgment,en-US
단죄의 거대 도끼,Final Judgment,en-US
裁決重斧,Final Judgment,en-US
肃清行动,Wipeout,en-US
パージ,Wipeout,en-US
숙청 작전,Wipeout,en-US
肅清行動,Wipeout,en-US
审判之箭,Justice Bolt,en-US
審判の矢,Justice Bolt,en-US
심판의 화살,Justice Bolt,en-US
審判之箭,Justice Bolt,en-US
凯旋驰步,Triumphant Charge,en-US
トライアンフ,Triumphant Charge,en-US
승리의 행진,Triumphant Charge,en-US
凱旋馳步,Triumphant Charge,en-US
祝福祷言,Inspiring Word,en-US
ブレッシングプ,Inspiring Word,en-US
축복의 기도,Inspiring Word,en-US
祝福禱言,Inspiring Word,en-US
万箭齐发,Arrow Volley,en-US
マルチアロー,Arrow Volley,en-US
일제 발사,Arrow Volley,en-US
萬箭齊發,Arrow Volley,en-US
破城重弩,Fortress Ballista,en-US
バリスタショット,Fortress Ballista,en-US
공성 중노,Fortress Ballista,en-US
普攻,Auto Attack,en-US
通常攻撃,Auto Attack,en-US
일반 공격,Auto Attack,en-US
闪避,Evasion,en-US
回避,Evasion,en-US
회피,Evasion,en-US
閃避,Evasion,en-US
技能1,Skill 1,en-US
スキル1,Skill 1,en-US
스킬1,Skill 1,en-US
技能2,Skill 2,en-US
スキル2,Skill 2,en-US
스킬2,Skill 2,en-US
大招,Ultimate,en-US
必殺技,Ultimate,en-US
필살기,Ultimate,en-US
絕招,Ultimate,en-US
二重奏,Duet,en-US
デュアルファイア,Duet,en-US
2중주,Duet,en-US
烟火摇滚,Fireworks Jam,en-US
アークブラスト,Fireworks Jam,en-US
로큰롤 불꽃,Fireworks Jam,en-US
煙火搖滾,Fireworks Jam,en-US
枪弹圆舞,Bullet Waltz,en-US
ファイアロンド,Bullet Waltz,en-US
탄환원무,Bullet Waltz,en-US
槍彈圓舞,Bullet Waltz,en-US
究极火花,Spark of Finality,en-US
アルティメットバーン,Spark of Finality,en-US
궁극의 불꽃,Spark of Finality,en-US
究極火花,Spark of Finality,en-US
抬枪,Guns Up,en-US
かかげる銃,Guns Up,en-US
견착,Guns Up,en-US
抬槍,Guns Up,en-US
普通攻击,Attack,en-US
通常攻撃,Attack,en-US
일반 공격,Attack,en-US
普通攻擊,Attack,en-US
急冻方块,Cryo Cubes,en-US
*****,Cryo Cubes,en-US
얼음 블록,Cryo Cubes,en-US
急凍方塊,Cryo Cubes,en-US
冰暴演绎,Tempest Concert,en-US
*****,Tempest Concert,en-US
빙폭 연기,Tempest Concert,en-US
冰暴演繹,Tempest Concert,en-US
冲锋斩第一击,Charging Slash 1st Hit,en-US
*****,Charging Slash 1st Hit,en-US
돌진참 제1격,Charging Slash 1st Hit,en-US
衝鋒斬第一擊,Charging Slash 1st Hit,en-US
冲锋斩第二击,Charging Slash 2nd Hit,en-US
*****,Charging Slash 2nd Hit,en-US
돌진참 제2격,Charging Slash 2nd Hit,en-US
衝鋒斬第二擊,Charging Slash 2nd Hit,en-US
冲锋斩第三击,Charging Slash 3rd Hit,en-US
*****,Charging Slash 3rd Hit,en-US
돌진참 제3격,Charging Slash 3rd Hit,en-US
衝鋒斬第三擊,Charging Slash 3rd Hit,en-US
震地,Earth Slam,en-US
*****,Earth Slam,en-US
지진,Earth Slam,en-US
震地第二击,Earth Slam 2nd Hit,en-US
*****,Earth Slam 2nd Hit,en-US
지진 제2격,Earth Slam 2nd Hit,en-US
震地第二擊,Earth Slam 2nd Hit,en-US
夏洛克时间,Sherlock Time,en-US
シャロタイム,Sherlock Time,en-US
샤로 시간,Sherlock Time,en-US
夏洛克時間,Sherlock Time,en-US
后补夏洛克,Backup Sherlock,en-US
バックアップシャロ,Backup Sherlock,en-US
보조 샤로,Backup Sherlock,en-US
候補夏洛克,Backup Sherlock,en-US
卫队近战式,Guard Style: Melee,en-US
護衛隊近接戦闘術,Guard Style: Melee,en-US
호위대 근접전형,Guard Style: Melee,en-US
衛隊近戰式,Guard Style: Melee,en-US
光荣制裁,Glorious Smite,en-US
栄光の審判,Glorious Smite,en-US
영광의 제재,Glorious Smite,en-US
光榮制裁,Glorious Smite,en-US
冲锋,Charge,en-US
猛進,Charge,en-US
돌진,Charge,en-US
衝鋒,Charge,en-US
魔除烬,Purging Flames,en-US
バレットレイン,Purging Flames,en-US
마도 소멸탄,Purging Flames,en-US
魔除燼,Purging Flames,en-US
破魔之霰,Banishing Barrage,en-US
フレイムショット,Banishing Barrage,en-US
파멸의 산탄,Banishing Barrage,en-US
外科手术,Precision Strike,en-US
ヘルバースト,Precision Strike,en-US
외과 수술,Precision Strike,en-US
外科手術,Precision Strike,en-US
横扫万魔,Sweeping Blast,en-US
バレットマイスター,Sweeping Blast,en-US
마물 무리 소탕,Sweeping Blast,en-US
橫掃萬魔,Sweeping Blast,en-US
闪避后冲锋,Dodge and Charge,en-US
回避後に突撃,Dodge and Charge,en-US
회피 후 돌진,Dodge and Charge,en-US
閃避後衝鋒,Dodge and Charge,en-US
猫之疗愈,Feline Healing,en-US
猫の癒やし,Feline Healing,en-US
고양이의 치유,Feline Healing,en-US
貓之療癒,Feline Healing,en-US
猫之加护,Feline Protection,en-US
猫の加護,Feline Protection,en-US
고양이의 가호,Feline Protection,en-US
貓之加護,Feline Protection,en-US
愤怒攻鸡,Furious Drone,en-US
アングリーチキン,Furious Drone,en-US
분노의 싸움닭,Furious Drone,en-US
憤怒攻雞,Furious Drone,en-US
无畏攻鸡,Fearless Drone,en-US
決死の突撃,Fearless Drone,en-US
용감한 싸움닭,Fearless Drone,en-US
無畏攻雞,Fearless Drone,en-US
独步群芳,Blooming Shadows,en-US
一輪の華,Blooming Shadows,en-US
화려한 자태,Blooming Shadows,en-US
獨步群芳,Blooming Shadows,en-US
闪避,Dodge,en-US
回避,Dodge,en-US
회피,Dodge,en-US
閃避,Dodge,en-US
淑影漫舞,Elegant Parade,en-US
淑影の舞,Elegant Parade,en-US
우아한 그림자의 춤,Elegant Parade,en-US
冲刺,Sprint,en-US
ダッシュ,Sprint,en-US
스퍼트,Sprint,en-US
衝刺,Sprint,en-US
横扫三连击,3-Sweep Combo,en-US
*****,3-Sweep Combo,en-US
가로 쓸기 3연격,3-Sweep Combo,en-US
橫掃三連擊,3-Sweep Combo,en-US
通用出生,Generic Spawn,en-US
*****,Generic Spawn,en-US
공용 출생,Generic Spawn,en-US
通用死亡,Generic Death,en-US
*****,Generic Death,en-US
공용 사망,Generic Death,en-US
权倾朝夜,Reign of Night,en-US
統べる権威,Reign of Night,en-US
절대 권력의 시간,Reign of Night,en-US
權傾朝夜,Reign of Night,en-US
*****,Sprint,en-US
亲临指点,Personal Tuition,en-US
偉大なる導き,Personal Tuition,en-US
친히 내린 가르침,Personal Tuition,en-US
親臨指點,Personal Tuition,en-US
疾跑,Dash,en-US
*****,Dash,en-US
빠른 발놀림,Dash,en-US
流数法,Method of Fluxions,en-US
氷塊の嵐,Method of Fluxions,en-US
유수법,Method of Fluxions,en-US
流數法,Method of Fluxions,en-US
书包砸击,Bag Swing,en-US
カバンアタック,Bag Swing,en-US
책가방 어택,Bag Swing,en-US
書包砸擊,Bag Swing,en-US
近战,Melee,en-US
近接戦,Melee,en-US
근접전,Melee,en-US
近戰,Melee,en-US
霜幕之墙,Wall of Frost,en-US
霜幕の壁,Wall of Frost,en-US
서리의 벽,Wall of Frost,en-US
霜幕之牆,Wall of Frost,en-US
霜华,Frostflare,en-US
霜華,Frostflare,en-US
서리꽃,Frostflare,en-US
坚冰涌动,Iceberg Surge,en-US
氷河の躍動,Iceberg Surge,en-US
얼음의 격류,Iceberg Surge,en-US
堅冰湧動,Iceberg Surge,en-US
极地涡旋,Arctic Vortex,en-US
極渦展開,Arctic Vortex,en-US
극지 소용돌이,Arctic Vortex,en-US
極地漩渦,Arctic Vortex,en-US
入场,Entry,en-US
入場,Entry,en-US
입장,Entry,en-US
疾走,Dash,en-US
无名剑术,Nameless Style,en-US
無名の剣術,Nameless Style,en-US
무명 검술,Nameless Style,en-US
無名劍術,Nameless Style,en-US
基础闪避逻辑,Basic Dodge Logic,en-US
【No Need】,Basic Dodge Logic,en-US
기본 회피 로직,Basic Dodge Logic,en-US
基礎閃避邏輯,Basic Dodge Logic,en-US
高速连续挥剑快速攻击。主控技可触发，生成「气旋」,Unleashes a flurry of sword strikes. The Main Skill can trigger and generate a Cyclone.,en-US
高速で剣を振り回し、素早く攻撃する。 主力スキルはを発動させることができ、発動させると、旋風を発生させる。,Unleashes a flurry of sword strikes. The Main Skill can trigger and generate a Cyclone.,en-US
"빠르게 검을 연속으로 휘둘러 공격한다. 메인 스킬이 을 발동할 수 있고, 「선풍」을 생성한다.",Unleashes a flurry of sword strikes. The Main Skill can trigger and generate a Cyclone.,en-US
高速連續揮劍快速攻擊。主控技可觸發，生成「氣旋」。,Unleashes a flurry of sword strikes. The Main Skill can trigger and generate a Cyclone.,en-US
迅风闪二段,Sonic Slash 2nd Hit,en-US
破岩斬2段,Sonic Slash 2nd Hit,en-US
신풍섬 2단,Sonic Slash 2nd Hit,en-US
迅風閃二段,Sonic Slash 2nd Hit,en-US
隐藏技能无描述,"Hidden Skill, no description",en-US
【No Need】,"Hidden Skill, no description",en-US
숨김 스킬 설명 없음,"Hidden Skill, no description",en-US
隱藏技能無描述,"Hidden Skill, no description",en-US
驰风击,Gale Storm,en-US
裂風撃,Gale Storm,en-US
질풍격,Gale Storm,en-US
馳風擊,Gale Storm,en-US
疾跑过渡,Dash Transition,en-US
疾走移行,Dash Transition,en-US
스프린트 전환,Dash Transition,en-US
疾跑過渡,Dash Transition,en-US
裂空断破斩,Skyshatter Rend,en-US
空間裂斬,Skyshatter Rend,en-US
열공단파참,Skyshatter Rend,en-US
裂空斷破斬,Skyshatter Rend,en-US
基础跑步逻辑,Basic Running Logic,en-US
【No Need】,Basic Running Logic,en-US
기본 달리기 로직,Basic Running Logic,en-US
基礎跑步邏輯,Basic Running Logic,en-US
寒雨决,Chilling Drizzle,en-US
寒流連波,Chilling Drizzle,en-US
한우결,Chilling Drizzle,en-US
寒雨決,Chilling Drizzle,en-US
转云推波,Rising Tides,en-US
白浪大渦,Rising Tides,en-US
구름과 파도의 흐름,Rising Tides,en-US
轉雲推波,Rising Tides,en-US
无,None,en-US
なし,None,en-US
없음,None,en-US
無,None,en-US
仗剑登瀑,Aqua Aide,en-US
登竜剣戟,Aqua Aide,en-US
폭포 등반,Aqua Aide,en-US
仗劍登瀑,Aqua Aide,en-US
御水诀,Flood Mantra,en-US
激流旋斬,Flood Mantra,en-US
어수결,Flood Mantra,en-US
御水訣,Flood Mantra,en-US
全自动扳机,Full-Auto Trigger,en-US
オートトリガー,Full-Auto Trigger,en-US
전자동 방아쇠,Full-Auto Trigger,en-US
全自動扳機,Full-Auto Trigger,en-US
狙击作战,Sniper Operation,en-US
パイロディザスター,Sniper Operation,en-US
저격 작전,Sniper Operation,en-US
狙擊作戰,Sniper Operation,en-US
快速突击,Blitz Assault,en-US
ファントムロール,Blitz Assault,en-US
빠른 돌격,Blitz Assault,en-US
快速突擊,Blitz Assault,en-US
暗黑魔眼,Dark Evil Eye,en-US
魔眼解放,Dark Evil Eye,en-US
암흑의 마안,Dark Evil Eye,en-US
銃を構える,Guns Up,en-US
回避後ダッシュ,Dodge and Charge,en-US
流星飞矢,Meteor Arrow,en-US
アバランチあそび,Meteor Arrow,en-US
유성의 화살,Meteor Arrow,en-US
流星飛矢,Meteor Arrow,en-US
炽星轮射,Star Barrage,en-US
アバランチ・バースト,Star Barrage,en-US
별빛의 포화,Star Barrage,en-US
熾星輪射,Star Barrage,en-US
天星奔流,Stellar Torrent,en-US
アバランチ・デストロイ,Stellar Torrent,en-US
몰아치는 별빛,Stellar Torrent,en-US
种子喷射者_出生,Seed Shooter: Birth,en-US
シードシューター・生成,Seed Shooter: Birth,en-US
시드 슈터_출생,Seed Shooter: Birth,en-US
種子噴射者_出生,Seed Shooter: Birth,en-US
种子喷射者_死亡,Seed Shooter: Death,en-US
シードシューター・死亡,Seed Shooter: Death,en-US
시드 슈터_사망,Seed Shooter: Death,en-US
種子噴射者_死亡,Seed Shooter: Death,en-US
种子喷射者_攻击,Seed Shooter: Attack,en-US
シードシューター・攻撃,Seed Shooter: Attack,en-US
시드 슈터_공격,Seed Shooter: Attack,en-US
種子噴射者_攻擊,Seed Shooter: Attack,en-US
萌芽炮弹,Sprout Bomb,en-US
種蒔きバンバン！,Sprout Bomb,en-US
새싹 포탄,Sprout Bomb,en-US
萌芽炮彈,Sprout Bomb,en-US
麦豆回旋,Bean Cyclone,en-US
種蒔き乱舞！,Bean Cyclone,en-US
콩알 회오리,Bean Cyclone,en-US
麥豆迴旋,Bean Cyclone,en-US
百花齐放,Floral Storm,en-US
種蒔きシャワー！,Floral Storm,en-US
꽃들의 전쟁,Floral Storm,en-US
百花齊放,Floral Storm,en-US
丰收狂想曲,Harvest Rhapsody,en-US
食べものは渡さない！,Harvest Rhapsody,en-US
풍작의 랩소디,Harvest Rhapsody,en-US
豐收狂想曲,Harvest Rhapsody,en-US
雷惊电绕,Thunder Palm,en-US
閃光連撃,Thunder Palm,en-US
번개의 경고,Thunder Palm,en-US
雷驚電繞,Thunder Palm,en-US
轰雷掣电,Thunder Strike,en-US
轟雷一閃,Thunder Strike,en-US
번개 폭격,Thunder Strike,en-US
轟雷掣電,Thunder Strike,en-US
鸣雷云闪,Static Discharge,en-US
雷鳴招福,Static Discharge,en-US
구름 뒤 섬광,Static Discharge,en-US
鳴雷雲閃,Static Discharge,en-US
麟啸咤九天,Roar of the Qilin,en-US
麒麟招来,Roar of the Qilin,en-US
기린의 포효,Roar of the Qilin,en-US
麟嘯吒九天,Roar of the Qilin,en-US
夜刃挥斩,Midnight Cleave,en-US
ナハトリーパー,Midnight Cleave,en-US
밤의 칼날,Midnight Cleave,en-US
夜刃輝斬,Midnight Cleave,en-US
黯影交错,Sleight of Scythe,en-US
クロイツシャドウ,Sleight of Scythe,en-US
그림자의 교차,Sleight of Scythe,en-US
黯影交錯,Sleight of Scythe,en-US
骨牢禁锢,Bone Chain,en-US
クノッヘンプリズン,Bone Chain,en-US
뼈 감옥,Bone Chain,en-US
骨牢禁錮,Bone Chain,en-US
寂灭收割,Void Reaper,en-US
アインザムエルンテ,Void Reaper,en-US
적멸의 수확,Void Reaper,en-US
寂滅收割,Void Reaper,en-US
花漫落,Flowers Scatter,en-US
日輪草・乱裂,Flowers Scatter,en-US
흩날리는 꽃비,Flowers Scatter,en-US
花风舞,Flowers Dance,en-US
日輪草・風舞,Flowers Dance,en-US
꽃바람의 춤,Flowers Dance,en-US
花風舞,Flowers Dance,en-US
花未凋,Flowers Bloom,en-US
日輪草・花盛,Flowers Bloom,en-US
시들지 않은 꽃,Flowers Bloom,en-US
花镜月,Flowers Thrice,en-US
日輪草・鏡月,Flowers Thrice,en-US
화경월,Flowers Thrice,en-US
花鏡月,Flowers Thrice,en-US
产生分身协助战斗。分身可触发，产生「绽放」,Generates clones that attack enemies. The clones can trigger and create a Blossom.,en-US
分身を召喚して一緒に戦う。分身はを発動させることができ、発動させると、満開を発生させる。,Generates clones that attack enemies. The clones can trigger and create a Blossom.,en-US
"분신이 생성되어 전투를 돕는다. 분신이 을 발동할 수 있고, 「만개」를 생성한다.",Generates clones that attack enemies. The clones can trigger and create a Blossom.,en-US
產生分身協助戰鬥。分身可觸發，產生「綻放」。,Generates clones that attack enemies. The clones can trigger and create a Blossom.,en-US
普攻飞镖一套,Auto Attack Darts,en-US
【No Need】,Auto Attack Darts,en-US
일반 공격 표창 1세트,Auto Attack Darts,en-US
普攻飛鏢一組,Auto Attack Darts,en-US
怪物技能无需描述,"Monster Skill, no description",en-US
【No Need】,"Monster Skill, no description",en-US
몬스터 스킬 설명 불필요,"Monster Skill, no description",en-US
怪物技能無需描述,"Monster Skill, no description",en-US
不弹射向日葵飞镖,Sunflower shuriken with no bounce,en-US
【No Need】,Sunflower shuriken with no bounce,en-US
튕기지 않는 해바라기 표창,Sunflower shuriken with no bounce,en-US
不彈射向日葵飛鏢,Sunflower shuriken with no bounce,en-US
飞镖直线齐射,Darts straight line volley,en-US
【No Need】,Darts straight line volley,en-US
직선 표창 투척,Darts straight line volley,en-US
飛鏢直線齊射,Darts straight line volley,en-US
范围刀扇,Area Fan-blades,en-US
【No Need】,Area Fan-blades,en-US
범위 칼날 부채,Area Fan-blades,en-US
範圍刀扇,Area Fan-blades,en-US
出生表演,Spawn Scene,en-US
【No Need】,Spawn Scene,en-US
출생 연출,Spawn Scene,en-US
死亡表演,Death Scene,en-US
【No Need】,Death Scene,en-US
사망 연출,Death Scene,en-US
朔风连弹,Gush Shots,en-US
エアショット,Gush Shots,en-US
삭풍연탄,Gush Shots,en-US
朔風連彈,Gush Shots,en-US
翠星环行,Verdant Shroud,en-US
ラウンドローレル,Verdant Shroud,en-US
별의 순환,Verdant Shroud,en-US
翠星環行,Verdant Shroud,en-US
尘风伴星,Laurel Halo,en-US
ウィンドフラワー,Laurel Halo,en-US
바람 옆의 별,Laurel Halo,en-US
塵風伴星,Laurel Halo,en-US
星环风暴,Double Tempest,en-US
ゲイルヴォーテクス,Double Tempest,en-US
성환 폭풍,Double Tempest,en-US
星環風暴,Double Tempest,en-US
基本のランニング論理,Basic Running Logic,en-US
伶牙俐齿,Fierce Bite,en-US
がりがりこうげき,Fierce Bite,en-US
화려한 입담,Fierce Bite,en-US
伶牙俐齒,Fierce Bite,en-US
嘭嘭飞弹,Puffloon Spits,en-US
ばんばんばくだん,Puffloon Spits,en-US
펑펑 비탄,Puffloon Spits,en-US
嘭嘭飛彈,Puffloon Spits,en-US
普攻飞弹,Auto Attack Projectile,en-US
【No Need】,Auto Attack Projectile,en-US
일반 공격 투사체,Auto Attack Projectile,en-US
普攻飛彈,Auto Attack Projectile,en-US
驻足逆风,Wind Barrier,en-US
かぜのあしどめ,Wind Barrier,en-US
역풍의 주둔,Wind Barrier,en-US
駐足逆風,Wind Barrier,en-US
原野之唤,Call of the Wild,en-US
やせいのこえ,Call of the Wild,en-US
들판의 부름,Call of the Wild,en-US
原野之喚,Call of the Wild,en-US
理性裁剪,Power of Reason,en-US
激情戦斧,Power of Reason,en-US
이성 재단,Power of Reason,en-US
凌花挽歌,Elegy of Frost,en-US
氷雪挽歌,Elegy of Frost,en-US
시린 꽃의 만가,Elegy of Frost,en-US
凌花輓歌,Elegy of Frost,en-US
三幕式,Three-Act Show,en-US
テルツェット,Three-Act Show,en-US
3막 구조,Three-Act Show,en-US
登台暖场,Hat Toss,en-US
オーベルトゥーラ,Hat Toss,en-US
무대의 열기,Hat Toss,en-US
登台暖場,Hat Toss,en-US
伴舞焰蝶,Flutter Flare,en-US
フィアンバレー,Flutter Flare,en-US
춤추는 불꽃의 나비,Flutter Flare,en-US
天火涅槃,Undying Phoenix,en-US
フィニーチェアヴェント,Undying Phoenix,en-US
천화 열반,Undying Phoenix,en-US
横斩式,Sweep Slash,en-US
スライスラッシュ,Sweep Slash,en-US
횡참식,Sweep Slash,en-US
橫斬式,Sweep Slash,en-US
飞花潺流,Limpid Stream,en-US
フロスアクア,Limpid Stream,en-US
꽃잎과 물결,Limpid Stream,en-US
飛花潺流,Limpid Stream,en-US
浪潮绝涌,Billowing Tide,en-US
フーリアマリス,Billowing Tide,en-US
파도의 절정,Billowing Tide,en-US
浪潮絕湧,Billowing Tide,en-US
零距凝解斩,Slicing Riptide,en-US
ディバイドスプラッシュ,Slicing Riptide,en-US
밀착 응결 참격,Slicing Riptide,en-US
零距凝解斬,Slicing Riptide,en-US
定位贯穿,Piercing Shot,en-US
アイシクルデリバリー,Piercing Shot,en-US
고정 관통,Piercing Shot,en-US
定位貫穿,Piercing Shot,en-US
*****,Dodge,en-US
霖雨追击,Rain Call: Volley Chase,en-US
장마의 추격,Rain Call: Volley Chase,en-US
霖雨追擊,Rain Call: Volley Chase,en-US
穿海连潮,Tide Threader,en-US
スプラッシュシュート,Tide Threader,en-US
바다를 잇는 물결,Tide Threader,en-US
穿海連潮,Tide Threader,en-US
银丝倾泻,Argent Cascade,en-US
トーミナスペシャル,Argent Cascade,en-US
은빛의 폭포,Argent Cascade,en-US
銀絲傾瀉,Argent Cascade,en-US
连打带闪,Bat and Skate,en-US
閃光乱舞,Bat and Skate,en-US
연타와 회피,Bat and Skate,en-US
連打帶閃,Bat and Skate,en-US
胜！爆星连打,Syou: Pulsar Streak,en-US
勝！爆星の連撃,Syou: Pulsar Streak,en-US
승! 폭발하는 별의 연타,Syou: Pulsar Streak,en-US
勝！爆星連打,Syou: Pulsar Streak,en-US
碎星冲击,Star Smash,en-US
星砕きの衝撃,Star Smash,en-US
쇄성의 충격,Star Smash,en-US
碎星衝擊,Star Smash,en-US
流星连打,Meteor Pummel,en-US
流星の連撃,Meteor Pummel,en-US
유성의 연타,Meteor Pummel,en-US
流星連打,Meteor Pummel,en-US
义！浪扫尘星,Gi: Supernova Burst,en-US
義！煌星の激流,Gi: Supernova Burst,en-US
의! 파도 속 별가루,Gi: Supernova Burst,en-US
義！浪掃塵星,Gi: Supernova Burst,en-US
决！叱咤星天,Ketsu: Entropic Convergence,en-US
決！星天への叱咤,Ketsu: Entropic Convergence,en-US
결! 별하늘에 반기를,Ketsu: Entropic Convergence,en-US
決！叱吒星天,Ketsu: Entropic Convergence,en-US
爆裂风弹,Wind Pellets,en-US
青嵐の息吹,Wind Pellets,en-US
폭발하는 바람탄,Wind Pellets,en-US
爆裂風彈,Wind Pellets,en-US
*****,Basic Dodge Logic,en-US
芳香龙卷,Aromatic Tempest,en-US
天つ花風,Aromatic Tempest,en-US
향기의 토네이도,Aromatic Tempest,en-US
芳香龍捲,Aromatic Tempest,en-US
*****,Basic Running Logic,en-US
拳打脚踢,Blitz Combo,en-US
マーシャルヒーツ,Blitz Combo,en-US
맹렬한 타격,Blitz Combo,en-US
拳打腳踢,Blitz Combo,en-US
封印解除,Blaze Unsealed,en-US
バーニングナックル,Blaze Unsealed,en-US
봉인 해제,Blaze Unsealed,en-US
彗星连扫,Comet Sweep,en-US
流星のように★,Comet Sweep,en-US
혜성의 소탕,Comet Sweep,en-US
彗星連掃,Comet Sweep,en-US
诡影重重,Pumpka Pummel,en-US
代わりによろしく★,Pumpka Pummel,en-US
기이한 그림자,Pumpka Pummel,en-US
詭影幢幢,Pumpka Pummel,en-US
挥手,Swipe,en-US
【No Need】,Swipe,en-US
손짓,Swipe,en-US
揮手,Swipe,en-US
头撞,Headbutt,en-US
【No Need】,Headbutt,en-US
박치기,Headbutt,en-US
頭錘,Headbutt,en-US
旋风斩,Whirlwind Slash,en-US
【No Need】,Whirlwind Slash,en-US
선풍참,Whirlwind Slash,en-US
旋風斬,Whirlwind Slash,en-US
自爆,Self-Destruct,en-US
【No Need】,Self-Destruct,en-US
자폭,Self-Destruct,en-US
怪奇门扉,Summoning Circle,en-US
真実はすぐそこに★,Summoning Circle,en-US
기괴한 관문,Summoning Circle,en-US
怪奇門扉,Summoning Circle,en-US
绘出法阵，持续召唤会自爆的。自爆可附加,"Draws a magic circle on the ground, summoning self-exploding . Their explosion can inflict .",en-US
方陣を描き、自爆するを召喚し続ける。自爆はを付与できる。,"Draws a magic circle on the ground, summoning self-exploding . Their explosion can inflict .",en-US
마법진을 그려 자폭하는 을 지속적으로 소환한다. 자폭 시 을 부여할 수 있다.,"Draws a magic circle on the ground, summoning self-exploding . Their explosion can inflict .",en-US
繪出法陣，持續召喚會自爆的。自爆可附加,"Draws a magic circle on the ground, summoning self-exploding . Their explosion can inflict .",en-US
午夜★不眠,Midnight ★ Terror,en-US
寝ない子だ～れだ★,Midnight ★ Terror,en-US
자정★불면,Midnight ★ Terror,en-US
战术连式,Tactical Combo,en-US
エレガントチェイン,Tactical Combo,en-US
전술 콤보,Tactical Combo,en-US
戰術連招,Tactical Combo,en-US
艾莉诺闪避,Eleanor's Dodge,en-US
*****,Eleanor's Dodge,en-US
엘레노어 회피,Eleanor's Dodge,en-US
埃莉諾閃避,Eleanor's Dodge,en-US
哨卫展开,Sentry Deployment,en-US
フローラルガード,Sentry Deployment,en-US
파수꾼 전개,Sentry Deployment,en-US
哨衛展開,Sentry Deployment,en-US
武装强袭,Armed Assault,en-US
フリーダムペイント,Armed Assault,en-US
무장 습격,Armed Assault,en-US
武裝強襲,Armed Assault,en-US
*****,Auto Attack,en-US
*****,Spawn Scene,en-US
火力覆盖,Firestorm,en-US
ロケットパーティー,Firestorm,en-US
화력 지배,Firestorm,en-US
火力覆蓋,Firestorm,en-US
艾莉诺疾跑,Eleanor's Dash,en-US
*****,Eleanor's Dash,en-US
엘레노어 빠른 발놀림,Eleanor's Dash,en-US
埃莉諾疾跑,Eleanor's Dash,en-US
柔光兔兔弹,Neo Bunny Blast,en-US
ラビットバレット,Neo Bunny Blast,en-US
무나 토끼탄,Neo Bunny Blast,en-US
柔光兔兔彈,Neo Bunny Blast,en-US
临时数据,!PENDING!,en-US
*****,!PENDING!,en-US
더미13,!PENDING!,en-US
!NONEED!,!PENDING!,en-US
兔兔全域火力压制,All-Out Bunny Barrage,en-US
ラボラビフルバースト,All-Out Bunny Barrage,en-US
토끼 화력 제압,All-Out Bunny Barrage,en-US
兔兔全域火力壓制,All-Out Bunny Barrage,en-US
龙飞凤舞,Mystic Brushstrokes,en-US
縦横無尽,Mystic Brushstrokes,en-US
용과 봉황,Mystic Brushstrokes,en-US
龍飛鳳舞,Mystic Brushstrokes,en-US
赤焰除妖,Purifying Flames,en-US
防魔の焔,Purifying Flames,en-US
붉은 화염,Purifying Flames,en-US
符启·赤龙,Awakening: Crimson Dragon,en-US
護符・赤龍,Awakening: Crimson Dragon,en-US
부적·붉은 용,Awakening: Crimson Dragon,en-US
符啟·赤龍,Awakening: Crimson Dragon,en-US
火焔突き,Eruption Punch,en-US
龙腾九天,Dragon's Ascension,en-US
巨龍昇天,Dragon's Ascension,en-US
용호의 구천,Dragon's Ascension,en-US
龍騰九天,Dragon's Ascension,en-US
深渊之触,Abyssal Swipe,en-US
アビスキル,Abyssal Swipe,en-US
심연의 손길,Abyssal Swipe,en-US
深淵之觸,Abyssal Swipe,en-US
幽冥连击,Nocturn Hooks,en-US
ダークインフェルノ,Nocturn Hooks,en-US
어둠의 연타,Nocturn Hooks,en-US
幽冥連擊,Nocturn Hooks,en-US
深渊猎爪,Abyssal Hunter,en-US
アビスクロー,Abyssal Hunter,en-US
심연의 발,Abyssal Hunter,en-US
深淵獵爪,Abyssal Hunter,en-US
黯灭终焉,Dark Apocalypse,en-US
グルームエクリプス,Dark Apocalypse,en-US
검은 소멸의 종말,Dark Apocalypse,en-US
黯滅終焉,Dark Apocalypse,en-US
飞花落叶,Swish and Fire,en-US
バヨネットアサルト,Swish and Fire,en-US
흩날리는 바람잎,Swish and Fire,en-US
飛花落葉,Swish and Fire,en-US
风影闪避,Wraith Dodge,en-US
回避,Wraith Dodge,en-US
레이스 회피,Wraith Dodge,en-US
風影閃避,Wraith Dodge,en-US
瞬影千刃,Thousand Shade Dance,en-US
ブレードストーム,Thousand Shade Dance,en-US
천 개의 칼날,Thousand Shade Dance,en-US
风影疾跑,Wraith Sprint,en-US
疾走,Wraith Sprint,en-US
레이스 빠른 발놀림,Wraith Sprint,en-US
風影疾跑,Wraith Sprint,en-US
空流,Aeroflow,en-US
漣,Aeroflow,en-US
공류,Aeroflow,en-US
残影技能,Shadow Skill,en-US
残影スキル,Shadow Skill,en-US
잔영 스킬,Shadow Skill,en-US
殘影技能,Shadow Skill,en-US
龍薙閃,Torrent Flash,en-US
惊涛奈落,Waves of Naraka,en-US
龍薙閃・蛟噛,Waves of Naraka,en-US
파도의 심연,Waves of Naraka,en-US
驚濤奈落,Waves of Naraka,en-US
棘行,Thorn Path,en-US
棘,Thorn Path,en-US
가시밭길 여정,Thorn Path,en-US
[临时占位]闪避,!NONEED!,en-US
*****,!NONEED!,en-US
더미332,!NONEED!,en-US
闪避[不需要翻译],!NONEED!,en-US
회피 「번역 불필요」,!NONEED!,en-US
夜昙,Nightbloom,en-US
夜雲,Nightbloom,en-US
밤에 피는 꽃,Nightbloom,en-US
夜曇,Nightbloom,en-US
破刃,Shattered Edge,en-US
부서진 검날,Shattered Edge,en-US
空华,Void Blossom,en-US
空華,Void Blossom,en-US
허공의 꽃,Void Blossom,en-US
[临时占位]疾跑,!NONEED!,en-US
더미341,!NONEED!,en-US
疾跑[不需要翻译],!NONEED!,en-US
빠른 발놀림 「번역 불필요」,!NONEED!,en-US
独奏快闪,Solo Flash,en-US
ダイナミックノーツ,Solo Flash,en-US
솔로 플래시,Solo Flash,en-US
獨奏快閃,Solo Flash,en-US
合奏舞台,Co-Performance,en-US
ノリノリセッション,Co-Performance,en-US
합주 무대,Co-Performance,en-US
出生下砸,Spawn Smashdown,en-US
【No Need】,Spawn Smashdown,en-US
등장 강타,Spawn Smashdown,en-US
音波攻击,Sonic Wave,en-US
【No Need】,Sonic Wave,en-US
음파 공격,Sonic Wave,en-US
音波攻擊,Sonic Wave,en-US
魔音振翅,Melodic Sweep,en-US
ファントムノーツ,Melodic Sweep,en-US
마력의 울림,Melodic Sweep,en-US
律动堕天使,Melodic Seraphim,en-US
堕天使降臨,Melodic Seraphim,en-US
리듬의 타락천사,Melodic Seraphim,en-US
律動墮天使,Melodic Seraphim,en-US
死亡尖吻,Kiss of Death,en-US
死告：円匙の接吻,Kiss of Death,en-US
데스 팽,Kiss of Death,en-US
天恩·恶兆神罚,Divine: Retribution of Evil,en-US
代行：禍つ恩恵の断罪,Divine: Retribution of Evil,en-US
천은·불길한 신의 형벌,Divine: Retribution of Evil,en-US
天恩·惡兆神罰,Divine: Retribution of Evil,en-US
雷霆枪舞,Stormpiercer Dance,en-US
霹靂槍雷,Stormpiercer Dance,en-US
뇌정의 창무,Stormpiercer Dance,en-US
雷霆槍舞,Stormpiercer Dance,en-US
震雷刺击,Thunderflare Strike,en-US
オプティックレイ,Thunderflare Strike,en-US
천둥 스파이크,Thunderflare Strike,en-US
震雷刺擊,Thunderflare Strike,en-US
天雷地涌,Divine Thunderquake,en-US
ライトニングピラー,Divine Thunderquake,en-US
대지의 솟음,Divine Thunderquake,en-US
天雷地湧,Divine Thunderquake,en-US
疾雷落枪,Thunderfall Thrust,en-US
ライトニングボルツ,Thunderfall Thrust,en-US
번개창의 강림,Thunderfall Thrust,en-US
疾雷落槍,Thunderfall Thrust,en-US
双月之帆,Sail of Twin Moons,en-US
ツインラビッツ,Sail of Twin Moons,en-US
쌍월의 돛,Sail of Twin Moons,en-US
雙月之帆,Sail of Twin Moons,en-US
出生,Birth,en-US
*****,Birth,en-US
출생,Birth,en-US
死亡,Death,en-US
*****,Death,en-US
사망,Death,en-US
逐浪飞旋,Whirling Waves,en-US
マリンハンティング,Whirling Waves,en-US
폭풍 소용돌이,Whirling Waves,en-US
逐浪飛旋,Whirling Waves,en-US
技能,Skills,en-US
スキル,Skills,en-US
스킬,Skills,en-US
慵懒连击,Laid-back Shots,en-US
テキトーな攻撃,Laid-back Shots,en-US
느긋한 연타,Laid-back Shots,en-US
慵懶連擊,Laid-back Shots,en-US
布偶乱步,Plushie Dance,en-US
みんな頼んだ！,Plushie Dance,en-US
인형 스텝,Plushie Dance,en-US
布偶亂步,Plushie Dance,en-US
自爆企鹅-出生,Self-exploding Penguin: Spawn,en-US
自爆ペンギン-誕生,Self-exploding Penguin: Spawn,en-US
자폭 펭귄-출생,Self-exploding Penguin: Spawn,en-US
自爆企鵝-出生,Self-exploding Penguin: Spawn,en-US
自爆企鹅-移动,Self-exploding Penguin: Move,en-US
自爆ペンギン-移動,Self-exploding Penguin: Move,en-US
자폭 펭귄-이동,Self-exploding Penguin: Move,en-US
自爆企鵝-移動,Self-exploding Penguin: Move,en-US
自爆企鹅-死亡,Self-exploding Penguin: Death,en-US
自爆ペンギン-死亡,Self-exploding Penguin: Death,en-US
자폭 펭귄-사망,Self-exploding Penguin: Death,en-US
自爆企鵝-死亡,Self-exploding Penguin: Death,en-US
潜能4/旋风射击换弹,Potential 4/Whirlwind Shot Reload,en-US
素質4/旋風射撃リロード,Potential 4/Whirlwind Shot Reload,en-US
잠재력4 / 회오리 사격 재장전,Potential 4/Whirlwind Shot Reload,en-US
潛能4/旋風射擊換彈,Potential 4/Whirlwind Shot Reload,en-US
缤果奇缘,Bingo Crush,en-US
なにがでるかな？,Bingo Crush,en-US
과일 모험,Bingo Crush,en-US
繽果奇緣,Bingo Crush,en-US
支援-抽奖,Support: Raffle,en-US
支援-抽選,Support: Raffle,en-US
서포터-추첨,Support: Raffle,en-US
支援-抽獎,Support: Raffle,en-US
支援-爱心箭矢,Support: Heart Arrow,en-US
支援-ハートアロー,Support: Heart Arrow,en-US
서포터-하트 애로우,Support: Heart Arrow,en-US
支援-愛心箭矢,Support: Heart Arrow,en-US
支援-企鹅雕像,Support: Penguin Statue,en-US
支援-ペンギン像,Support: Penguin Statue,en-US
서포터-펭귄 조각상,Support: Penguin Statue,en-US
支援-企鵝雕像,Support: Penguin Statue,en-US
支援-扫射-爱心,Support: Barrage: Heart,en-US
支援-掃射-ハート,Support: Barrage: Heart,en-US
서포터-난사-하트,Support: Barrage: Heart,en-US
支援-掃射-愛心,Support: Barrage: Heart,en-US
支援-扫射-企鹅,Support: Barrage: Penguin,en-US
支援-掃射-ペンギン,Support: Barrage: Penguin,en-US
서포터-난사-펭귄,Support: Barrage: Penguin,en-US
支援-掃射-企鵝,Support: Barrage: Penguin,en-US
星梦大回旋,Dream Spiral,en-US
カートスピンアタック,Dream Spiral,en-US
별의 꿈결 회오리,Dream Spiral,en-US
星夢大迴旋,Dream Spiral,en-US
渔狩追猎,Fisher's Hunt,en-US
怒涛の追撃,Fisher's Hunt,en-US
항해자의 추적,Fisher's Hunt,en-US
漁狩追獵,Fisher's Hunt,en-US
特殊狩猎普攻,Special Hunt Auto Attack,en-US
*****,Special Hunt Auto Attack,en-US
특수 수렵 일반 공격,Special Hunt Auto Attack,en-US
特殊狩獵普攻,Special Hunt Auto Attack,en-US
*****,Evasion,en-US
愿者上钩,Bait and Catch,en-US
入れ食いタイム,Bait and Catch,en-US
미끼에 걸린 자,Bait and Catch,en-US
願者上鉤,Bait and Catch,en-US
怒海翻腾,Raging Sea,en-US
レイジングタイド,Raging Sea,en-US
광폭한 바다의 파도,Raging Sea,en-US
怒海翻騰,Raging Sea,en-US
狂鲨强袭,Shark Assault,en-US
シャークパニッシュ,Shark Assault,en-US
분노한 상어의 습격,Shark Assault,en-US
狂鯊強襲,Shark Assault,en-US
雪愿勇士,Snowish Warrior,en-US
おもちゃの突撃,Snowish Warrior,en-US
크리스마스 용사,Snowish Warrior,en-US
雪願勇士,Snowish Warrior,en-US
临时文本,!NONEED!,en-US
더미344,!NONEED!,en-US
应鞭而动,Whip Assault,en-US
ウィップコマンド,Whip Assault,en-US
채찍의 인도,Whip Assault,en-US
應鞭而動,Whip Assault,en-US
先礼后兵,Courtesy Before Aggression,en-US
プレゼントキャノン,Courtesy Before Aggression,en-US
최후의 수단,Courtesy Before Aggression,en-US
先禮後兵,Courtesy Before Aggression,en-US
糖果齐射,Candy Barrage,en-US
キャンディ乱射,Candy Barrage,en-US
사탕 일제 사격,Candy Barrage,en-US
糖果齊射,Candy Barrage,en-US
甜梦欢舞,Sweet Dream Waltz,en-US
クリスマスドリーム,Sweet Dream Waltz,en-US
달콤한 꿈의 춤,Sweet Dream Waltz,en-US
甜夢歡舞,Sweet Dream Waltz,en-US
*****,Dodge and Charge,en-US
岁岁平安针,Evergreen Needles,en-US
インジェクションギフト,Evergreen Needles,en-US
평안의 주사 바늘,Evergreen Needles,en-US
歲歲平安針,Evergreen Needles,en-US
玉石生春,Jade of Vitality,en-US
シュタイントリック,Jade of Vitality,en-US
옥 위에 핀 봄,Jade of Vitality,en-US
落地开花,Instant Blossom,en-US
ローゼンレツェプト,Instant Blossom,en-US
대지의 개화,Instant Blossom,en-US
落地開花,Instant Blossom,en-US
迎春·礼花齐放,Springseek: Burst of Blaze,en-US
リーベフラグメント,Springseek: Burst of Blaze,en-US
봄맞이·불꽃의 향연,Springseek: Burst of Blaze,en-US
迎春·禮花齊放,Springseek: Burst of Blaze,en-US
临时数据,!NONEED!,en-US
더미13,!NONEED!,en-US
琉璃泡泡蛙,Luminous Leaper,en-US
瑠璃色バブルフロッグ,Luminous Leaper,en-US
유리 버블 개구리,Luminous Leaper,en-US
海上嬉闹,Frolic in the Sea,en-US
海上の戯れ,Frolic in the Sea,en-US
바다 위 물놀이,Frolic in the Sea,en-US
海上嬉鬧,Frolic in the Sea,en-US
沙滩警告,Beach Warning,en-US
砂浜からの警告,Beach Warning,en-US
모래사장의 경고,Beach Warning,en-US
沙灘警告,Beach Warning,en-US
闲置技能,Idle Skill,en-US
放置スキル,Idle Skill,en-US
유휴 스킬,Idle Skill,en-US
閒置技能,Idle Skill,en-US
钉刺攻击,Spike Attack,en-US
釘刺し攻撃,Spike Attack,en-US
송곳 찌르기,Spike Attack,en-US
釘刺攻擊,Spike Attack,en-US
爆炸,Explode,en-US
爆発,Explode,en-US
폭파,Explode,en-US
弓箭射击,Arrow Shot,en-US
アロー射撃,Arrow Shot,en-US
보우 사격,Arrow Shot,en-US
弓箭射擊,Arrow Shot,en-US
塔炉-射线,Tower Forge: Beam,en-US
塔炉-射線,Tower Forge: Beam,en-US
탑의 화로-레이저 빔,Tower Forge: Beam,en-US
塔爐-射線,Tower Forge: Beam,en-US
塔炉-闲逛,Tower Forge: Roam,en-US
塔炉-遊歩,Tower Forge: Roam,en-US
탑의 화로-산책,Tower Forge: Roam,en-US
塔爐-閒逛,Tower Forge: Roam,en-US
半自动扳机,Semi-Auto Trigger,en-US
バレットトリガー,Semi-Auto Trigger,en-US
반자동 방아쇠,Semi-Auto Trigger,en-US
半自動扳機,Semi-Auto Trigger,en-US
鬼灭射线,Slayer Beam,en-US
パイロディザスター,Slayer Beam,en-US
멸망의 레이저,Slayer Beam,en-US
鬼滅射線,Slayer Beam,en-US
致命增幅,Lethal Boost,en-US
ヒートアップ,Lethal Boost,en-US
치명적인 증폭,Lethal Boost,en-US
自由自在,Mystic Brushstrokes,en-US
1_2移动,!NONEED!,en-US
1_2 이동,!NONEED!,en-US
1_3移动攻击,!NONEED!,en-US
1_3 이동 공격,!NONEED!,en-US
1_4十字刀移动攻击,!NONEED!,en-US
1_4 크로스소드 이동 공격,!NONEED!,en-US
1_4小法移动攻击,!NONEED!,en-US
1_4 마법 이동 공격,!NONEED!,en-US
1_6小法移动攻击,!NONEED!,en-US
1_6 마법 이동 공격,!NONEED!,en-US
1_7小法移动攻击,!NONEED!,en-US
1_7 마법 이동 공격,!NONEED!,en-US
1_7十字刀移动攻击,!NONEED!,en-US
1_7 크로스소드 이동 공격,!NONEED!,en-US
Boss出生显血,!NONEED!,en-US
보스 등장 시 HP 표기,!NONEED!,en-US
1_8瞬移怪攻击1,!NONEED!,en-US
1_8 순간이동 몬스터 공격1,!NONEED!,en-US
1_8瞬移怪攻击2,!NONEED!,en-US
1_8 순간이동 몬스터 공격2,!NONEED!,en-US
1_8瞬移怪攻击3,!NONEED!,en-US
1_8 순간이동 몬스터 공격3,!NONEED!,en-US
2_2怪物左右移动,!NONEED!,en-US
더미0326,!NONEED!,en-US
2_2怪物上下移动,!NONEED!,en-US
2_3风灵移动攻击,!NONEED!,en-US
2_4风灵移动攻击,!NONEED!,en-US
2_5风灵移动攻击,!NONEED!,en-US
2_5怪物左右移动,!NONEED!,en-US
2_5怪物上下移动,!NONEED!,en-US
2_6风灵移动攻击,!NONEED!,en-US
2_6怪物左右移动,!NONEED!,en-US
2_6怪物上下移动,!NONEED!,en-US
2_7风灵移动攻击,!NONEED!,en-US
2_7怪物左右移动,!NONEED!,en-US
2_7怪物上下移动,!NONEED!,en-US
2_8瞬移怪出生显血,!NONEED!,en-US
2_8瞬移怪攻击1,!NONEED!,en-US
2_8瞬移怪攻击2,!NONEED!,en-US
2_8瞬移怪攻击3,!NONEED!,en-US
三期十字刀移动通用,Generic Phase 3 Cross Blade Movement,en-US
*****,Generic Phase 3 Cross Blade Movement,en-US
3차 크로스소드 이동 공용,Generic Phase 3 Cross Blade Movement,en-US
三期十字刀移動通用,Generic Phase 3 Cross Blade Movement,en-US
三期弹珠投手通用,Generic Phase 3 Marble Shooter,en-US
*****,Generic Phase 3 Marble Shooter,en-US
3차 탄환 투척 공용,Generic Phase 3 Marble Shooter,en-US
三期彈珠投手通用,Generic Phase 3 Marble Shooter,en-US
三期Boss攻击,Phase 3 Boss Attack,en-US
*****,Phase 3 Boss Attack,en-US
3차 보스 공격,Phase 3 Boss Attack,en-US
三期BOSS攻擊,Phase 3 Boss Attack,en-US
三期Boss移动,Phase 3 Boss Movement,en-US
*****,Phase 3 Boss Movement,en-US
3차 보스 이동,Phase 3 Boss Movement,en-US
三期BOSS移動,Phase 3 Boss Movement,en-US
向前方发射光束炮 琥珀释放技能后弹珠会变成火球,Shoots a beam forward. The marble transforms into a fireball after Amber casts her Skill.,en-US
前方に光線を発射し、ダメージを与える。 スキル発動後、ボールに炎が付与される。,Shoots a beam forward. The marble transforms into a fireball after Amber casts her Skill.,en-US
전방에 빔을 발사한다. 코하쿠가 스킬 시전 후 구슬이 파이어볼이 된다.,Shoots a beam forward. The marble transforms into a fireball after Amber casts her Skill.,en-US
向前方發射光束炮 琥珀施放技能後彈珠會變成火球,Shoots a beam forward. The marble transforms into a fireball after Amber casts her Skill.,en-US
向前方发射冰霜箭 鸢尾拾取道具时会额外获得积分,Shoots a Frost Arrow forward. Iris gets additional points for picking up an item.,en-US
凛霜の大矢を発射し、敵を攻撃する。 アヤメがアイテム獲得時、追加でスコアを獲得できる。,Shoots a Frost Arrow forward. Iris gets additional points for picking up an item.,en-US
전방에 서리 화살을 발사한다. 아야메가 아이템 획득 시 추가 포인트를 획득한다.,Shoots a Frost Arrow forward. Iris gets additional points for picking up an item.,en-US
向前方發射冰霜箭 鳶尾拾取道具時會額外獲得積分,Shoots a Frost Arrow forward. Iris gets additional points for picking up an item.,en-US
高速连续的发射剑气 尘沙能量获取速度加快,Shoots rapid and consecutive Sword Aura. Noya gains Energy more rapidly.,en-US
高速で剣を振り回し、素早く攻撃する。 セイナのエネルギー獲得速度が上昇する。,Shoots rapid and consecutive Sword Aura. Noya gains Energy more rapidly.,en-US
이어지는 검기를 빠르게 발사한다. 세이나의 SP 획득 속도가 증가한다.,Shoots rapid and consecutive Sword Aura. Noya gains Energy more rapidly.,en-US
高速連續地發射劍氣 塵沙能量獲取速度加快,Shoots rapid and consecutive Sword Aura. Noya gains Energy more rapidly.,en-US
星辰射线,Astral Beam,en-US
アストラルレーザー,Astral Beam,en-US
별의 레이저 빔,Astral Beam,en-US
星辰射線,Astral Beam,en-US
打砖块出生,Bricker Breaker Spawn,en-US
ブロック崩し開始,Bricker Breaker Spawn,en-US
더미,Bricker Breaker Spawn,en-US
打磚塊出生,Bricker Breaker Spawn,en-US
打砖块Idle,Bricker Breaker Idle,en-US
ブロック崩しidle,Bricker Breaker Idle,en-US
더미,Bricker Breaker Idle,en-US
放置打磚塊,Bricker Breaker Idle,en-US
瞄准冲锋,Aimed Charge,en-US
照準突撃,Aimed Charge,en-US
조준 돌진,Aimed Charge,en-US
瞄準衝鋒,Aimed Charge,en-US
给自己加护盾,Generates a Shield for self.,en-US
自身にシールドを追加,Generates a Shield for self.,en-US
자신에게 보호막을 추가한다.,Generates a Shield for self.,en-US
為自己加護盾,Generates a Shield for self.,en-US
闲置技能-以玩家为中心,Idle Skill: Self-centered,en-US
放置スキル-主人公メイン,Idle Skill: Self-centered,en-US
유휴 스킬-플레이어 중심,Idle Skill: Self-centered,en-US
閒置技能-以玩家為中心,Idle Skill: Self-centered,en-US
暂未实装,N/A,en-US
*****,N/A,en-US
추가 전,N/A,en-US
尚未實裝,N/A,en-US
该角色会在后续版本中进行实装，敬请期待哟,This Trekker will be available soon. Please stay tuned.,en-US
*****,This Trekker will be available soon. Please stay tuned.,en-US
해당 캐릭터는 이후 버전에 추가될 예정입니다. 많은 기대 바랍니다!,This Trekker will be available soon. Please stay tuned.,en-US
該角色會在後續版本中實裝，敬請期待喔,This Trekker will be available soon. Please stay tuned.,en-US
通用出生测试,Generic Spawn Test,en-US
汎用出場テスト,Generic Spawn Test,en-US
공용 출생 테스트,Generic Spawn Test,en-US
通用出生測試,Generic Spawn Test,en-US
通用死亡测试,Generic Death Test,en-US
汎用死亡テスト,Generic Death Test,en-US
공용 사망 테스트,Generic Death Test,en-US
通用死亡測試,Generic Death Test,en-US
测试关树桩鼠的循环坐地板,Test Stage Shrubshrew Fall Loop,en-US
テストステージ、ウッドモットのサイクル遊び,Test Stage Shrubshrew Fall Loop,en-US
스텀프 마우스의 반복 앉기 테스트,Test Stage Shrubshrew Fall Loop,en-US
測試關樹樁鼠的循環坐地板,Test Stage Shrubshrew Fall Loop,en-US
通用等待,Generic Death,en-US
通常待機,Generic Death,en-US
공용 대기,Generic Death,en-US
"亮血条,脚本时长0.1秒","Display HP Bar, Script Duration 0.1s",en-US
HPが点灯、シナリオ時間0.1秒,"Display HP Bar, Script Duration 0.1s",en-US
"HP 게이지, 스크립트 시간 0.1초","Display HP Bar, Script Duration 0.1s",en-US
亮生命值，腳本時間0.1秒,"Display HP Bar, Script Duration 0.1s",en-US
测试技能,Test Skill,en-US
スキルテスト,Test Skill,en-US
더미372,Test Skill,en-US
測試技能,Test Skill,en-US
跟上节拍,Follow the Rhythm,en-US
ワンツーステップ,Follow the Rhythm,en-US
드랍 더 비트,Follow the Rhythm,en-US
跟上節拍,Follow the Rhythm,en-US
枪林弹雨,Bullet Storm,en-US
バラージュストーム,Bullet Storm,en-US
총알 세례,Bullet Storm,en-US
槍林彈雨,Bullet Storm,en-US
重拳出击,Full Force,en-US
メガロアタック,Full Force,en-US
강력 펀치,Full Force,en-US
重拳出擊,Full Force,en-US
节奏游戏卡带,Rhythm Game Cartridge,en-US
音楽カセット,Rhythm Game Cartridge,en-US
리듬 게임 카트리지,Rhythm Game Cartridge,en-US
節奏遊戲卡帶,Rhythm Game Cartridge,en-US
射击游戏卡带,Shooter Game Cartridge,en-US
弾幕カセット,Shooter Game Cartridge,en-US
슈팅 게임 카트리지,Shooter Game Cartridge,en-US
射擊遊戲卡帶,Shooter Game Cartridge,en-US
格斗游戏卡带,Fighting Game Cartridge,en-US
格闘カセット,Fighting Game Cartridge,en-US
격투 게임 카트리지,Fighting Game Cartridge,en-US
格鬥遊戲卡帶,Fighting Game Cartridge,en-US
强攻之音,Melody of Pummel,en-US
強撃の音符,Melody of Pummel,en-US
강공의 소리,Melody of Pummel,en-US
強攻之音,Melody of Pummel,en-US
幸运之音,Melody of Luck,en-US
幸運の音符,Melody of Luck,en-US
행운의 소리,Melody of Luck,en-US
幸運之音,Melody of Luck,en-US
暴发之音,Melody of Burst,en-US
爆発の音符,Melody of Burst,en-US
폭발의 소리,Melody of Burst,en-US
爆發之音,Melody of Burst,en-US
体力之音,Melody of Stamina,en-US
体力の音符,Melody of Stamina,en-US
체력의 소리,Melody of Stamina,en-US
體力之音,Melody of Stamina,en-US
专注之音,Melody of Focus,en-US
集中の音符,Melody of Focus,en-US
집중의 소리,Melody of Focus,en-US
專注之音,Melody of Focus,en-US
技巧之音,Melody of Skill,en-US
器用の音符,Melody of Skill,en-US
기술의 소리,Melody of Skill,en-US
绝招之音,Melody of Ultimate,en-US
必殺の音符,Melody of Ultimate,en-US
필살기의 소리,Melody of Ultimate,en-US
絕招之音,Melody of Ultimate,en-US
水之音,Melody of Aqua,en-US
水の音符,Melody of Aqua,en-US
물의 소리,Melody of Aqua,en-US
火之音,Melody of Ignis,en-US
火の音符,Melody of Ignis,en-US
불의 소리,Melody of Ignis,en-US
风之音,Melody of Ventus,en-US
風の音符,Melody of Ventus,en-US
바람의 소리,Melody of Ventus,en-US
風之音,Melody of Ventus,en-US
地之音,Melody of Terra,en-US
地の音符,Melody of Terra,en-US
땅의 소리,Melody of Terra,en-US
光之音,Melody of Lux,en-US
光の音符,Melody of Lux,en-US
빛의 소리,Melody of Lux,en-US
暗之音,Melody of Umbra,en-US
闇の音符,Melody of Umbra,en-US
어둠의 소리,Melody of Umbra,en-US
